frame,label,phenotype,z,y,x
0,1,WT,3.0,18.26086956521739,220.0
0,2,WT,3.5736434108527133,26.71059431524548,201.18346253229973
0,3,WT,4.010504201680672,31.88235294117647,231.8424369747899
0,4,WT,3.0,32.072463768115945,185.6086956521739
0,5,WT,4.562571756601607,47.77956371986223,132.79334098737084
0,6,WT,3.9766949152542375,53.46610169491525,170.08686440677965
0,7,WT,3.0,60.72,122.992
0,8,WT,3.0,64.93719806763285,105.61352657004832
0,9,CRC,3.7020785219399537,69.35334872979215,62.77829099307159
0,10,WT,3.3692307692307693,67.22307692307692,162.7423076923077
0,11,WT,3.0,73.5040650406504,118.4308943089431
0,12,WT,4.338196286472148,73.64058355437666,140.4840848806366
0,13,WT,5.125802310654685,80.81129653401797,172.0757381258023
0,14,WT,3.0,87.53293413173652,119.58083832335328
0,15,WT,3.9255014326647566,86.46131805157593,149.95988538681948
0,16,CRC,3.541147132169576,91.45885286783044,79.94014962593516
0,17,WT,3.827848101265823,89.01012658227847,133.08860759493672
0,18,CRC,4.853968253968254,96.77222222222224,46.90555555555556
0,19,CRC,3.0,98.76744186046513,173.53488372093022
0,20,WT,4.009310986964619,105.66666666666669,132.66480446927375
0,21,WT,3.972803347280335,105.0836820083682,102.30125523012552
0,22,CRC,4.0,115.96627565982403,20.05865102639296
0,23,WT,4.148453608247423,119.96907216494846,85.84536082474227
0,24,WT,3.94921875,126.162109375,107.80078125
0,25,CRC,3.717573221757322,126.61924686192468,51.22384937238494
0,26,CRC,4.192743764172335,137.58843537414967,164.4512471655329
0,27,WT,3.956738768718802,127.71214642262896,140.59234608985025
0,28,WT,3.8028169014084505,136.716744913928,69.16744913928012
0,29,WT,3.9337641357027455,142.38126009693053,97.21486268174476
0,30,CRC,3.960548885077187,145.442538593482,27.97598627787307
0,31,WT,3.826175869120654,149.38650306748465,143.33333333333334
0,32,CRC,3.851919561243145,158.09140767824496,79.12431444241317
0,33,CRC,3.808873720136519,163.22866894197952,59.822525597269625
0,34,CRC,3.568452380952381,166.5,152.41369047619048
0,35,CRC,3.0,177.36129032258066,88.21935483870968
0,36,CRC,5.056827820186599,186.6437659033079,138.0398642917727
0,37,CRC,3.7448275862068967,187.5241379310345,44.14827586206896
0,38,WT,4.5984251968503935,20.08858267716536,209.50590551181105
0,39,WT,4.463203463203463,34.33549783549783,180.86796536796533
0,40,WT,5.306525037936267,39.20940819423369,214.24279210925644
0,41,WT,4.552023121387284,55.93352601156069,104.29479768786128
0,42,WT,4.362359550561798,62.41573033707865,116.65449438202248
0,43,WT,4.0,55.98039215686274,147.11764705882354
0,44,WT,5.408914728682171,56.52131782945737,182.68023255813952
0,45,WT,4.4416961130742045,70.41696113074205,98.67844522968198
0,46,WT,4.521472392638037,73.0398773006135,158.28220858895705
0,47,WT,7.173970783532536,73.78618857901726,71.29681274900399
0,48,WT,4.450184501845018,81.24723247232473,115.04428044280442
0,49,CRC,4.414698162729659,95.6981627296588,64.51443569553805
0,50,WT,4.5,92.0530303030303,112.68560606060606
0,51,WT,4.330434782608696,99.72173913043478,83.18260869565218
0,52,WT,4.539568345323741,99.41247002398082,171.56594724220622
0,53,WT,4.5785536159601,107.35910224438902,154.5436408977556
0,54,CRC,4.0,106.7596153846154,69.41346153846153
0,55,CRC,4.0,120.53333333333332,29.925
0,56,WT,5.3424,131.512,163.5184
0,57,CRC,4.0,182.926952141058,79.90680100755668
0,58,WT,5.991683991683992,21.353430353430355,174.7941787941788
0,59,WT,8.043933054393305,34.96129707112971,164.2594142259414
0,60,WT,6.241860465116279,43.5093023255814,110.17906976744186
0,61,WT,5.0,43.38317757009346,174.11214953271028
0,62,WT,5.923728813559322,51.96822033898305,138.79237288135593
0,63,WT,6.872262773722627,54.57907542579076,200.72262773722628
0,64,WT,6.517307692307693,63.325,83.88653846153846
0,65,WT,5.0,69.22727272727273,114.54545454545456
0,66,WT,5.0,74.96273291925466,189.5031055900621
0,67,WT,5.4416058394160585,118.78467153284672,164.44890510948906
0,68,CRC,5.35632183908046,124.7183908045977,23.24712643678161
0,69,CRC,5.0,162.4516129032258,34.55483870967742
0,70,WT,5.0,180.8395061728395,75.67901234567901
0,71,CRC,5.0,191.74444444444444,78.00555555555556
0,72,WT,7.336012861736334,37.045016077170416,122.07717041800645
0,73,WT,7.213450292397661,45.24561403508772,197.17543859649123
0,74,WT,6.0,47.23529411764706,182.68235294117648
0,75,WT,6.0,52.138888888888886,109.08333333333331
0,76,WT,8.977289377289377,55.40219780219781,94.42197802197802
0,77,WT,6.364285714285714,70.31071428571428,152.025
0,78,WT,8.470175438596492,81.48859649122807,184.09649122807016
0,79,CRC,6.0,112.16666666666669,19.404761904761905
0,80,CRC,7.127139364303178,165.95354523227385,161.68948655256725
0,81,CRC,7.41866028708134,177.3684210526316,36.9688995215311
0,82,CRC,6.0,191.82394366197184,59.40845070422535
0,83,WT,7.491379310344827,25.49712643678161,161.617816091954
0,84,WT,8.671091445427729,32.7787610619469,139.53244837758112
0,85,WT,7.0,29.80821917808219,178.23287671232876
0,86,WT,7.0,37.74316939890711,150.9016393442623
0,87,WT,7.485639686684073,58.02872062663185,166.84595300261097
0,88,WT,9.321011673151752,59.69260700389105,190.65175097276264
0,89,WT,8.069333333333333,83.96266666666666,58.397333333333336
0,90,WT,7.833333333333333,101.10905349794238,185.59670781893004
0,91,WT,9.28169014084507,113.1830985915493,179.97496087636932
0,92,WT,8.0,32.703125,193.40625
0,93,WT,8.366379310344827,86.85344827586206,194.97413793103448
0,94,WT,8.379084967320262,92.0326797385621,184.86274509803923
0,95,CRC,9.26065162907268,125.9498746867168,27.646616541353385
0,96,WT,9.901081916537867,130.4111282843895,171.95826893353942
0,97,CRC,8.828231292517007,152.25,165.66666666666666
0,98,CRC,8.992537313432836,201.75621890547265,111.32338308457712
0,99,WT,10.152808988764043,92.76404494382022,190.15505617977527
0,100,WT,10.31317494600432,100.95896328293736,60.24406047516199
0,101,CRC,10.0,152.0249433106576,33.47845804988662
0,102,CRC,9.896755162241888,180.50737463126845,130.87020648967552
0,103,WT,10.0,52.42528735632184,163.90804597701148
0,104,WT,10.0,72.175,184.05
0,105,CRC,10.464419475655433,191.3932584269663,108.45318352059924
0,106,WT,11.0,47.67428571428572,156.58285714285714
0,107,WT,11.430604982206406,48.50177935943061,135.5693950177936
0,108,WT,11.484320557491287,66.35191637630662,115.74564459930312
0,109,WT,11.0,74.37391304347825,94.16521739130437
0,110,WT,11.798192771084338,84.71385542168674,93.86144578313252
0,111,WT,11.0,94.34722222222224,69.58333333333333
0,112,WT,11.0,96.96808510638296,170.98936170212767
0,113,WT,11.0,101.75,81.05
0,114,WT,11.515837104072398,114.88235294117646,62.02262443438914
0,115,WT,11.813333333333333,116.67666666666666,161.34
0,116,CRC,12.137795275590552,148.61811023622047,50.976377952755904
0,117,CRC,11.57843137254902,166.50653594771242,134.98366013071896
0,118,CRC,12.195298372513562,170.9475587703436,68.36166365280289
0,119,CRC,11.48616600790514,176.7312252964427,115.51778656126484
0,120,CRC,11.549689440993788,182.61180124223603,100.18944099378882
0,121,WT,12.0,63.88235294117647,156.73529411764707
0,122,WT,12.950953678474114,78.95912806539509,121.22615803814712
0,123,WT,12.957494407158835,79.31096196868009,133.64653243847874
0,124,WT,12.430232558139537,83.93798449612403,155.30232558139534
0,125,WT,12.0,87.11926605504587,114.10091743119266
0,126,WT,12.0,91.87826086956522,84.50434782608696
0,127,WT,13.31828978622328,96.27315914489311,97.84560570071258
0,128,WT,13.005194805194805,101.34545454545454,147.7974025974026
0,129,WT,12.666666666666666,104.73593073593074,77.28571428571429
0,130,WT,12.956719817767654,108.96583143507972,127.4259681093394
0,131,WT,13.512287334593571,113.5406427221172,140.31947069943288
0,132,CRC,13.53343701399689,115.45723172628306,93.00933125972006
0,133,CRC,12.571428571428571,118.68571428571428,68.96785714285714
0,134,CRC,13.36723163841808,124.23540489642184,108.30131826741996
0,135,WT,12.813455657492357,124.2691131498471,149.03363914373088
0,136,CRC,13.033268101761252,153.1409001956947,141.71428571428572
0,137,CRC,13.518796992481205,151.47067669172932,110.8872180451128
0,138,CRC,12.49802371541502,168.1699604743083,103.75494071146244
0,139,WT,13.532338308457712,87.93532338308458,107.98009950248756
0,140,CRC,14.031400966183575,135.97101449275362,134.02173913043478
0,141,CRC,13.549853372434018,141.54692082111438,74.95014662756599
0,142,CRC,14.43231441048035,98.4410480349345,116.79039301310044
0,143,CRC,14.0,110.08695652173913,186.6086956521739
0,144,CRC,14.629166666666666,120.7125,118.42083333333332
0,145,WT,14.0,120.45714285714286,71.2
0,146,WT,14.0,124.93396226415096,142.0943396226415
0,147,CRC,14.594086021505376,136.3252688172043,114.46774193548389
0,148,CRC,15.0,124.10135135135135,102.3445945945946
10,1,WT,3.835845896147404,91.95644891122278,210.3417085427136
10,2,CRC,3.9659284497444633,95.19591141396934,186.09880749574103
10,3,CRC,3.0,104.44642857142856,166.76785714285714
10,4,WT,4.073059360730594,104.62785388127854,246.1255707762557
10,5,WT,3.864097363083164,109.02434077079108,193.3995943204868
10,6,WT,3.86115992970123,109.298769771529,228.5694200351494
10,7,CRC,4.0,117.95555555555556,149.45
10,8,WT,3.89405684754522,120.7467700258398,241.7829457364341
10,9,WT,4.251453488372093,123.5843023255814,254.86627906976744
10,10,WT,3.816326530612245,125.33786848072562,177.29931972789117
10,11,WT,4.170588235294118,122.92647058823528,275.1735294117647
10,12,WT,3.785557986870897,130.26258205689277,229.4682713347921
10,13,WT,3.824561403508772,137.3734335839599,266.70426065162906
10,14,WT,3.95852534562212,141.08294930875576,175.26497695852535
10,15,WT,3.0,139.41732283464566,194.26771653543307
10,16,CRC,3.9070945945945934,145.4375,154.6841216216216
10,17,WT,4.026748971193416,144.34156378600824,279.7942386831276
10,18,WT,3.688636363636364,147.61818181818182,243.68636363636364
10,19,WT,4.018148820326679,147.2141560798548,202.0090744101633
10,20,WT,3.971764705882353,148.25882352941176,229.52
10,21,WT,4.1547344110854505,147.81986143187066,300.2217090069284
10,22,WT,4.116129032258065,153.9806451612903,254.4795698924731
10,23,WT,4.1454545454545455,156.88484848484848,176.5969696969697
10,24,WT,3.0,157.23595505617976,220.95505617977528
10,25,WT,4.120987654320988,158.8740740740741,284.8716049382716
10,26,WT,3.0,162.0241935483871,164.24193548387098
10,27,CRC,4.001760563380282,162.6161971830986,321.318661971831
10,28,WT,3.0,171.1535433070866,208.3976377952756
10,29,WT,3.8351648351648353,166.36043956043957,235.68571428571428
10,30,WT,4.14935064935065,171.61688311688312,185.6861471861472
10,31,WT,3.7857142857142856,183.17142857142852,270.29795918367347
10,32,CRC,3.589958158995816,172.46443514644352,302.26778242677824
10,33,WT,3.890134529147982,182.0493273542601,160.41479820627802
10,34,WT,4.025706940874036,182.91002570694087,282.2262210796915
10,35,CRC,3.931153184165233,190.2960413080895,330.9586919104991
10,36,WT,3.0,182.56896551724137,257.1896551724138
10,37,WT,3.761083743842364,188.6206896551724,236.85960591133005
10,38,WT,3.0,191.82978723404256,195.709219858156
10,39,WT,3.9791183294663575,190.84222737819024,175.8955916473318
10,40,WT,3.0,196.6769230769231,252.47692307692307
10,41,WT,4.007712082262211,196.84061696658097,206.5398457583548
10,42,WT,3.0,200.512,224.272
10,43,WT,4.021176470588236,205.25882352941176,178.2729411764706
10,44,WT,3.973890339425588,205.6318537859008,164.26892950391644
10,45,WT,3.9177718832891246,208.6631299734748,200.31034482758625
10,46,WT,3.766066838046272,209.72493573264785,238.6683804627249
10,47,CRC,3.424657534246576,216.72260273972603,143.14383561643837
10,48,WT,3.93050193050193,213.5540540540541,255.3552123552124
10,49,WT,3.0,212.6086956521739,296.71014492753625
10,50,CRC,3.0,213.6170212765957,324.01063829787233
10,51,WT,3.0,219.0891089108911,271.6732673267327
10,52,CRC,3.966573816155989,222.8579387186629,340.94150417827296
10,53,WT,3.0,222.5064935064935,165.61688311688312
10,54,WT,4.132352941176471,222.87605042016807,191.87605042016807
10,55,WT,3.895424836601307,226.10239651416123,204.96514161220043
10,56,WT,3.0,220.1551724137931,232.31034482758625
10,57,WT,3.0,225.17894736842103,219.4315789473684
10,58,WT,3.501779359430605,227.9074733096085,312.5516014234876
10,59,CRC,3.0,228.94059405940595,145.8118811881188
10,60,WT,3.0,232.0441176470588,178.50735294117646
10,61,CRC,3.0,232.0247933884297,282.7603305785124
10,62,WT,3.895161290322581,234.43817204301075,266.3360215053763
10,63,WT,3.48062015503876,233.9883720930233,303.4767441860465
10,64,WT,3.774117647058824,236.3505882352941,248.5105882352941
10,65,WT,3.754253308128544,241.4102079395085,216.0586011342155
10,66,WT,3.862337662337662,240.84935064935064,197.6103896103896
10,67,WT,3.26027397260274,247.2648401826484,144.81278538812785
10,68,CRC,3.9154013015184383,248.2537960954447,243.90238611713667
10,69,CRC,3.0,247.3823529411765,253.18627450980392
10,70,CRC,3.0,251.0967741935484,190.2983870967742
10,71,CRC,4.055555555555555,255.46464646464648,215.6994949494949
10,72,CRC,4.064566929133858,256.7149606299213,324.1543307086614
10,73,WT,4.152671755725191,260.2767175572519,196.6793893129771
10,74,CRC,3.294460641399417,267.44897959183675,276.09620991253644
10,75,CRC,3.946135831381733,266.519906323185,295.1967213114754
10,76,CRC,3.0,267.68674698795184,257.7710843373494
10,77,CRC,3.952380952380953,273.6666666666667,236.4948240165632
10,78,CRC,3.983796296296296,283.7800925925926,217.8078703703704
10,79,WT,4.3297297297297295,94.56216216216217,199.9837837837838
10,80,WT,5.09823677581864,104.28211586901764,207.088161209068
10,81,CRC,4.620817843866171,108.66542750929368,163.38661710037175
10,82,WT,4.549828178694158,108.01030927835052,274.7216494845361
10,83,CRC,4.0,109.6826923076923,169.54807692307693
10,84,CRC,4.0,112.77884615384616,134.32692307692307
10,85,WT,4.621621621621622,116.96911196911196,213.6177606177606
10,86,WT,4.337792642140468,135.28428093645485,191.7859531772575
10,87,CRC,4.410714285714286,132.32142857142858,133.98214285714286
10,88,WT,5.082539682539682,131.0031746031746,300.93333333333334
10,89,WT,4.0,133.14285714285714,290.72527472527474
10,90,WT,4.576666666666667,138.38666666666666,212.9
10,91,WT,4.4485981308411215,138.33177570093457,236.48598130841123
10,92,WT,4.614973262032086,142.28342245989305,257.90909090909093
10,93,CRC,4.670403587443946,152.78923766816143,331.4820627802691
10,94,WT,4.441860465116279,160.8578811369509,155.7312661498708
10,95,WT,4.583969465648855,159.3740458015267,216.77862595419847
10,96,CRC,4.488673139158576,165.4789644012945,126.59870550161811
10,97,WT,4.539285714285715,164.5,201.57857142857145
10,98,WT,4.597014925373134,165.08582089552235,273.8059701492537
10,99,WT,4.57258064516129,171.34677419354838,164.36290322580646
10,100,WT,4.49820788530466,172.74551971326164,264.831541218638
10,101,WT,4.576388888888889,172.27083333333334,244.4305555555556
10,102,WT,4.577419354838709,174.18387096774194,294.4548387096774
10,103,WT,4.494773519163763,178.06968641114983,204.65156794425087
10,104,WT,4.4646464646464645,178.2962962962963,224.77104377104376
10,105,WT,4.604368932038835,182.497572815534,128.53398058252426
10,106,WT,4.54356846473029,182.42738589211612,143.65145228215766
10,107,CRC,4.0,179.56,315.3
10,108,WT,4.551319648093842,186.3782991202346,248.14076246334312
10,109,WT,4.325301204819277,188.7991967871486,190.43373493975903
10,110,CRC,4.523333333333333,185.3933333333333,344.0
10,111,WT,4.0,191.651376146789,307.3302752293578
10,112,WT,4.572992700729927,194.40510948905109,153.0839416058394
10,113,WT,4.646209386281589,196.0902527075812,271.0613718411552
10,114,WT,4.405405405405405,200.08648648648648,245.87567567567567
10,115,WT,4.504424778761062,200.4203539823009,219.0530973451328
10,116,WT,4.5,201.6236559139785,230.9784946236559
10,117,WT,4.407407407407407,200.65608465608463,256.5767195767196
10,118,WT,4.643636363636364,202.8836363636364,307.6
10,119,WT,4.463483146067416,209.0028089887641,138.57584269662922
10,120,CRC,4.62280701754386,209.24561403508773,336.06140350877195
10,121,WT,4.519108280254777,212.8312101910828,271.60828025477707
10,122,WT,4.583333333333333,212.17013888888889,288.50347222222223
10,123,CRC,4.736170212765957,215.45106382978724,320.9659574468085
10,124,WT,4.452127659574468,215.0265957446809,218.5904255319149
10,125,WT,4.451253481894151,223.0306406685237,159.3481894150418
10,126,WT,4.454976303317536,221.12796208530807,265.45497630331755
10,127,WT,4.0,219.80357142857144,289.4375
10,128,WT,4.0,220.92592592592592,319.08641975308643
10,129,WT,4.453608247422681,223.68556701030928,227.55670103092783
10,130,WT,4.543689320388349,224.8009708737864,253.81553398058253
10,131,WT,4.587096774193548,228.51612903225808,173.9
10,132,WT,4.505952380952381,229.5059523809524,238.89880952380952
10,133,WT,4.530612244897959,230.12244897959184,276.66326530612247
10,134,WT,4.4896265560165975,232.7302904564316,215.68464730290447
10,135,WT,4.561461794019934,237.65448504983388,291.6810631229236
10,136,CRC,4.543103448275862,235.896551724138,328.8189655172414
10,137,WT,4.646643109540636,237.1484098939929,155.86572438162543
10,138,CRC,4.447963800904978,241.8597285067873,277.71493212669685
10,139,WT,4.529644268774703,241.92885375494072,178.77075098814228
10,140,WT,4.521951219512195,244.0341463414634,232.15121951219515
10,141,CRC,4.491525423728813,251.6338983050848,301.1322033898305
10,142,CRC,4.0,249.94444444444449,286.5833333333333
10,143,WT,4.479495268138801,252.08832807570977,183.1640378548896
10,144,CRC,4.484251968503937,251.1929133858268,265.40157480314963
10,145,WT,4.602739726027397,255.57305936073053,161.63698630136986
10,146,CRC,4.0,264.319587628866,251.4742268041237
10,147,CRC,5.023300970873787,271.56699029126213,175.63883495145632
10,148,CRC,4.492610837438424,270.86206896551727,263.7192118226601
10,149,CRC,4.5119363395225465,282.56233421750665,199.89389920424404
10,150,CRC,4.0,284.97872340425533,281.5744680851064
10,151,CRC,4.538812785388128,291.7648401826484,265.3196347031964
10,152,CRC,4.0,292.8965517241379,182.496551724138
10,153,CRC,4.445578231292517,297.1156462585034,237.39795918367344
10,154,CRC,4.458904109589041,296.3664383561644,214.7328767123288
10,155,CRC,5.024427480916031,308.40458015267177,252.6946564885496
10,156,CRC,5.851282051282051,68.55384615384615,186.5102564102564
10,157,WT,5.0,75.3529411764706,211.3823529411765
10,158,WT,5.0,81.1015625,196.890625
10,159,CRC,5.0,84.09424083769633,156.58115183246073
10,160,CRC,5.0,84.96296296296296,177.37037037037038
10,161,WT,5.0,85.70833333333333,231.275
10,162,WT,5.0,83.91358024691358,243.320987654321
10,163,WT,5.523255813953488,90.22674418604652,257.3546511627907
10,164,WT,5.563934426229508,88.76065573770492,274.7016393442623
10,165,WT,5.0,88.97297297297297,223.40540540540545
10,166,CRC,5.0,94.08536585365852,139.25
10,167,WT,5.251533742331288,97.5521472392638,242.957055214724
10,168,WT,5.0,99.35555555555555,225.0814814814815
10,169,WT,5.42948717948718,107.2275641025641,287.99038461538464
10,170,WT,5.435233160621761,105.06735751295336,260.1295336787565
10,171,CRC,5.0,112.92817679558011,126.4475138121547
10,172,WT,5.494296577946768,118.0,302.787072243346
10,173,WT,5.453074433656958,121.6537216828479,314.6731391585761
10,174,WT,5.541284403669724,121.93577981651376,287.5688073394496
10,175,WT,5.0,123.10144927536231,186.7826086956522
10,176,WT,5.0,128.43269230769232,197.8846153846154
10,177,CRC,5.0,131.84883720930233,112.20348837209302
10,178,WT,5.0,136.71515151515152,286.46666666666664
10,179,WT,5.0,144.9923076923077,312.4153846153846
10,180,CRC,5.0,144.3170731707317,111.59349593495936
10,181,CRC,5.614035087719298,151.02456140350878,91.50175438596492
10,182,CRC,5.0,152.5079365079365,129.42857142857142
10,183,WT,5.0,159.72881355932202,302.97457627118644
10,184,CRC,5.0,165.80672268907563,346.99159663865544
10,185,CRC,5.446428571428571,166.92857142857142,113.51785714285714
10,186,CRC,5.0,170.74468085106383,310.51063829787233
10,187,CRC,5.524539877300613,178.28527607361963,94.63496932515338
10,188,CRC,5.0,176.8252427184466,351.7669902912621
10,189,CRC,5.0,180.30769230769232,332.1923076923077
10,190,WT,5.0,188.16129032258064,295.0774193548387
10,191,WT,5.0,190.83809523809524,313.1333333333333
10,192,WT,5.545454545454546,196.96828752642705,115.32558139534883
10,193,WT,5.0,195.42857142857144,188.5194805194805
10,194,CRC,5.6,197.8028571428572,361.0914285714286
10,195,WT,5.0,204.9238578680203,130.58883248730965
10,196,WT,5.0,200.97087378640776,288.20388349514565
10,197,WT,5.0,202.59574468085103,279.09574468085106
10,198,WT,5.4661921708185055,216.39501779359432,114.05338078291815
10,199,CRC,5.0,220.1266666666667,350.72
10,200,CRC,5.592156862745098,223.74117647058824,361.4
10,201,WT,5.0,225.0916030534351,287.8625954198473
10,202,WT,5.0,225.3968253968254,142.04761904761904
10,203,WT,5.0,231.0787878787879,123.76969696969697
10,204,CRC,5.0,242.5119047619048,340.5297619047619
10,205,WT,5.0,244.16153846153847,137.96923076923076
10,206,WT,5.416666666666667,248.63492063492063,126.90873015873017
10,207,CRC,5.649842271293376,251.73817034700315,353.9621451104101
10,208,WT,5.516483516483516,253.3040293040293,150.93406593406593
10,209,WT,5.463709677419355,253.99193548387092,138.80241935483872
10,210,CRC,5.0,258.71264367816093,335.57471264367814
10,211,CRC,5.0,260.8783783783784,299.9189189189189
10,212,CRC,5.0,264.625,235.5833333333333
10,213,CRC,5.0,268.13432835820896,218.5970149253732
10,214,CRC,5.0,273.688622754491,311.09580838323353
10,215,CRC,5.247349823321555,276.6148409893993,151.19434628975264
10,216,CRC,5.906417112299465,285.37433155080214,189.9866310160428
10,217,CRC,5.8059299191374665,285.1832884097035,319.5579514824798
10,218,CRC,5.0,285.5973154362416,292.1275167785235
10,219,CRC,5.299719887955182,295.6890756302521,177.7563025210084
10,220,CRC,5.0,291.5833333333333,278.26851851851853
10,221,CRC,5.0,289.7889908256881,238.5871559633028
10,222,CRC,5.567282321899736,294.5620052770449,158.47229551451187
10,223,CRC,5.0,295.27659574468083,300.59574468085106
10,224,CRC,5.0,304.44615384615383,226.1897435897436
10,225,CRC,5.848670756646217,305.6482617586912,197.1042944785276
10,226,CRC,5.83419689119171,310.18998272884284,292.1347150259068
10,227,CRC,5.0,306.55555555555554,212.43650793650792
10,228,CRC,6.0,68.91558441558442,167.66233766233765
10,229,CRC,6.975206611570248,66.40495867768595,208.30785123966945
10,230,CRC,6.459701492537313,70.0,219.16417910447765
10,231,WT,6.953216374269005,70.64912280701755,254.187134502924
10,232,CRC,6.513586956521739,72.66032608695652,141.10326086956522
10,233,WT,7.799410029498525,76.67256637168141,273.64454277286137
10,234,WT,6.0,81.20114942528735,236.30459770114945
10,235,WT,6.0,80.81512605042016,248.03361344537817
10,236,WT,7.476780185758514,80.40557275541795,289.8622291021672
10,237,WT,6.0,86.52100840336135,225.8571428571429
10,238,CRC,6.0,90.20689655172414,126.34482758620688
10,239,CRC,6.625,92.68402777777776,108.22569444444444
10,240,WT,6.440789473684211,94.39144736842104,284.0657894736842
10,241,WT,8.574468085106384,92.96726677577742,319.1669394435352
10,242,WT,6.557312252964427,103.61264822134387,298.399209486166
10,243,WT,6.0,105.08823529411764,279.55882352941177
10,244,WT,6.0,109.47142857142858,310.5857142857143
10,245,CRC,6.662313432835821,121.17910447761194,93.32089552238806
10,246,WT,6.0,124.53521126760565,324.38028169014086
10,247,WT,7.106024096385542,130.79759036144577,344.01927710843376
10,248,CRC,6.0,132.27067669172934,102.30075187969923
10,249,WT,6.0,137.91666666666666,287.75
10,250,WT,6.203619909502263,145.28506787330318,346.0452488687783
10,251,CRC,6.0,152.328125,331.859375
10,252,CRC,7.544843049327354,162.23766816143498,66.9798206278027
10,253,CRC,6.3979591836734695,161.10204081632654,91.30102040816328
10,254,CRC,6.0,166.26,351.56
10,255,CRC,6.943243243243243,176.1972972972973,86.23513513513514
10,256,CRC,6.554621848739496,199.97899159663865,88.5798319327731
10,257,CRC,6.0,207.31794871794872,97.67692307692307
10,258,CRC,6.0,216.89361702127653,354.17021276595744
10,259,WT,6.54016620498615,226.9445983379501,97.29916897506924
10,260,CRC,6.0,228.08,309.92
10,261,CRC,6.270462633451957,246.07829181494665,116.40213523131672
10,262,CRC,6.46916890080429,266.3994638069705,114.71581769436996
10,263,CRC,6.418181818181818,281.13454545454545,134.55636363636364
10,264,CRC,6.3364928909952605,276.7298578199052,338.7962085308057
10,265,CRC,6.0,301.11167512690355,145.20812182741116
10,266,CRC,6.448795180722891,310.328313253012,168.2921686746988
10,267,CRC,6.565789473684211,320.69407894736844,208.8947368421053
10,268,CRC,6.323943661971831,321.32394366197184,225.8638497652582
10,269,CRC,6.0,323.2482269503546,267.3333333333333
10,270,CRC,6.479892761394102,329.2895442359249,245.01608579088472
10,271,CRC,7.0,50.765957446808514,232.08510638297872
10,272,WT,8.987623762376238,42.31311881188119,239.59405940594056
10,273,CRC,7.0,53.91338582677165,179.4291338582677
10,274,WT,7.824701195219124,52.22111553784861,214.22908366533864
10,275,CRC,8.665886026541765,51.50585480093677,166.12099921935987
10,276,WT,7.0,55.69032258064516,256.76774193548385
10,277,CRC,7.458181818181818,57.71636363636364,195.51636363636365
10,278,WT,8.3345521023766,60.39853747714808,273.473491773309
10,279,CRC,7.255014326647564,74.91690544412607,122.63323782234956
10,280,WT,7.0,68.85046728971963,236.7570093457944
10,281,WT,8.866935483870968,83.20967741935483,302.01747311827955
10,282,WT,7.3936170212765955,96.14893617021276,309.73936170212767
10,283,WT,8.738505747126437,108.03879310344828,329.96264367816093
10,284,WT,7.0,113.43636363636364,314.03636363636366
10,285,WT,7.635135135135135,118.25,341.98986486486484
10,286,WT,7.407294832826747,146.01519756838906,356.38601823708206
10,287,CRC,7.381987577639752,154.33229813664596,76.99068322981367
10,288,CRC,7.9468302658486705,157.76278118609406,371.6564417177914
10,289,CRC,7.3519736842105265,181.33881578947367,374.0888157894737
10,290,CRC,8.009925558312656,190.3746898263028,66.9454094292804
10,291,CRC,7.786743515850144,199.35446685878964,75.27089337175792
10,292,CRC,7.0,204.35772357723576,369.260162601626
10,293,CRC,7.0,210.2125,90.275
10,294,CRC,7.785547785547785,219.85547785547783,80.17482517482517
10,295,CRC,7.435684647302905,227.5352697095436,373.9004149377593
10,296,WT,7.618937644341801,252.37182448036955,88.3418013856813
10,297,WT,7.218009478672986,251.38862559241707,103.20379146919431
10,298,CRC,8.285714285714286,259.2068965517241,371.3661740558292
10,299,CRC,7.0,267.8165137614679,352.51376146788994
10,300,CRC,7.257731958762887,272.8659793814433,104.86941580756012
10,301,CRC,7.432960893854749,283.7513966480447,351.1368715083799
10,302,CRC,7.0,291.91525423728814,114.3954802259887
10,303,CRC,7.408759124087592,303.38321167883214,329.26277372262774
10,304,CRC,7.0,298.4413793103448,134.4758620689655
10,305,CRC,7.0,303.1543624161074,317.83892617449663
10,306,CRC,7.756302521008403,310.30882352941177,128.19957983193277
10,307,CRC,7.361702127659575,315.14627659574467,145.3404255319149
10,308,CRC,7.0,310.5670103092784,302.5154639175258
10,309,CRC,7.0,310.05454545454546,183.0727272727273
10,310,CRC,7.436440677966102,322.4194915254237,175.83474576271186
10,311,CRC,7.553030303030303,324.0378787878788,303.43939393939394
10,312,CRC,7.0,322.32954545454544,280.39772727272725
10,313,CRC,7.441734417344174,330.0081300813008,189.1382113821138
10,314,CRC,7.284916201117318,333.85754189944134,266.8100558659218
10,315,CRC,7.0,333.85185185185185,234.35185185185185
10,316,CRC,7.853300733496333,337.4303178484108,223.85819070904645
10,317,WT,9.166666666666666,40.8132183908046,207.8850574712644
10,318,WT,8.574358974358974,46.92820512820513,224.3384615384616
10,319,WT,8.0,56.0,248.15384615384616
10,320,CRC,8.0,62.32417582417583,134.04945054945054
10,321,WT,8.427672955974844,65.25786163522012,294.8616352201258
10,322,WT,8.0,72.265625,309.40625
10,323,CRC,8.0,78.8173076923077,110.52884615384616
10,324,CRC,8.0,86.515625,96.53125
10,325,WT,8.0,92.66071428571428,299.5357142857143
10,326,WT,9.017006802721088,92.6530612244898,330.68367346938777
10,327,CRC,8.0,99.57861635220124,89.64779874213836
10,328,WT,8.0,103.61797752808988,336.3707865168539
10,329,CRC,9.053908355795148,112.6199460916442,73.86522911051213
10,330,WT,8.436842105263159,126.62894736842104,362.62105263157895
10,331,CRC,8.0,166.45238095238096,372.57142857142856
10,332,CRC,8.713503649635037,208.7317518248175,383.7974452554744
10,333,CRC,9.101063829787234,211.1968085106383,62.08510638297872
10,334,CRC,8.0,229.61827956989248,84.01075268817205
10,335,CRC,8.0,270.0691823899371,363.9622641509434
10,336,CRC,8.42654028436019,276.7345971563981,94.87677725118483
10,337,CRC,8.0,295.1275167785235,107.2953020134228
10,338,CRC,8.384905660377358,297.70943396226414,344.8377358490566
10,339,CRC,8.0,300.69565217391306,123.96739130434784
10,340,CRC,10.536951501154734,328.8071593533487,322.391454965358
10,341,CRC,8.816489361702128,329.5718085106383,134.88563829787233
10,342,CRC,8.385159010600706,334.25088339222617,162.01413427561835
10,343,CRC,9.614163614163614,340.7838827838828,295.53479853479854
10,344,CRC,8.0,343.3486842105263,183.7434210526316
10,345,CRC,8.453367875647668,347.2538860103627,204.64507772020724
10,346,CRC,12.4,362.3693467336684,255.87386934673367
10,347,CRC,9.690962099125365,348.932944606414,274.0728862973761
10,348,WT,10.852941176470589,33.24673202614379,252.9558823529412
10,349,WT,9.485148514851485,38.0,226.8267326732673
10,350,WT,9.994202898550723,38.93333333333333,177.04347826086956
10,351,WT,9.84438775510204,42.92857142857143,266.3928571428572
10,352,WT,10.046728971962615,46.71261682242991,277.83878504672896
10,353,WT,9.0,53.30392156862745,258.1372549019608
10,354,CRC,10.108352144469526,51.591422121896166,128.65011286681715
10,355,CRC,9.0,53.35714285714285,143.08928571428572
10,356,WT,9.0,53.90476190476191,268.7238095238095
10,357,WT,10.191891891891892,68.01081081081081,317.3581081081081
10,358,CRC,9.990762124711315,60.697459584295615,108.22863741339492
10,359,CRC,9.0,78.13194444444444,94.20138888888889
10,360,WT,9.0,79.5985401459854,322.13868613138686
10,361,CRC,9.364016736401672,94.68619246861924,81.64016736401673
10,362,WT,9.0,103.11971830985917,342.50704225352115
10,363,WT,9.96883852691218,118.41926345609065,361.4787535410765
10,364,CRC,9.0,133.16666666666666,66.54545454545455
10,365,WT,10.644295302013424,128.31711409395973,372.31040268456377
10,366,WT,10.329650092081032,147.87661141804787,378.5690607734807
10,367,CRC,9.573394495412844,146.4495412844037,61.58715596330275
10,368,CRC,9.0,152.89743589743588,56.27350427350427
10,369,CRC,9.0,182.46715328467155,387.2153284671533
10,370,CRC,9.0,180.08080808080808,56.03030303030303
10,371,CRC,9.322033898305085,232.88418079096044,64.71186440677967
10,372,CRC,9.87878787878788,243.21487603305783,384.4573002754821
10,373,WT,9.0,250.43103448275863,77.10919540229885
10,374,CRC,13.06772908366534,277.4183266932271,61.006972111553786
10,375,CRC,11.740213523131672,280.7259786476868,380.8090154211151
10,376,CRC,9.950191570881223,283.0,366.68199233716473
10,377,CRC,9.0,294.4166666666667,94.04924242424242
10,378,CRC,14.86468032278088,307.00620732464307,360.0391061452514
10,379,CRC,9.51388888888889,308.5601851851852,343.2916666666667
10,380,CRC,9.398148148148149,316.35185185185185,329.76851851851853
10,381,CRC,10.185867895545314,328.1413210445468,111.53917050691244
10,382,CRC,9.0,324.73015873015873,141.93650793650792
10,383,CRC,10.069478908188586,347.17369727047145,148.07196029776674
10,384,CRC,9.926966292134832,356.5842696629214,221.1348314606741
10,385,WT,10.898345153664303,31.13002364066194,197.97635933806143
10,386,CRC,10.0,49.32394366197183,172.59154929577466
10,387,WT,10.96952380952381,54.57904761904762,308.2209523809524
10,388,WT,10.0,60.55813953488372,279.16279069767444
10,389,CRC,16.072999532054283,64.24894712213383,80.8029948525971
10,390,WT,10.522448979591836,73.56326530612245,332.50204081632654
10,391,CRC,10.510526315789471,96.62631578947368,69.46842105263158
10,392,WT,10.91948051948052,101.67792207792208,354.5792207792208
10,393,WT,10.0,113.6842105263158,355.0375939849624
10,394,CRC,10.51968503937008,127.53149606299212,60.95275590551181
10,395,CRC,11.450807635829662,142.61527165932452,46.26138032305433
10,396,CRC,10.0,172.23703703703703,51.63703703703704
10,397,CRC,10.0,170.48453608247422,385.64948453608247
10,398,CRC,14.84181106763555,193.82895472330912,398.25768585802126
10,399,CRC,10.0,198.8347826086957,54.00869565217391
10,400,CRC,10.0,211.3186813186813,46.2967032967033
10,401,CRC,10.76842105263158,223.7052631578948,51.86842105263158
10,402,WT,10.0,230.05,71.275
10,403,CRC,11.600798403193613,229.29740518962075,393.45508982035926
10,404,WT,10.0,255.328125,67.84375
10,405,CRC,10.0,257.7111111111111,378.9333333333333
10,406,CRC,10.0,265.65263157894736,373.9684210526316
10,407,CRC,10.0,291.579185520362,84.97285067873302
10,408,CRC,10.975409836065571,310.6967213114754,350.0922131147541
10,409,CRC,10.0,314.66438356164383,99.54794520547944
10,410,CRC,10.0,337.0393700787401,302.88188976377955
10,411,CRC,10.0,338.7333333333333,138.46666666666667
10,412,CRC,10.0,351.0693641618497,162.57803468208093
10,413,CRC,10.0,354.0449438202247,178.8876404494382
10,414,CRC,11.298405466970388,364.4510250569476,238.65603644646924
10,415,CRC,10.0,363.0,199.19718309859155
10,416,WT,11.607508532423209,25.61092150170649,226.5051194539249
10,417,CRC,17.673931265716682,28.485331098072088,143.01089689857503
10,418,WT,11.0,30.38983050847457,213.33898305084745
10,419,WT,11.0,28.0,261.35714285714283
10,420,WT,11.719602977667494,32.59801488833747,186.0024813895781
10,421,WT,11.43921568627451,32.69803921568627,268.878431372549
10,422,WT,11.341772151898734,37.01898734177215,159.0759493670886
10,423,CRC,11.0,38.25862068965517,141.5
10,424,CRC,11.0,50.72857142857143,113.68571428571428
10,425,CRC,14.848619768477294,52.08815672306322,95.246660730187
10,426,WT,11.702830188679243,63.09905660377358,299.07547169811323
10,427,CRC,11.0,79.77227722772277,77.73267326732673
10,428,WT,12.021978021978022,80.47527472527473,337.739010989011
10,429,CRC,14.181880108991823,93.566757493188,58.1341961852861
10,430,WT,12.55577689243028,83.06374501992032,348.45816733067727
10,431,CRC,11.50900900900901,107.45945945945944,60.40990990990991
10,432,WT,11.0,111.6470588235294,349.38823529411764
10,433,WT,16.996043521266074,144.70227497527202,391.837784371909
10,434,CRC,11.456233421750664,171.49071618037135,41.70026525198939
10,435,CRC,15.994308480364255,174.27091633466136,397.938531587934
10,436,CRC,11.0,204.29545454545453,42.61742424242424
10,437,WT,15.537564766839376,214.44624352331607,398.8296632124352
10,438,CRC,11.57725947521866,233.89504373177843,41.4868804664723
10,439,CRC,11.374407582938389,238.7725118483412,57.27488151658768
10,440,CRC,11.421052631578949,254.76076555023923,386.866028708134
10,441,CRC,12.444794952681388,257.00630914826496,47.753943217665615
10,442,CRC,11.0,270.5130434782609,378.095652173913
10,443,CRC,11.0,291.4403669724771,77.60550458715596
10,444,CRC,11.0,315.08561643835617,91.51712328767124
10,445,CRC,11.0,346.7391304347826,128.8586956521739
10,446,CRC,11.552301255230123,356.10041841004187,140.86192468619248
10,447,CRC,11.475247524752476,365.3391089108911,169.8589108910891
10,448,CRC,13.58984771573604,376.9593908629442,189.85685279187817
10,449,CRC,11.0,367.45,211.075
10,450,WT,12.0,25.96498054474708,242.43579766536965
10,451,WT,13.547325102880658,22.21673525377229,198.920438957476
10,452,WT,15.536842105263158,24.04,168.21473684210525
10,453,WT,12.849829351535837,32.42662116040955,276.60409556313994
10,454,CRC,15.853300733496331,33.95762021189894,125.9445802770986
10,455,CRC,17.484619263741806,42.57639939485628,105.90519415027735
10,456,WT,12.0,47.88429752066116,298.41322314049586
10,457,WT,12.489082969432314,61.43231441048035,329.17903930131007
10,458,WT,12.293577981651376,66.33944954128441,311.8440366972477
10,459,WT,12.0,109.35810810810813,365.9391891891892
10,460,CRC,13.491204330175911,116.72665764546684,48.22462787550744
10,461,WT,16.581245526127415,125.56263421617751,385.94201861131
10,462,CRC,12.441295546558704,161.47368421052633,34.34817813765182
10,463,WT,13.89967105263158,164.33059210526315,395.39638157894734
10,464,CRC,12.0,196.23566878980893,36.30573248407644
10,465,CRC,12.387434554973822,213.21465968586384,37.09424083769633
10,466,CRC,14.986986986986986,256.95695695695696,391.6716716716717
10,467,CRC,13.357563850687622,278.6434184675835,90.82220039292731
10,468,CRC,17.262284620293556,293.7728142948309,371.1997447351627
10,469,CRC,12.452513966480447,298.43854748603354,70.29050279329608
10,470,CRC,12.396694214876034,299.6280991735537,374.7107438016529
10,471,CRC,13.660842754367934,326.7913669064748,85.40904419321686
10,472,CRC,15.431632653061223,319.8561224489796,349.7826530612245
10,473,CRC,12.0,337.7048192771084,105.90963855421688
10,474,CRC,14.473076923076922,345.82307692307694,318.79423076923075
10,475,CRC,12.0,344.38235294117646,122.375
10,476,CRC,12.0,344.8392857142857,304.6607142857143
10,477,CRC,16.382830626450115,365.61426914153134,281.74767981438515
10,478,CRC,16.86087570621469,370.45197740113,128.25282485875707
10,479,CRC,13.547709923664122,371.8167938931298,153.00381679389312
10,480,CRC,12.38176638176638,372.7264957264957,223.84045584045583
10,481,CRC,14.278195488721805,379.4122807017544,210.27568922305764
10,482,WT,18.34673191191891,20.89024816497728,197.27717581265293
10,483,WT,15.050552922590835,23.24802527646129,180.1263823064771
10,484,WT,13.515679442508713,26.282229965156795,262.94425087108016
10,485,WT,14.034136546184738,31.724899598393574,294.4598393574297
10,486,WT,13.994318181818182,42.64204545454545,308.8636363636364
10,487,WT,13.304347826086955,43.28695652173913,283.16521739130434
10,488,WT,13.0,63.130434782608695,321.7826086956522
10,489,WT,13.0,69.35714285714286,337.8367346938776
10,490,CRC,13.0,68.76315789473684,73.94736842105263
10,491,WT,15.972727272727273,83.97272727272727,362.8246753246753
10,492,WT,13.0,89.15384615384616,347.87179487179486
10,493,WT,18.01535929786067,95.08941305540318,370.3554580362041
10,494,WT,18.58667419536985,110.11067193675888,379.8464144551101
10,495,CRC,13.0,145.50666666666666,44.04
10,496,CRC,18.587786259541986,135.6239185750636,30.71297709923664
10,497,CRC,17.985974754558203,165.8223468910706,22.53903693314633
10,498,CRC,13.0,193.7471264367816,31.229885057471265
10,499,CRC,15.831692913385826,238.14665354330708,26.84350393700788
10,500,CRC,13.4185303514377,243.35782747603835,37.808306709265175
10,501,CRC,13.0,242.45631067961165,392.6601941747573
10,502,CRC,17.523358959195743,271.06327616794795,385.2897693672383
10,503,CRC,13.0,310.19101123595505,79.59550561797752
10,504,CRC,18.166489361702126,334.19202127659577,333.12606382978726
10,505,CRC,13.992660550458716,348.0550458715596,104.148623853211
10,506,WT,14.33,21.41,229.76
10,507,WT,14.0,21.00840336134453,238.9579831932773
10,508,WT,15.02290076335878,20.66564885496184,247.27786259541983
10,509,WT,14.0,27.67708333333333,280.4375
10,510,CRC,15.416974169741698,29.051660516605168,139.69372693726936
10,511,WT,17.916107382550337,45.69194630872483,320.548322147651
10,512,WT,14.0,62.08074534161491,339.1428571428572
10,513,CRC,14.0,200.1726618705036,27.705035971223023
10,514,CRC,16.239700374531836,222.9082397003745,22.39325842696629
10,515,CRC,17.086919104991395,261.29690189328744,33.56884681583477
10,516,CRC,17.23217115689382,299.52139461172743,53.88351822503962
10,517,CRC,17.458369098712446,381.537339055794,242.39055793991412
10,518,WT,17.317357512953368,17.142487046632123,229.67357512953367
10,519,WT,15.0,25.926666666666662,269.98
10,520,WT,18.049410443571027,29.6687254351488,295.5115103874228
10,521,WT,15.0,72.58333333333333,356.6111111111111
10,522,CRC,18.609097918272937,80.14494988434849,60.54587509637625
10,523,WT,15.505,149.945,394.365
10,524,CRC,18.339522546419097,193.80459770114945,16.891246684350133
10,525,WT,15.57046979865772,224.95637583892616,398.755033557047
10,526,WT,18.02054794520548,241.3485540334856,394.7671232876712
10,527,CRC,15.0,294.6,380.89473684210526
10,528,CRC,19.5295807007467,326.26249282021826,65.26651349798966
10,529,CRC,19.07656731757451,353.896197327852,307.66598150051385
10,530,CRC,17.837651122625214,386.8290155440415,178.28842832469775
10,531,WT,17.73048128342246,19.5572192513369,249.5176470588236
10,532,WT,20.065378900445765,59.91431401684002,339.5735512630015
10,533,WT,16.0,90.5132743362832,369.9646017699115
10,534,CRC,16.58252427184466,118.29773462783172,35.275080906148865
10,535,CRC,16.0,208.41538461538465,18.630769230769232
10,536,CRC,16.418181818181818,344.4727272727273,88.54545454545455
10,537,CRC,16.758196721311474,360.6762295081968,104.7827868852459
10,538,CRC,18.61705202312139,382.96387283236993,151.46676300578034
10,539,CRC,18.447863247863246,388.4700854700855,219.3418803418804
10,540,WT,17.0,18.886904761904763,193.0833333333333
10,541,WT,17.99854227405248,21.6399416909621,270.231778425656
10,542,WT,18.18435754189944,71.14078212290502,354.25810055865924
10,543,CRC,19.11216429699842,346.1074249605055,82.72985781990522
10,544,WT,19.828901734104047,210.3514450867052,400.2624277456648
10,545,CRC,19.98875,215.1225,15.88375
10,546,CRC,21.02437106918239,360.997641509434,97.88207547169812
10,547,CRC,20.561128526645767,109.51880877742948,38.84796238244514
10,548,CRC,19.58561643835617,278.0890410958904,34.74657534246575
10,549,CRC,19.0,360.3917525773196,299.0309278350516
10,550,CRC,20.170212765957448,390.5927051671733,190.88145896656536
10,551,WT,21.1996336996337,21.847985347985347,211.66666666666663
10,552,WT,20.7734375,23.3046875,165.71614583333334
10,553,WT,20.56168831168831,34.65584415584416,301.58116883116884
10,554,WT,21.09706546275395,273.49887133182847,379.6726862302483
10,555,CRC,20.0,311.9782608695652,52.53623188405797
10,556,WT,22.09375,20.81875,227.403125
10,557,WT,21.94483985765125,21.809608540925268,245.66014234875445
10,558,WT,21.26392961876833,24.530791788856305,271.1876832844575
10,559,WT,21.37130801687764,30.953586497890296,147.27848101265823
10,560,WT,21.0,43.74603174603175,218.63492063492063
10,561,CRC,21.40618101545254,52.24944812362031,137.2251655629139
10,562,WT,21.0,229.85135135135133,392.7432432432432
10,563,CRC,22.321428571428573,43.48214285714285,110.1875
10,564,CRC,22.0,49.68253968253968,96.66666666666669
10,565,WT,22.52011494252873,74.1580459770115,352.4022988505747
10,566,WT,24.524193548387096,83.85161290322581,327.7758064516129
10,567,WT,22.0,120.73006134969326,383.4539877300613
10,568,WT,22.83114035087719,178.3048245614035,395.43859649122805
10,569,CRC,22.829652996845425,272.0946372239748,32.214511041009466
10,570,CRC,23.061752988047807,293.73306772908364,43.213147410358566
10,571,WT,23.0,23.915966386554626,198.3613445378151
10,572,WT,23.0,47.53731343283582,222.06467661691545
10,573,CRC,24.607751937984496,62.08682170542636,128.3860465116279
10,574,CRC,24.425474254742547,70.5040650406504,107.35230352303525
10,575,WT,23.0,144.24590163934425,390.4549180327869
10,576,WT,23.415300546448087,150.66120218579235,364.7103825136612
10,577,CRC,23.62,161.97,33.16
10,578,WT,23.291803278688526,172.3016393442623,369.527868852459
10,579,WT,23.0,212.6611570247934,395.202479338843
10,580,CRC,23.0,239.19736842105263,21.23684210526316
10,581,WT,23.367541766109785,287.1288782816229,340.0692124105012
10,582,WT,25.78558718861209,297.2562277580071,319.529359430605
10,583,CRC,23.449367088607595,366.1835443037975,104.45569620253164
10,584,CRC,24.114864864864863,382.8277027027027,233.6722972972973
10,585,WT,24.0,35.32692307692308,146.71153846153845
10,586,WT,24.0,91.30645161290325,336.758064516129
10,587,WT,24.0,106.07692307692308,376.2307692307692
10,588,CRC,24.0,192.63005780346825,17.439306358381504
10,589,CRC,24.0,189.85294117647052,28.215686274509803
10,590,WT,24.0,204.8615384615385,366.1538461538461
10,591,CRC,24.0,214.83636363636364,18.21818181818182
10,592,WT,24.0,228.64788732394365,364.01408450704224
10,593,WT,24.0,249.80769230769232,360.5128205128205
10,594,WT,24.0,260.0153846153846,346.3538461538462
10,595,WT,25.72878787878788,317.81666666666666,300.1469696969697
10,596,WT,25.0,39.44897959183673,142.83673469387756
10,597,WT,26.521634615384617,65.00721153846153,157.44951923076923
10,598,CRC,25.46875,90.225,86.33125
10,599,WT,25.0,115.46520146520146,342.01465201465203
10,600,CRC,28.76261829652997,325.65220820189273,274.4960567823344
10,601,CRC,25.0,358.92045454545456,261.10227272727275
10,602,WT,26.0,55.42553191489362,202.5744680851064
10,603,CRC,26.0,79.33802816901408,96.943661971831
10,604,WT,26.0,134.01694915254237,352.6271186440678
10,605,WT,28.37454100367197,134.4357405140759,329.7123623011016
10,606,WT,26.0,149.03478260869565,355.0
10,607,WT,26.0,164.6,358.5285714285714
10,608,WT,26.392265193370164,175.39226519337018,353.7403314917127
10,609,WT,26.0,182.6875,364.5416666666667
10,610,WT,27.323119777158773,196.54874651810584,353.5849582172702
10,611,WT,26.32638888888889,246.36111111111111,351.6875
10,612,WT,27.26558265582656,258.80758807588074,339.6422764227642
10,613,CRC,27.0,78.8785046728972,112.78504672897196
10,614,WT,27.0,77.12903225806451,173.48387096774192
10,615,CRC,27.98245614035088,94.82456140350877,100.77631578947368
10,616,WT,27.0,109.54054054054056,335.2432432432432
10,617,CRC,27.0,116.12121212121212,68.4090909090909
10,618,WT,27.0,119.84285714285714,347.04285714285714
10,619,CRC,27.0,137.6949152542373,48.3728813559322
10,620,WT,27.0,152.61458333333334,346.8020833333333
10,621,CRC,28.1438679245283,161.41273584905662,47.0872641509434
10,622,WT,27.428571428571427,164.62244897959184,348.2857142857143
10,623,WT,27.0,210.8771929824561,348.43859649122805
10,624,WT,27.54854368932039,240.3495145631068,344.3592233009709
10,625,WT,28.0,67.3913043478261,188.66459627329192
10,626,CRC,28.0,78.76373626373626,124.43406593406591
10,627,WT,29.75602223594812,88.23533045089562,214.75911056207536
10,628,WT,28.822857142857146,78.16285714285715,173.18571428571428
10,629,CRC,28.81306715063521,87.14882032667876,137.66969147005446
10,630,WT,28.0,88.58333333333333,248.953125
10,631,CRC,28.0,86.44604316546763,114.12230215827338
10,632,CRC,28.0,98.4,113.9
10,633,CRC,28.658273381294965,105.53956834532374,87.94964028776978
10,634,WT,29.01106500691563,115.61964038727524,299.45228215767634
10,635,CRC,28.97408207343413,115.79913606911448,84.7818574514039
10,636,CRC,28.0,126.0381679389313,65.25954198473282
10,637,WT,28.604255319148937,124.38936170212766,314.9659574468085
10,638,CRC,29.5653560042508,142.2221041445271,66.45802337938363
10,639,CRC,28.0,149.97894736842105,56.242105263157896
10,640,WT,28.9938900203666,152.22606924643586,331.14460285132384
10,641,WT,28.589641434262948,164.42629482071712,339.7609561752988
10,642,CRC,29.55341506129597,174.11908931698775,60.74781085814361
10,643,CRC,28.0,184.05625,44.05
10,644,WT,28.847122302158272,182.5575539568345,337.6726618705036
10,645,CRC,29.57459207459208,194.75874125874125,51.53496503496503
10,646,WT,28.0,204.7450980392157,334.6274509803921
10,647,CRC,28.523529411764702,210.52941176470588,44.74705882352941
10,648,WT,28.0,218.5421686746988,343.132530120482
10,649,CRC,29.06983240223464,231.8966480446928,50.89385474860335
10,650,WT,28.53790613718412,227.28519855595667,341.15884476534296
10,651,WT,29.12,250.87076923076924,327.40615384615387
10,652,WT,28.560185185185187,266.3425925925926,327.9351851851852
10,653,WT,28.71578947368421,299.5982456140351,297.30877192982456
10,654,CRC,29.026627218934912,325.1301775147929,96.76923076923076
10,655,CRC,28.43162393162393,342.87179487179486,111.44871794871794
10,656,CRC,28.513002364066192,346.3782505910165,252.48463356974
10,657,CRC,28.0,347.94029850746267,271.0
10,658,CRC,28.9824,355.056,147.0352
10,659,CRC,28.0,364.9090909090909,235.8106060606061
10,660,CRC,28.0,366.4832214765101,188.7651006711409
10,661,CRC,30.186046511627907,94.27131782945736,156.2764857881137
10,662,CRC,29.578274760383387,101.64856230031948,174.8594249201278
10,663,CRC,30.03157894736842,131.89649122807018,86.61929824561403
10,664,WT,29.338403041825096,232.7490494296578,328.87072243346006
10,665,WT,30.22082018927445,260.4321766561514,309.2618296529968
10,666,WT,29.0,283.53846153846155,303.710407239819
10,667,CRC,29.0,311.3544303797468,81.35443037974683
10,668,CRC,29.967567567567567,321.12432432432433,108.02972972972972
10,669,CRC,30.476923076923075,334.5230769230769,250.12115384615385
10,670,CRC,30.48986212489862,346.4606650446066,219.6204379562044
10,671,CRC,29.45804195804196,353.06643356643355,234.46153846153845
10,672,CRC,29.0,356.6965517241379,159.0344827586207
10,673,CRC,29.64908256880734,357.4449541284404,183.18577981651376
10,674,CRC,29.0,356.7891891891892,210.4
10,675,WT,30.0,87.54444444444445,178.9
10,676,CRC,30.0,97.91228070175438,113.58771929824562
10,677,WT,30.0,97.71022727272728,243.1761363636364
10,678,CRC,30.0,103.68932038834951,96.77669902912622
10,679,WT,30.0,106.78301886792453,277.20754716981133
10,680,CRC,30.68661971830986,106.87676056338027,114.23591549295774
10,681,WT,31.17728055077453,113.96901893287436,239.4113597246128
10,682,WT,31.02972972972973,117.14864864864865,268.07567567567565
10,683,WT,30.0,128.86486486486487,290.2364864864865
10,684,WT,30.24647887323944,131.16197183098592,306.5633802816901
10,685,WT,30.29781420765028,150.5327868852459,311.71311475409834
10,686,WT,30.0,163.96319018404907,330.99386503067484
10,687,WT,30.476987447698743,181.19246861924685,324.06276150627616
10,688,CRC,30.0,191.94444444444449,56.62222222222222
10,689,WT,30.775127768313457,203.8415672913117,324.45144804088585
10,690,WT,30.88936170212766,217.8255319148936,318.7106382978723
10,691,WT,30.466666666666665,226.63888888888889,326.43333333333334
10,692,WT,30.0,227.68421052631572,339.94736842105266
10,693,WT,30.61875,236.61875,317.3375
10,694,CRC,30.506060606060608,276.5,295.91212121212124
10,695,CRC,30.97490347490348,296.2065637065637,287.13706563706563
10,696,CRC,30.501510574018127,306.3716012084592,100.60422960725076
10,697,CRC,31.27093596059113,342.98768472906403,160.9384236453202
10,698,CRC,30.433179723502302,352.889400921659,172.55760368663596
10,699,WT,31.0,102.30188679245283,263.0
10,700,CRC,31.47482014388489,107.31294964028775,140.03237410071944
10,701,WT,32.00306748466258,115.65337423312884,219.49386503067484
10,702,WT,32.05042016806723,121.96078431372548,254.3333333333333
10,703,CRC,31.27927927927928,123.90990990990991,96.07657657657656
10,704,CRC,32.461783439490446,124.46337579617834,194.8391719745223
10,705,CRC,31.684615384615384,121.97692307692309,120.53846153846152
10,706,CRC,32.822784810126585,126.44303797468356,134.51898734177217
10,707,CRC,31.84754521963824,135.54263565891472,109.46770025839793
10,708,WT,31.0,138.49367088607596,276.0759493670886
10,709,CRC,31.583132530120483,145.3855421686747,88.26987951807229
10,710,CRC,31.36756756756757,158.7108108108108,80.17567567567568
10,711,WT,32.14325842696629,158.5,288.42977528089887
10,712,WT,31.470119521912352,167.87250996015936,309.8645418326693
10,713,WT,32.01766784452297,171.20141342756185,298.5017667844523
10,714,WT,33.2047619047619,172.1547619047619,271.5571428571429
10,715,CRC,31.850855745721272,179.90464547677263,81.51344743276283
10,716,WT,32.01542416452442,183.24935732647816,297.34447300771205
10,717,WT,31.943708609271525,225.74172185430464,307.9933774834437
10,718,CRC,31.429752066115704,254.3388429752066,79.27272727272727
10,719,CRC,32.225806451612904,274.2870967741936,284.9161290322581
10,720,CRC,32.166666666666664,312.47777777777776,251.6296296296296
10,721,CRC,31.667487684729064,325.7118226600985,231.2044334975369
10,722,CRC,32.0,335.6750902527076,175.9097472924188
10,723,CRC,31.890625,339.40401785714283,190.5803571428572
10,724,CRC,32.0,99.12403100775194,175.10077519379846
10,725,CRC,32.874213836477985,107.58490566037736,178.52410901467505
10,726,WT,32.291666666666664,109.91666666666669,199.25925925925927
10,727,WT,33.03216374269006,130.3918128654971,221.90058479532163
10,728,WT,32.93723849372385,132.9163179916318,243.28033472803347
10,729,CRC,33.094339622641506,145.0754716981132,128.3176100628931
10,730,WT,32.0,150.51700680272108,302.6938775510204
10,731,CRC,32.48945147679325,154.8649789029536,114.40084388185656
10,732,WT,32.502369668246445,154.32701421800948,273.1184834123223
10,733,WT,32.51792828685259,174.25099601593627,283.1075697211155
10,734,WT,32.527426160337555,197.9662447257384,306.74261603375527
10,735,WT,32.58895705521472,196.66871165644173,296.55214723926383
10,736,WT,33.81096681096681,201.82106782106783,276.75468975468976
10,737,WT,32.50581395348837,214.0872093023256,298.23837209302326
10,738,CRC,32.63380281690141,239.48356807511732,86.91079812206573
10,739,WT,32.5,250.30263157894737,298.4671052631579
10,740,CRC,32.52207792207792,283.1532467532468,110.31168831168831
10,741,CRC,32.0,298.5933333333333,277.44
10,742,CRC,33.07252747252748,316.3538461538462,149.86593406593406
10,743,CRC,32.58454106280193,323.1062801932367,131.38647342995168
10,744,CRC,32.37190082644628,326.099173553719,165.3305785123967
10,745,CRC,32.411471321695764,329.7007481296758,199.1995012468828
10,746,CRC,33.42142857142857,130.00714285714287,185.6
10,747,CRC,33.37912087912088,136.9010989010989,117.35714285714286
10,748,CRC,33.95492957746479,136.8676056338028,144.7830985915493
10,749,WT,34.0,136.98711340206185,204.22680412371133
10,750,WT,34.02970297029703,147.72937293729373,234.08250825082507
10,751,CRC,33.0,171.16571428571427,97.18857142857142
10,752,CRC,33.86666666666667,169.2030303030303,115.64848484848486
10,753,CRC,33.0,190.1888888888889,104.63333333333334
10,754,CRC,33.0,197.65714285714284,83.61904761904762
10,755,CRC,33.85931558935361,199.0114068441065,95.96958174904942
10,756,CRC,34.29375,213.29166666666663,265.83125
10,757,CRC,33.81481481481482,214.9458689458689,99.04273504273505
10,758,WT,33.48953974895397,221.55648535564853,283.0794979079498
10,759,WT,33.0,227.18965517241372,295.6982758620689
10,760,WT,33.526315789473685,231.8564593301436,282.8468899521531
10,761,WT,33.0,237.05882352941177,294.86764705882354
10,762,CRC,33.73096446700507,238.85786802030452,104.38578680203044
10,763,CRC,33.0,248.8395061728395,281.12345679012344
10,764,CRC,33.798833819241985,259.6588921282799,103.04081632653062
10,765,CRC,34.208695652173915,265.0869565217391,267.31304347826085
10,766,CRC,33.61194029850746,278.3768656716418,123.32089552238806
10,767,CRC,33.0,290.25,130.10416666666666
10,768,CRC,33.0,295.51417004048585,265.2793522267207
10,769,CRC,33.0,301.29473684210524,124.76842105263158
10,770,CRC,33.0,321.390243902439,172.29268292682926
10,771,CRC,33.52280701754386,319.5298245614036,192.47719298245613
10,772,CRC,34.252808988764045,139.9494382022472,165.7865168539326
10,773,WT,34.54770318021201,146.226148409894,217.583038869258
10,774,WT,34.0,148.08783783783784,249.5608108108108
10,775,WT,34.94539249146758,149.79522184300342,201.7679180887372
10,776,CRC,34.96458333333333,159.10833333333332,176.64375
10,777,CRC,34.422222222222224,155.82777777777778,148.5611111111111
10,778,CRC,34.0,157.44444444444446,119.5959595959596
10,779,WT,34.98550724637681,161.70652173913044,223.2826086956522
10,780,WT,34.4726368159204,161.07960199004975,242.08457711442787
10,781,CRC,34.95789473684211,174.0842105263158,130.8657894736842
10,782,WT,34.44345238095238,173.89285714285714,257.3958333333333
10,783,WT,35.05780346820809,180.6897880539499,238.5452793834297
10,784,CRC,34.88944723618091,180.22613065326632,113.52261306532664
10,785,WT,35.513333333333335,181.24,217.73111111111112
10,786,CRC,34.0,187.1015625,100.1796875
10,787,WT,35.285714285714285,194.68421052631572,253.9248120300752
10,788,WT,35.61764705882353,192.40392156862745,146.23333333333332
10,789,CRC,34.895384615384614,197.34153846153845,111.51384615384616
10,790,CRC,35.41648106904232,221.6904231625836,124.6391982182628
10,791,CRC,34.47043701799486,243.45758354755785,274.241645244216
10,792,CRC,34.532751091703055,253.0349344978166,117.45414847161572
10,793,CRC,34.0,287.45669291338584,136.93700787401573
10,794,CRC,34.0,290.7567567567568,256.61486486486484
10,795,CRC,34.0,292.6904761904762,158.34126984126985
10,796,CRC,35.34736842105263,151.07894736842104,186.14736842105265
10,797,CRC,35.42134831460674,164.3932584269663,194.68539325842696
10,798,WT,35.5531914893617,165.40851063829788,158.20851063829787
10,799,CRC,35.402234636871505,168.39106145251398,210.2122905027933
10,800,WT,35.47430830039526,172.0592885375494,237.22134387351772
10,801,WT,36.0452380952381,177.6261904761905,176.10476190476192
10,802,CRC,35.89385474860335,176.53072625698323,194.69553072625692
10,803,WT,35.0,176.66666666666666,147.01666666666668
10,804,WT,35.93984962406015,182.60902255639093,160.2355889724311
10,805,CRC,35.4646017699115,187.3230088495575,127.88938053097344
10,806,WT,35.355704697986575,188.04026845637583,260.6442953020134
10,807,CRC,35.99756690997567,191.7420924574209,177.92457420924575
10,808,WT,36.1255605381166,193.63677130044843,220.46636771300447
10,809,WT,35.889830508474574,196.39406779661016,238.8771186440678
10,810,CRC,35.5,200.15243902439025,122.07317073170732
10,811,WT,36.02215189873418,207.9272151898734,244.22151898734177
10,812,CRC,35.45816733067729,212.52988047808765,118.0
10,813,WT,36.2544080604534,209.44836272040305,217.1083123425693
10,814,CRC,35.0,213.6938775510204,145.0612244897959
10,815,WT,36.006,219.102,139.864
10,816,CRC,35.392265193370164,232.6961325966851,112.97237569060772
10,817,WT,35.0,239.89795918367344,121.46938775510203
10,818,CRC,35.51445086705202,247.2514450867052,137.9306358381503
10,819,CRC,35.475935828877006,251.3155080213904,258.7058823529412
10,820,CRC,35.0,281.4642857142857,255.69642857142856
10,821,CRC,35.0,286.25925925925924,247.90123456790124
10,822,CRC,35.59708737864078,289.2669902912621,164.48543689320388
10,823,CRC,35.0,288.4533333333333,234.26666666666668
10,824,CRC,35.39473684210526,292.82894736842104,150.56578947368422
10,825,CRC,35.45933014354067,296.688995215311,182.30143540669857
10,826,WT,36.0,179.17073170731706,140.64634146341464
10,827,WT,36.46984126984127,204.44761904761904,199.8507936507937
10,828,WT,36.510288065843625,207.19753086419752,184.4567901234568
10,829,CRC,36.43956043956044,205.6098901098901,135.66483516483515
10,830,CRC,36.34285714285714,216.0204081632653,154.08163265306123
10,831,WT,36.51046025104603,215.34309623430963,232.93305439330544
10,832,CRC,36.52348993288591,215.5704697986577,167.15436241610738
10,833,WT,36.0,230.19827586206893,180.75
10,834,CRC,36.0,233.7142857142857,157.0
10,835,CRC,36.507462686567166,249.726368159204,161.82089552238807
10,836,CRC,36.7891156462585,249.843537414966,195.6190476190476
10,837,CRC,36.55191256830601,262.9398907103825,166.0
10,838,CRC,36.71917808219178,261.94520547945206,211.58219178082192
10,839,WT,37.0,179.34883720930233,198.27906976744185
10,840,CRC,37.0,203.16666666666663,172.51666666666668
10,841,CRC,37.0,221.6727272727273,192.66666666666663
10,842,WT,37.0,227.84375,133.69791666666666
10,843,CRC,37.0,226.54545454545453,241.61818181818185
10,844,CRC,37.0,235.0561797752809,203.68539325842696
10,845,CRC,37.0,236.23684210526315,226.5087719298245
10,846,CRC,37.0,250.484375,242.9375
10,847,CRC,37.0,265.82022471910113,183.7191011235955
10,848,CRC,37.0,272.9135802469136,196.02469135802468
10,849,CRC,37.0,279.61538461538464,206.78846153846155
11,1,WT,3.2212765957446807,113.78581560283688,219.8070921985816
11,2,WT,2.504983388704319,121.62126245847176,208.93023255813952
11,3,CRC,3.1381381381381384,152.88288288288288,182.04654654654647
11,4,WT,2.9975429975429977,149.87223587223588,207.83046683046683
11,5,CRC,3.673423423423424,169.4009009009009,147.7027027027027
11,6,WT,3.00709219858156,184.06382978723408,222.66666666666663
11,7,WT,3.570967741935484,184.66612903225808,155.8483870967742
11,8,WT,3.231237322515213,197.9330628803245,159.56389452332658
11,9,WT,3.3933884297520662,201.1818181818182,176.80330578512397
11,10,WT,3.489795918367347,210.8265306122449,221.4959183673469
11,11,WT,3.4757785467128026,211.80276816609,240.84602076124568
11,12,WT,3.543859649122807,217.93640350877192,194.265350877193
11,13,CRC,2.4820143884892087,228.0107913669065,169.4748201438849
11,14,WT,2.0,228.54901960784315,260.45098039215685
11,15,WT,3.528155339805825,241.95728155339805,177.52815533980583
11,16,CRC,3.4070796460177,244.9221238938053,340.07256637168143
11,17,WT,3.4257425742574257,244.9884488448845,214.1006600660066
11,18,WT,3.541732283464567,249.45826771653543,230.80787401574804
11,19,CRC,3.5977011494252875,255.44827586206893,283.53256704980845
11,20,WT,2.0,259.1621621621622,199.1216216216216
11,21,WT,2.0,263.33076923076925,248.7846153846154
11,22,CRC,2.0,269.5,225.0
11,23,CRC,3.53184165232358,277.16523235800344,241.2685025817556
11,24,CRC,3.453703703703704,119.51851851851852,198.90740740740745
11,25,WT,4.058704453441296,125.0668016194332,251.85222672064776
11,26,CRC,3.41875,129.1625,178.228125
11,27,WT,3.913924050632912,130.70886075949366,267.5367088607595
11,28,WT,3.491638795986622,136.36120401337791,201.48494983277592
11,29,WT,3.0,135.4375,288.6666666666667
11,30,WT,3.739514348785872,141.98233995584988,259.52317880794703
11,31,WT,4.373303167420814,141.37782805429865,278.9128959276018
11,32,CRC,3.4761904761904763,148.73095238095237,153.45
11,33,WT,3.8993576017130622,146.3083511777302,242.96145610278373
11,34,WT,3.0,156.3279569892473,302.7956989247312
11,35,WT,3.647435897435898,158.09615384615384,283.39529914529913
11,36,WT,3.7908847184986594,162.98123324396784,263.65415549597856
11,37,WT,3.8615384615384616,161.36923076923077,227.9
11,38,WT,3.99003984063745,162.71513944223108,249.87250996015936
11,39,WT,3.0,167.91379310344828,244.23275862068965
11,40,WT,3.809364548494983,172.20401337792643,288.53511705685617
11,41,WT,3.4990253411306043,173.69005847953215,204.1598440545809
11,42,WT,4.130081300813008,172.1382113821138,311.88075880758805
11,43,CRC,3.0,175.33617021276595,335.82553191489365
11,44,WT,3.0,173.1157894736842,273.0
11,45,CRC,4.352589641434263,176.27091633466136,130.79083665338646
11,46,WT,3.5098591549295777,183.94647887323944,178.8450704225352
11,47,WT,3.961363636363637,183.4181818181818,256.82954545454544
11,48,WT,3.6910569105691056,184.0189701897019,303.05962059620595
11,49,CRC,3.3615635179153096,186.4169381107492,357.2996742671009
11,50,WT,3.6335616438356166,190.736301369863,243.22602739726028
11,51,WT,3.859375,193.5375,212.571875
11,52,WT,4.345890410958904,193.8013698630137,138.28424657534248
11,53,WT,3.850210970464135,193.6476793248945,293.668776371308
11,54,WT,3.628205128205128,201.40384615384616,192.58653846153845
11,55,WT,3.0,199.96273291925465,279.98136645962734
11,56,WT,3.7442455242966752,203.65728900255755,258.7826086956522
11,57,WT,3.763333333333333,205.5833333333333,207.78333333333333
11,58,CRC,3.740540540540541,203.0243243243243,345.25405405405405
11,59,WT,3.0,213.3609022556391,269.4135338345865
11,60,WT,3.97799511002445,216.6919315403423,304.7677261613692
11,61,WT,3.0,219.9294117647059,151.88235294117646
11,62,WT,4.0257510729613735,222.7596566523605,180.01931330472104
11,63,WT,3.964788732394366,223.25352112676052,212.95305164319248
11,64,WT,3.0,220.7625,284.125
11,65,WT,3.814070351758794,227.26381909547737,255.9195979899497
11,66,CRC,3.3554502369668247,225.61611374407585,351.18957345971563
11,67,WT,3.6340508806262233,229.1722113502936,332.4931506849315
11,68,WT,3.5056603773584905,230.4339622641509,226.46415094339625
11,69,WT,3.899280575539569,230.22062350119904,271.80815347721824
11,70,WT,4.017857142857143,235.4387755102041,241.0
11,71,CRC,3.0,237.9543378995434,300.87214611872145
11,72,CRC,3.957894736842105,233.5621052631579,368.6421052631579
11,73,CRC,3.0,239.3809523809524,360.4206349206349
11,74,WT,3.8094117647058825,241.14823529411763,284.75529411764705
11,75,WT,3.8296296296296295,245.02716049382715,322.2814814814815
11,76,WT,3.9750692520775615,243.8005540166205,250.9612188365651
11,77,WT,3.0,240.48387096774192,271.2258064516129
11,78,WT,3.0,243.5108695652174,222.5760869565217
11,79,CRC,3.0,251.35087719298247,168.44736842105263
11,80,WT,3.9607843137254894,254.5171568627451,264.64950980392155
11,81,WT,3.0,265.61333333333334,173.74666666666667
11,82,WT,3.952848722986248,270.55992141453834,189.03143418467585
11,83,CRC,3.9415730337078654,267.5168539325843,256.3775280898876
11,84,CRC,3.639830508474576,279.4618644067797,300.228813559322
11,85,WT,3.0,280.70786516853934,211.1460674157304
11,86,CRC,3.0,305.0978260869565,255.43478260869568
11,87,CRC,4.665217391304348,92.17826086956522,192.84782608695653
11,88,CRC,4.502645502645502,96.46031746031746,220.7962962962963
11,89,WT,5.070240295748613,96.68576709796672,245.9611829944547
11,90,WT,4.520491803278689,104.40163934426228,236.1844262295082
11,91,CRC,4.0,108.14166666666668,175.68333333333334
11,92,CRC,4.0,108.23423423423424,194.32432432432432
11,93,CRC,4.0,117.28915662650604,162.3132530120482
11,94,WT,4.40251572327044,118.8616352201258,276.55345911949684
11,95,WT,4.458974358974359,123.23076923076924,234.8897435897436
11,96,WT,4.756380510440835,119.47795823665894,299.59164733178653
11,97,CRC,4.0,121.07638888888889,147.67361111111111
11,98,WT,4.428030303030303,129.33712121212122,217.5871212121212
11,99,CRC,4.0,130.375,139.51785714285714
11,100,CRC,4.635820895522388,133.49253731343285,122.56417910447762
11,101,WT,4.934272300469484,135.33333333333334,307.5586854460094
11,102,WT,4.93734335839599,142.29323308270676,322.8220551378446
11,103,WT,4.546511627906977,144.05232558139534,229.1918604651163
11,104,WT,4.440329218106996,149.74074074074073,296.7448559670782
11,105,WT,4.490974729241877,152.7942238267148,216.0902527075812
11,106,WT,4.476190476190476,152.23333333333332,307.45714285714286
11,107,CRC,4.0,153.671875,128.54166666666666
11,108,WT,4.481308411214953,152.2289719626168,259.27570093457945
11,109,CRC,4.390092879256966,162.19195046439629,347.25696594427245
11,110,WT,4.465587044534413,163.23481781376518,298.2388663967611
11,111,WT,4.970660146699267,162.43276283618582,321.2836185819071
11,112,WT,4.495614035087719,163.69736842105263,277.1798245614035
11,113,WT,4.2631578947368425,167.4928229665072,191.9043062200957
11,114,WT,4.0,167.6320754716981,182.2830188679245
11,115,WT,4.0,171.97350993377484,238.94701986754967
11,116,WT,4.0,172.53846153846155,221.69230769230768
11,117,WT,4.415525114155251,173.44748858447488,171.20091324200914
11,118,CRC,4.6579710144927535,177.8840579710145,112.3623188405797
11,119,WT,4.453703703703703,177.4351851851852,268.63425925925924
11,120,WT,4.476190476190476,185.55102040816325,321.06802721088434
11,121,CRC,4.252427184466019,182.50485436893203,343.97087378640776
11,122,WT,4.412878787878788,190.79166666666663,268.8068181818182
11,123,WT,4.518115942028985,195.7608695652174,305.67028985507244
11,124,WT,4.0,198.01342281879195,235.4026845637584
11,125,CRC,4.583333333333333,196.7843137254902,336.05392156862746
11,126,CRC,4.0,198.8658536585366,368.0
11,127,WT,4.403125,203.215625,272.584375
11,128,WT,4.455223880597015,202.12686567164172,291.4813432835821
11,129,WT,4.924956369982548,207.2041884816754,125.91099476439793
11,130,CRC,4.45945945945946,205.84942084942085,359.7142857142857
11,131,WT,4.472118959107807,212.1895910780669,163.36802973977694
11,132,WT,4.437837837837838,220.33783783783784,144.47837837837838
11,133,WT,4.0,218.68382352941177,247.02205882352945
11,134,WT,4.448863636363637,216.6136363636364,261.6931818181818
11,135,WT,4.525925925925926,215.9777777777778,292.86296296296297
11,136,CRC,4.432900432900433,218.0995670995671,363.8658008658009
11,137,WT,4.413043478260869,220.89492753623188,277.69565217391306
11,138,WT,4.910411622276029,224.5520581113801,130.88619854721549
11,139,WT,4.570934256055363,222.6643598615917,313.75432525951555
11,140,CRC,4.3354037267080745,222.6024844720497,345.72049689441
11,141,WT,4.478632478632479,228.34757834757835,154.08262108262107
11,142,WT,4.470769230769231,237.2492307692308,163.56307692307692
11,143,WT,4.0,232.23232323232324,315.2929292929293
11,144,WT,4.0,234.0090909090909,198.7
11,145,WT,4.472527472527473,234.67765567765568,295.4065934065934
11,146,WT,4.440528634361233,237.1321585903084,328.0352422907489
11,147,CRC,4.463503649635037,241.7262773722628,354.03284671532845
11,148,WT,4.491379310344827,245.05172413793105,205.3836206896552
11,149,WT,4.459016393442623,243.57704918032783,266.9672131147541
11,150,WT,4.514745308310992,248.14209115281503,185.4101876675603
11,151,WT,4.462962962962963,246.2037037037037,296.65277777777777
11,152,CRC,4.354430379746836,253.98417721518987,316.5632911392405
11,153,WT,4.356913183279743,258.32797427652736,196.2733118971061
11,154,CRC,4.404651162790698,259.7581395348837,340.0837209302326
11,155,WT,4.505917159763314,259.6301775147929,162.3905325443787
11,156,WT,4.440613026819923,260.6360153256705,242.8467432950192
11,157,CRC,4.341584158415841,260.6237623762376,303.31188118811883
11,158,WT,4.488789237668161,264.0269058295964,210.47533632287
11,159,WT,4.423976608187134,269.39766081871346,224.0643274853801
11,160,CRC,4.0,266.0,320.49397590361446
11,161,CRC,4.0,269.5431472081218,298.0761421319797
11,162,CRC,4.362606232294618,275.342776203966,352.10764872521247
11,163,CRC,4.0,274.9342105263158,269.67763157894734
11,164,WT,4.0,275.04,208.36
11,165,CRC,4.564738292011019,284.3443526170799,339.08539944903583
11,166,CRC,4.0,281.1083333333333,322.675
11,167,WT,4.0,283.9494382022472,170.7865168539326
11,168,WT,4.382239382239383,285.96138996138995,220.5173745173745
11,169,CRC,4.0,286.8838709677419,276.51612903225805
11,170,CRC,4.0,286.69747899159665,252.4705882352941
11,171,WT,4.486486486486487,289.34362934362935,207.1891891891892
11,172,WT,4.49402390438247,288.7011952191235,189.08366533864543
11,173,CRC,4.0,295.04895104895104,311.6223776223776
11,174,CRC,4.320441988950276,291.4530386740332,329.5359116022099
11,175,CRC,4.0,294.6901408450704,288.3169014084507
11,176,CRC,4.0,303.1121495327103,262.303738317757
11,177,CRC,4.591078066914498,302.3197026022305,196.65055762081784
11,178,CRC,4.0,305.7142857142857,250.24844720496893
11,179,CRC,4.0,307.89252336448595,325.5514018691589
11,180,CRC,4.0,304.8775510204082,189.39795918367344
11,181,CRC,4.0,310.67424242424244,296.99242424242425
11,182,CRC,4.0,311.314606741573,281.6966292134832
11,183,CRC,4.440789473684211,313.75,241.8125
11,184,CRC,4.0,313.7716535433071,306.1023622047244
11,185,CRC,4.488888888888889,322.11944444444447,218.8
11,186,CRC,4.391089108910891,322.1039603960396,275.8960396039604
11,187,CRC,4.533665835411472,328.06982543640896,236.6508728179551
11,188,CRC,4.492857142857143,326.00357142857143,308.6821428571429
11,189,CRC,4.392857142857143,331.1272321428572,266.7366071428572
11,190,CRC,4.621621621621622,330.7905405405405,294.9222972972973
11,191,CRC,6.501282051282051,74.54358974358975,236.7871794871795
11,192,CRC,5.0,86.69154228855722,208.65671641791045
11,193,CRC,5.493540051679586,85.19638242894057,164.42894056847544
11,194,WT,5.0,85.04081632653062,276.734693877551
11,195,WT,5.444043321299639,99.7942238267148,262.84115523465704
11,196,WT,5.319620253164557,101.93987341772151,272.1044303797468
11,197,CRC,5.361940298507463,99.15298507462688,147.13059701492537
11,198,WT,5.362903225806452,104.08467741935485,286.21774193548384
11,199,WT,5.553846153846154,102.20615384615384,304.4276923076923
11,200,WT,5.0,113.88372093023256,225.5116279069768
11,201,CRC,5.514285714285714,114.0938775510204,124.1591836734694
11,202,CRC,5.0,114.88095238095238,152.5952380952381
11,203,WT,5.317757009345795,115.91588785046729,255.05140186915887
11,204,WT,5.0,119.28289473684212,314.1381578947368
11,205,CRC,5.0,121.77099236641222,141.412213740458
11,206,WT,5.406639004149378,123.41908713692946,285.9419087136929
11,207,WT,5.0,124.57575757575758,345.1818181818182
11,208,WT,5.0,125.1818181818182,323.72727272727275
11,209,WT,5.579591836734694,130.0408163265306,330.27755102040817
11,210,WT,5.0,134.98095238095237,297.8666666666667
11,211,WT,5.427027027027027,140.84324324324325,336.8810810810811
11,212,WT,5.561111111111111,141.4,348.8666666666667
11,213,CRC,5.465648854961832,148.41603053435114,105.33969465648856
11,214,WT,5.0,146.98360655737704,236.04918032786884
11,215,WT,5.32258064516129,155.55913978494624,341.68817204301075
11,216,CRC,5.0,153.89473684210526,119.5438596491228
11,217,WT,5.726415094339623,152.58490566037736,363.5518867924528
11,218,CRC,5.0,161.0,125.69473684210526
11,219,CRC,5.0,160.82051282051282,362.1410256410256
11,220,CRC,5.536480686695279,167.07725321888412,360.5407725321888
11,221,CRC,5.299674267100977,176.66775244299674,375.7947882736156
11,222,WT,5.0,175.3464566929134,333.78740157480314
11,223,CRC,5.0,176.04444444444445,92.02222222222224
11,224,CRC,5.0,179.47899159663865,359.5546218487395
11,225,WT,5.0,182.29032258064515,202.01612903225808
11,226,CRC,5.433789954337899,189.8858447488585,110.5890410958904
11,227,CRC,5.512820512820513,192.22564102564104,390.94358974358977
11,228,CRC,5.478632478632479,193.24786324786325,99.32478632478632
11,229,CRC,5.0,196.6107382550336,372.255033557047
11,230,WT,5.0,200.90243902439025,321.0243902439024
11,231,CRC,5.606164383561644,208.12328767123287,101.65068493150685
11,232,WT,5.0,209.1851851851852,342.1111111111111
11,233,WT,5.0,214.13138686131387,329.54744525547443
11,234,CRC,6.155080213903744,210.36898395721929,399.4349376114082
11,235,CRC,5.0,218.2577319587629,372.819587628866
11,236,CRC,5.480662983425415,218.5524861878453,116.28729281767956
11,237,CRC,5.405204460966543,228.4089219330855,385.4907063197026
11,238,WT,5.0,235.76023391812865,317.70175438596493
11,239,CRC,5.413333333333333,235.1955555555556,117.58222222222224
11,240,WT,5.0,241.6827309236948,133.6144578313253
11,241,CRC,5.432367149758454,244.7342995169082,389.9830917874396
11,242,CRC,5.0,246.90243902439025,110.0
11,243,CRC,5.0,253.0928571428572,373.9428571428571
11,244,WT,6.0699588477366255,257.86213991769546,117.70987654320987
11,245,WT,5.8,265.76181818181817,133.42727272727274
11,246,WT,5.0,260.2619047619048,190.2619047619048
11,247,CRC,5.0,262.6237623762376,369.1881188118812
11,248,WT,5.271468144044321,277.2354570637119,146.4847645429363
11,249,CRC,5.0,274.6216216216216,363.5135135135135
11,250,WT,5.0,276.11475409836066,178.50819672131146
11,251,WT,5.474006116207951,281.9296636085627,161.32721712538228
11,252,WT,5.0,289.03333333333336,177.88333333333333
11,253,CRC,5.676363636363637,288.9309090909091,379.6072727272728
11,254,CRC,5.0,293.0,360.68461538461537
11,255,CRC,5.0,298.264367816092,139.6206896551724
11,256,CRC,5.455414012738854,301.60828025477707,156.97452229299364
11,257,CRC,5.0,300.8876404494382,348.19101123595505
11,258,CRC,5.0,307.641975308642,183.3271604938272
11,259,CRC,5.7645348837209305,304.5843023255814,371.5901162790698
11,260,CRC,5.0,310.1801801801802,211.74774774774767
11,261,CRC,5.0,316.1272727272727,320.4727272727273
11,262,CRC,5.527075812274369,318.93140794223825,172.10830324909747
11,263,CRC,5.4094827586206895,321.2715517241379,197.67672413793105
11,264,CRC,5.0,326.7037037037037,327.8941798941799
11,265,CRC,5.0,324.5882352941176,160.09803921568627
11,266,CRC,5.0,335.9006211180124,252.6335403726708
11,267,CRC,5.40072202166065,332.51624548736464,181.76895306859203
11,268,CRC,5.48948948948949,339.28228228228227,201.9309309309309
11,269,CRC,5.386666666666667,337.74666666666667,274.92
11,270,CRC,5.0,335.4482758620689,334.3448275862069
11,271,CRC,5.0,344.7286432160804,217.93467336683412
11,272,CRC,5.330396475770925,341.17180616740086,233.91189427312776
11,273,CRC,6.415986949429038,352.13703099510604,313.2561174551387
11,274,CRC,6.025906735751295,352.4870466321244,277.4896373056995
11,275,CRC,6.763963963963964,66.25945945945946,214.45945945945945
11,276,CRC,6.0,72.73023255813953,197.0046511627907
11,277,WT,6.0,70.90217391304348,261.6521739130435
11,278,WT,7.393873085339169,70.26695842450766,299.5973741794311
11,279,CRC,6.0,77.14166666666667,182.6833333333333
11,280,CRC,6.899244332493703,75.06045340050377,254.81863979848868
11,281,CRC,6.898671096345515,76.04651162790698,151.46179401993356
11,282,WT,6.996677740863787,77.71760797342192,287.95348837209303
11,283,WT,6.446700507614213,85.751269035533,269.9746192893401
11,284,WT,8.544568245125348,81.57799442896936,315.9387186629526
11,285,WT,7.01328903654485,88.3687707641196,300.45514950166114
11,286,WT,6.474178403755869,90.68075117370891,280.99530516431923
11,287,WT,6.0,96.2890625,255.203125
11,288,WT,6.0,94.43548387096774,334.2903225806452
11,289,CRC,6.0,96.03045685279189,130.44670050761422
11,290,WT,6.415094339622642,99.65566037735849,293.8632075471698
11,291,WT,6.703180212014134,101.87279151943464,320.7809187279152
11,292,WT,6.776515151515151,113.04545454545456,343.1287878787879
11,293,WT,6.0,113.18072289156626,316.7710843373494
11,294,WT,6.484581497797357,114.73568281938326,330.61233480176213
11,295,WT,6.0,118.14606741573034,307.86516853932585
11,296,CRC,6.0,123.27007299270072,107.96350364963504
11,297,WT,6.260416666666667,125.56770833333331,341.8020833333333
11,298,WT,6.358108108108108,124.81756756756756,317.6283783783784
11,299,WT,6.485943775100401,130.8835341365462,358.1807228915663
11,300,WT,7.718266253869969,128.34674922600618,378.8730650154799
11,301,CRC,6.0,137.13761467889907,107.3394495412844
11,302,WT,6.417142857142857,144.88,367.37142857142857
11,303,CRC,6.895744680851064,158.56170212765957,385.38510638297873
11,304,CRC,6.0,163.62142857142857,92.07142857142856
11,305,CRC,6.0,167.29375,370.69375
11,306,CRC,6.0,171.3125,105.46875
11,307,CRC,6.337837837837838,177.7882882882883,87.45945945945945
11,308,CRC,6.990498812351544,181.08076009501187,74.03562945368171
11,309,CRC,6.543859649122807,207.6771929824561,79.91929824561403
11,310,CRC,7.098591549295775,219.4894366197183,82.85739436619718
11,311,CRC,7.009280742459397,233.292343387471,95.52204176334106
11,312,CRC,6.0,232.5185185185185,401.537037037037
11,313,CRC,6.486238532110092,246.03058103975536,105.07951070336392
11,314,CRC,6.0,272.06779661016947,393.0847457627119
11,315,CRC,6.460496613995486,279.75620767494354,114.62302483069978
11,316,CRC,6.0,296.6831683168317,144.4257425742574
11,317,CRC,6.0,300.65185185185186,132.34814814814814
11,318,CRC,6.0,293.8333333333333,361.94444444444446
11,319,CRC,6.0,310.2738095238095,339.6666666666667
11,320,CRC,6.0,314.0379746835443,347.5822784810127
11,321,CRC,6.0,316.6272727272727,149.47272727272727
11,322,CRC,6.351063829787234,322.9468085106383,358.8829787234043
11,323,CRC,6.0,322.2352941176471,331.5882352941176
11,324,CRC,6.0,329.4475138121547,155.34254143646407
11,325,CRC,6.297297297297297,328.9891891891892,344.6918918918919
11,326,CRC,6.0,337.15,213.1
11,327,CRC,6.245283018867925,334.5974842767296,327.72327044025155
11,328,CRC,6.49869451697128,343.1253263707572,181.99216710182768
11,329,CRC,6.316981132075472,351.7358490566038,226.21132075471692
11,330,CRC,6.0,352.8225806451613,212.45698924731184
11,331,CRC,6.405835543766578,357.13527851458883,249.7161803713528
11,332,CRC,6.0,351.32530120481925,269.51807228915663
11,333,CRC,6.430493273542601,356.4932735426009,236.1838565022421
11,334,CRC,6.664285714285715,357.79285714285714,199.31666666666663
11,335,CRC,6.461538461538462,359.24679487179486,293.78846153846155
11,336,CRC,7.042402826855124,371.356890459364,261.02120141342755
11,337,CRC,8.859344894026975,43.13294797687861,237.9556840077072
11,338,CRC,8.46734397677794,56.516690856313495,187.17634252539912
11,339,WT,8.315517241379311,59.60517241379311,252.95689655172413
11,340,WT,7.0,56.67857142857143,281.17857142857144
11,341,WT,7.422131147540983,74.12295081967213,271.09016393442624
11,342,CRC,7.338403041825095,83.79467680608364,122.7490494296578
11,343,CRC,7.0,94.4,119.26896551724138
11,344,WT,8.033240997229917,93.84210526315788,329.1634349030471
11,345,CRC,7.640845070422535,96.94014084507042,105.306338028169
11,346,CRC,8.393617021276595,111.6081560283688,85.87588652482269
11,347,CRC,7.0,111.8358208955224,111.48507462686568
11,348,WT,7.0,110.04761904761904,371.7142857142857
11,349,CRC,7.0,125.1592039800995,99.51741293532338
11,350,WT,7.50625,126.06875,369.0
11,351,WT,7.506976744186047,138.95348837209303,375.1813953488372
11,352,CRC,7.0,144.36024844720498,85.67701863354037
11,353,WT,9.155749636098982,145.235807860262,401.3988355167394
11,354,CRC,7.0,158.1705069124424,83.16129032258064
11,355,CRC,7.0,151.04,100.8
11,356,WT,7.0,156.8695652173913,370.4565217391304
11,357,CRC,7.0,165.15384615384616,395.0128205128205
11,358,CRC,7.391061452513966,182.18435754189943,403.927374301676
11,359,CRC,7.0,185.96969696969697,392.0
11,360,CRC,7.647540983606557,207.8606557377049,64.72950819672131
11,361,CRC,7.0,220.126582278481,405.8607594936709
11,362,CRC,7.372340425531915,232.74113475177305,407.822695035461
11,363,CRC,7.0,242.0540540540541,79.42342342342343
11,364,CRC,7.636363636363637,245.1381818181818,412.24
11,365,CRC,7.528985507246377,249.91666666666663,86.98913043478261
11,366,CRC,7.309941520467836,258.7368421052632,102.5906432748538
11,367,CRC,7.0,260.6891891891892,93.02702702702705
11,368,CRC,7.0,268.7435897435897,401.4871794871795
11,369,WT,7.685483870967742,277.93817204301075,102.76612903225806
11,370,CRC,7.0,288.27777777777777,120.83333333333331
11,371,CRC,7.62993762993763,290.93970893970896,401.08316008316007
11,372,CRC,7.0,294.1470588235294,382.4852941176471
11,373,CRC,7.0,301.2647058823529,108.8970588235294
11,374,CRC,7.0,320.19891008174386,372.7901907356948
11,375,CRC,8.877575757575757,322.5539393939394,394.64969696969695
11,376,CRC,7.613636363636363,326.3510101010101,127.05555555555556
11,377,CRC,7.292682926829267,340.1567944250871,347.2160278745645
11,378,CRC,7.0,345.2375478927204,155.32183908045977
11,379,CRC,7.4,352.1,329.59166666666664
11,380,CRC,7.389684813753582,367.025787965616,219.7134670487106
11,381,CRC,7.930526315789474,365.2357894736842,170.46315789473684
11,382,CRC,7.0,368.1891891891892,190.8918918918919
11,383,CRC,7.463878326996197,373.1444866920152,280.82889733840307
11,384,CRC,8.042628774422734,378.7353463587922,234.85079928952044
11,385,WT,8.0,49.403225806451616,260.96774193548384
11,386,WT,8.434456928838951,56.85767790262173,219.28464419475657
11,387,WT,8.823308270676693,54.20864661654135,279.41541353383457
11,388,WT,8.0,59.23157894736842,233.9157894736842
11,389,CRC,8.0,72.37158469945355,131.63387978142077
11,390,WT,8.63013698630137,72.51598173515981,323.51141552511416
11,391,WT,9.423799582463465,88.09394572025052,346.5114822546973
11,392,WT,8.508620689655173,94.78017241379312,352.5603448275862
11,393,WT,8.0,101.46315789473684,335.33684210526314
11,394,WT,8.0,104.67676767676768,354.06060606060606
11,395,WT,8.94836956521739,112.24184782608695,370.3532608695652
11,396,WT,8.0,114.05479452054794,349.75342465753425
11,397,WT,8.300813008130081,115.1951219512195,358.8130081300813
11,398,CRC,8.0,149.95294117647057,74.5
11,399,CRC,8.41246290801187,169.5341246290801,408.1008902077151
11,400,CRC,8.0,169.7,61.977777777777774
11,401,CRC,8.0,188.44117647058823,64.84558823529412
11,402,CRC,8.402366863905325,196.4970414201184,412.2485207100592
11,403,CRC,8.0,242.4522821576764,72.82572614107883
11,404,WT,8.61617900172117,278.68674698795184,82.97934595524957
11,405,CRC,9.012987012987011,276.1818181818182,414.28138528138527
11,406,CRC,8.47072072072072,305.86036036036035,101.67792792792793
11,407,CRC,9.181636726546904,310.23952095808386,401.2455089820359
11,408,CRC,8.431137724550899,319.2994011976048,110.63173652694611
11,409,CRC,8.0,317.6774193548387,375.2903225806452
11,410,CRC,8.849137931034482,332.1594827586207,377.23706896551727
11,411,CRC,8.0,333.6551724137931,364.1034482758621
11,412,CRC,8.0,342.26612903225805,135.5806451612903
11,413,CRC,8.393229166666666,355.96875,146.97395833333334
11,414,CRC,9.34136546184739,355.4698795180723,361.8092369477912
11,415,CRC,8.337037037037037,358.9037037037037,343.15185185185186
11,416,CRC,8.0,356.3333333333333,193.5
11,417,CRC,8.0,363.578125,201.984375
11,418,CRC,8.416879795396419,375.76214833759593,186.8081841432225
11,419,CRC,8.0,370.295,314.775
11,420,CRC,8.0,375.5272727272727,208.12727272727275
11,421,CRC,8.0,383.55263157894734,296.6118421052632
11,422,CRC,8.726190476190476,386.6785714285714,265.0119047619048
11,423,WT,9.945868945868948,39.31908831908832,276.84615384615387
11,424,WT,12.772268907563026,28.9890756302521,269.71512605042017
11,425,WT,10.417021276595746,41.57730496453901,198.8567375886525
11,426,WT,9.469194312796208,46.317535545023695,254.59241706161137
11,427,CRC,10.817347789824854,46.36113427856547,157.55713094245203
11,428,WT,9.453271028037385,51.91588785046729,240.65887850467288
11,429,WT,10.3354943273906,50.67585089141005,298.60777957860614
11,430,CRC,9.529680365296803,55.94063926940639,140.9406392694064
11,431,WT,12.579014715291107,46.23736404350608,315.19769673704417
11,432,CRC,9.490610328638498,66.21830985915493,121.64788732394366
11,433,WT,9.0,63.56944444444444,276.625
11,434,WT,9.45724907063197,70.59107806691449,309.3977695167286
11,435,CRC,9.4125,74.38333333333334,108.64166666666668
11,436,WT,10.020725388601036,83.67098445595855,337.7435233160622
11,437,CRC,9.831125827814567,83.24337748344371,93.56622516556293
11,438,WT,9.0,87.76760563380282,323.92957746478874
11,439,CRC,9.624548736462094,102.05415162454874,77.53790613718411
11,440,WT,10.38861386138614,100.22524752475248,370.73267326732673
11,441,WT,9.514950166112955,121.21926910299004,389.2159468438538
11,442,CRC,9.0,128.4855072463768,73.52173913043478
11,443,WT,9.55,132.6125,391.3625
11,444,WT,9.0,132.96491228070175,376.0
11,445,CRC,9.44767441860465,146.41860465116278,65.82848837209302
11,446,CRC,9.0,173.16597510373444,56.03734439834025
11,447,CRC,9.37524557956778,212.07269155206288,49.47937131630648
11,448,CRC,9.0,216.80357142857144,419.63392857142856
11,449,CRC,9.541666666666666,234.67892156862743,422.1887254901961
11,450,CRC,9.541871921182263,247.3152709359606,59.79802955665025
11,451,CRC,9.0,254.4022988505747,73.67816091954023
11,452,CRC,9.43956043956044,262.64102564102564,420.95238095238096
11,453,WT,9.0,267.7959183673469,72.02721088435374
11,454,WT,9.419642857142858,288.7053571428572,81.6547619047619
11,455,CRC,14.019915509957755,303.98008449004226,422.3409776704888
11,456,CRC,9.0,335.35714285714283,113.73469387755102
11,457,CRC,9.26923076923077,350.9260355029586,128.8550295857988
11,458,CRC,9.345132743362832,370.6814159292035,338.12389380530976
11,459,CRC,9.569965870307168,370.25597269624575,145.64163822525595
11,460,CRC,9.236363636363636,373.2848484848485,166.1818181818182
11,461,CRC,9.310240963855422,377.05120481927713,322.0240963855422
11,462,CRC,9.0,376.825,263.125
11,463,CRC,9.0,378.3932584269663,215.59550561797752
11,464,CRC,9.552511415525114,384.6575342465753,176.73972602739727
11,465,CRC,9.324137931034484,387.4206896551724,212.5103448275862
11,466,CRC,9.290598290598291,390.5,245.1452991452992
11,467,CRC,10.869158878504672,397.671562082777,283.7543391188251
11,468,CRC,9.0,392.0,199.5
11,469,WT,13.831550802139038,25.959893048128343,252.15686274509804
11,470,WT,11.398809523809524,39.11507936507937,295.2738095238095
11,471,WT,10.0,50.69565217391305,272.7971014492754
11,472,WT,10.0,51.872093023255815,193.24418604651163
11,473,WT,10.0,52.8421052631579,223.94736842105263
11,474,WT,11.56501547987616,61.371517027863774,345.1702786377709
11,475,WT,10.976833976833976,77.3050193050193,356.34749034749035
11,476,WT,10.952076677316294,84.4408945686901,369.3130990415335
11,477,WT,11.01301518438178,111.25379609544468,386.2516268980477
11,478,CRC,10.313915857605178,122.54692556634303,66.86731391585761
11,479,WT,13.3160577740017,127.65505522514869,411.15802888700085
11,480,CRC,11.132947976878611,158.85741811175336,50.82466281310212
11,481,CRC,10.48108108108108,160.32162162162163,413.9972972972973
11,482,CRC,10.0,168.27586206896552,46.72413793103448
11,483,CRC,10.0,171.12087912087912,418.2087912087912
11,484,CRC,10.0,183.63392857142856,46.77678571428572
11,485,CRC,11.28312570781427,216.76330690826728,430.9943374858437
11,486,CRC,10.0,255.3206106870229,424.9541984732824
11,487,CRC,10.0,265.0733333333333,62.17333333333333
11,488,CRC,11.54988913525499,283.8669623059867,425.1662971175167
11,489,CRC,10.0,293.65,68.28333333333333
11,490,CRC,11.997297297297298,304.3216216216216,68.9554054054054
11,491,CRC,10.453216374269006,317.1169590643275,86.16666666666667
11,492,CRC,10.805429864253394,348.39366515837105,380.947963800905
11,493,CRC,10.0,340.02923976608184,104.35087719298244
11,494,CRC,10.0,355.16129032258067,117.6774193548387
11,495,CRC,10.0,356.1304347826087,144.8695652173913
11,496,CRC,10.427450980392155,376.3764705882353,345.30196078431374
11,497,CRC,10.376681614349776,385.4080717488789,316.76233183856505
11,498,CRC,10.0,388.3731343283582,195.40298507462688
11,499,CRC,14.367599569429494,402.1533907427341,309.23412271259417
11,500,CRC,10.0,393.1212121212121,227.87121212121207
11,501,CRC,10.0,393.22222222222223,238.625
11,502,CRC,10.511627906976743,399.8488372093023,256.1124031007752
11,503,CRC,11.69248291571754,10.98861047835991,194.74259681093395
11,504,WT,11.948717948717947,29.2014652014652,239.0989010989011
11,505,WT,11.0,29.5,218.0
11,506,WT,11.0,31.444444444444443,205.59259259259252
11,507,WT,16.643122676579925,27.71282527881041,285.41635687732344
11,508,WT,11.0,42.80645161290322,218.1935483870968
11,509,CRC,16.824247710423027,43.695159180113386,115.5037069341474
11,510,CRC,11.0,70.59677419354838,100.0725806451613
11,511,CRC,11.0,85.45263157894736,82.08421052631579
11,512,WT,12.523809523809524,87.11904761904762,377.3511904761905
11,513,CRC,12.911335578002245,94.05162738496072,66.0976430976431
11,514,CRC,11.779944289693594,127.15320334261838,54.58774373259053
11,515,CRC,11.384341637010676,143.96797153024912,49.86832740213523
11,516,CRC,14.372413793103448,169.39310344827587,32.644827586206894
11,517,CRC,11.830870279146142,186.9983579638752,429.92118226600985
11,518,CRC,11.0,186.5,42.76
11,519,CRC,11.979020979020978,197.22027972027973,35.39160839160839
11,520,CRC,11.375,225.17045454545453,40.30113636363637
11,521,CRC,11.94291754756871,251.02325581395348,432.7441860465116
11,522,CRC,11.0,242.7619047619048,46.71428571428572
11,523,CRC,11.0,256.29457364341084,51.03100775193799
11,524,CRC,11.0,267.2181818181818,427.7878787878788
11,525,CRC,11.908355795148248,275.87601078167114,54.76819407008086
11,526,CRC,11.635802469135802,289.62345679012344,65.52160493827161
11,527,CRC,11.764705882352942,325.07612456747404,411.0657439446367
11,528,CRC,11.0,329.3728813559322,89.6864406779661
11,529,CRC,11.0,341.5274725274725,386.94505494505495
11,530,CRC,11.0,346.40637450199205,99.22709163346612
11,531,CRC,11.0,362.6330275229358,120.20642201834862
11,532,CRC,13.836269430051814,379.8704663212435,357.96269430051814
11,533,CRC,11.94,388.1818181818182,152.38
11,534,CRC,17.079665492957748,392.24515845070425,339.9705105633803
11,535,CRC,11.0,387.078431372549,171.40196078431373
11,536,CRC,11.0,394.0133333333333,193.50666666666663
11,537,CRC,11.0,398.3265306122449,204.58163265306123
11,538,CRC,11.0,397.0740740740741,178.2716049382716
11,539,CRC,11.0,400.247311827957,216.23655913978496
11,540,CRC,11.816666666666666,405.425,236.16944444444445
11,541,CRC,17.38927415626445,417.4868238557559,274.2635228848821
11,542,CRC,11.857142857142858,405.35540069686414,248.3554006968641
11,543,CRC,12.191142191142193,407.1771561771562,207.3986013986014
11,544,WT,12.666666666666666,23.83333333333333,249.81034482758625
11,545,WT,13.683950617283951,23.82716049382716,226.56049382716049
11,546,WT,13.637387387387388,26.41216216216216,210.1283783783784
11,547,CRC,12.358024691358024,33.25308641975309,184.5308641975309
11,548,WT,12.34020618556701,32.09278350515464,201.8659793814433
11,549,CRC,12.54026845637584,39.79865771812081,138.58053691275168
11,550,CRC,13.454680534918277,58.55274888558692,97.05794947994056
11,551,WT,12.47457627118644,67.74011299435028,335.76271186440675
11,552,CRC,16.366288492706644,76.03349540788763,71.55807671528903
11,553,WT,19.193535672053606,66.880567599527,371.8655892786756
11,554,WT,16.613975576662146,82.89416553595657,386.35006784260514
11,555,WT,12.3841642228739,110.51026392961876,397.0146627565982
11,556,CRC,12.0,113.28260869565216,59.19021739130435
11,557,CRC,17.765566037735848,143.7952830188679,34.83773584905661
11,558,WT,17.82290336313325,130.9374201787995,420.06087696892297
11,559,CRC,13.07161803713528,156.23076923076923,36.05570291777188
11,560,CRC,12.0,245.76136363636363,42.27272727272727
11,561,CRC,12.33862433862434,261.46031746031747,45.23280423280424
11,562,CRC,13.0,319.027397260274,73.82191780821918
11,563,CRC,12.57,336.635,404.41
11,564,CRC,12.51004016064257,340.6305220883534,85.45180722891567
11,565,CRC,14.256446991404012,352.6819484240688,389.8868194842407
11,566,CRC,14.13692480359147,360.7003367003367,91.5016835016835
11,567,CRC,17.675596971461854,367.0407687827606,378.56668608037273
11,568,CRC,12.0,370.6536585365853,118.64878048780488
11,569,CRC,14.113055181695827,391.4872139973082,133.89232839838493
11,570,CRC,12.493723849372383,385.10460251046027,347.5397489539749
11,571,CRC,12.887820512820513,399.1121794871795,169.2596153846154
11,572,CRC,12.0,401.0662251655629,186.3774834437086
11,573,CRC,13.282608695652174,13.782608695652174,188.33695652173915
11,574,CRC,14.243243243243244,29.095823095823096,149.97788697788698
11,575,CRC,13.0,31.967391304347824,170.7391304347826
11,576,WT,14.0835734870317,27.729106628242075,193.05763688760808
11,577,WT,18.120531154239018,28.67160367722165,304.84065372829417
11,578,WT,15.032520325203253,41.27235772357724,336.0149051490515
11,579,WT,13.397435897435898,53.76923076923077,333.29487179487177
11,580,WT,13.0,51.61111111111112,356.27777777777777
11,581,WT,16.670542635658915,109.20387596899224,408.82868217054266
11,582,WT,17.431148526758868,175.9362597714973,434.6295850871918
11,583,CRC,13.806603773584904,200.86320754716985,28.7688679245283
11,584,WT,13.0,202.8947368421053,438.9473684210527
11,585,CRC,14.811897106109324,221.39228295819936,26.52733118971061
11,586,WT,14.471956224350205,223.2065663474692,437.88235294117646
11,587,CRC,13.0,241.75,436.8482142857143
11,588,CRC,13.943396226415096,251.34305317324183,33.343053173241856
11,589,CRC,16.098837209302324,271.6058139534884,31.63953488372093
11,590,CRC,17.27,274.8414285714286,433.25714285714287
11,591,CRC,13.0,288.4594594594595,50.567567567567565
11,592,CRC,13.0,316.52830188679246,419.4905660377359
11,593,CRC,13.651245551601424,371.4839857651245,106.90747330960852
11,594,CRC,13.0,408.85393258426967,279.91011235955057
11,595,CRC,13.445,407.93,296.47
11,596,CRC,13.0,407.340206185567,188.4948453608248
11,597,CRC,13.548736462093864,412.2202166064982,198.09386281588448
11,598,CRC,13.0,411.1121495327103,225.9813084112149
11,599,CRC,13.548387096774194,414.15725806451616,237.91532258064515
11,600,WT,14.47867298578199,20.38862559241706,241.87677725118485
11,601,CRC,14.362204724409448,24.68503937007874,168.00787401574803
11,602,CRC,14.947712418300654,34.66013071895425,128.86056644880173
11,603,WT,17.31597222222222,49.14236111111112,348.2736111111111
11,604,WT,19.04830362277171,95.93789534215068,400.9419206440483
11,605,CRC,14.86624203821656,113.37101910828024,49.79458598726114
11,606,WT,18.98840725806452,154.78729838709677,430.4793346774193
11,607,CRC,14.914285714285716,183.3792207792208,25.18961038961039
11,608,WT,16.80406001765225,195.6804942630185,438.85083848190646
11,609,CRC,16.535331905781586,293.61134903640254,38.985010706638114
11,610,CRC,14.47588424437299,307.31832797427654,55.61093247588425
11,611,CRC,15.061969993476843,312.3913894324853,86.57142857142857
11,612,CRC,16.586341463414634,310.630243902439,63.80390243902439
11,613,CRC,15.064564564564565,342.3378378378378,71.33483483483484
11,614,CRC,14.96884735202492,395.98130841121497,339.5202492211838
11,615,CRC,17.09917355371901,411.0082644628099,155.5612321562735
11,616,CRC,14.478260869565217,411.4891304347826,275.4619565217391
11,617,CRC,16.230012300123,418.9040590405904,249.04674046740467
11,618,CRC,15.584664536741212,415.8194888178914,187.2188498402556
11,619,CRC,14.93628808864266,414.8421052631579,203.9168975069252
11,620,CRC,17.05169172932331,422.9342105263158,230.36654135338347
11,621,WT,19.512226512226512,20.07507507507508,265.6053196053196
11,622,WT,17.860026917900402,55.13862718707941,364.3458950201885
11,623,WT,15.488188976377952,74.81102362204724,379.26771653543307
11,624,CRC,17.35543018335684,95.69957686882934,53.84767277856135
11,625,CRC,19.690680100755667,122.99899244332494,37.663476070528965
11,626,CRC,16.389521640091115,190.98633257403188,20.8246013667426
11,627,WT,18.982046678635548,254.79473369239977,437.11011370436864
11,628,CRC,18.117158671586715,251.3219557195572,21.123616236162363
11,629,CRC,17.195954487989887,327.67509481668776,414.6384323640961
11,630,CRC,18.452956989247312,334.0954301075269,56.33467741935484
11,631,CRC,15.742372881355932,336.3525423728814,407.9728813559322
11,632,CRC,18.94464675892207,342.9045884923525,403.1099781500364
11,633,WT,20.516579406631763,35.15532286212915,323.81631762652705
11,634,WT,17.281314168377822,212.36960985626283,440.952772073922
11,635,WT,20.082660037290243,230.3797389683033,439.79428216283407
11,636,WT,16.53811659192825,259.36322869955154,438.695067264574
11,637,CRC,19.24488403819918,295.48362892223736,427.85675306957705
11,638,CRC,21.3408947700063,306.6313799621928,38.17454316320101
11,639,CRC,18.201331114808653,377.2129783693844,90.71381031613976
11,640,CRC,16.0,393.06451612903226,115.8225806451613
11,641,CRC,18.304696449026345,420.270332187858,174.9599083619702
11,642,CRC,16.0,415.418439716312,286.31205673758865
11,643,CRC,17.502762430939228,425.5193370165746,215.14364640883977
11,644,WT,20.65880503144654,20.570361635220127,223.27948113207543
11,645,CRC,19.08645753634277,23.50956388676358,163.96939556235654
11,646,CRC,21.181201044386423,28.014099216710186,148.60783289817232
11,647,CRC,19.927860696517413,54.2363184079602,88.95273631840796
11,648,CRC,18.2829373650108,63.29805615550756,79.71490280777537
11,649,WT,17.0,99.31884057971014,407.6376811594203
11,650,CRC,17.646017699115045,234.71238938053096,17.212389380530972
11,651,CRC,19.455971049457176,359.40048250904704,70.98190591073583
11,652,CRC,18.054711246200608,381.8085106382979,362.9483282674772
11,653,CRC,19.700831024930743,391.2409972299169,104.22437673130194
11,654,CRC,19.401668653158524,401.9129916567342,121.94994040524432
11,655,CRC,19.91954022988505,427.63793103448273,187.69396551724137
11,656,CRC,18.0,32.828828828828826,125.25225225225223
11,657,CRC,20.23285486443381,106.42583732057416,43.76395534290271
11,658,CRC,18.0,197.984375,21.90625
11,659,CRC,20.636666666666667,415.72833333333335,143.215
11,660,CRC,18.0,413.3305084745763,301.8135593220339
11,661,WT,21.197592778335004,21.46639919759278,244.67502507522568
11,662,WT,20.44929797191888,135.82839313572543,425.66458658346335
11,663,CRC,20.52166934189406,165.23756019261637,20.63884430176565
11,664,CRC,21.9992125984252,181.26299212598423,17.703937007874014
11,665,WT,20.483221476510067,20.1006711409396,184.09395973154363
11,666,WT,21.052489905787347,42.11574697173621,339.5006729475101
11,667,WT,22.361538461538466,169.8131868131868,433.5065934065934
11,668,WT,22.026476578411405,200.5560081466395,438.8279022403258
11,669,CRC,20.422131147540984,222.7254098360656,15.295081967213116
11,670,WT,20.0,240.28925619834712,439.8925619834711
11,671,WT,21.04225352112676,363.8267605633803,357.9394366197183
11,672,CRC,21.137254901960784,432.21813725490193,212.2892156862745
11,673,CRC,22.714902807775378,32.414686825054,130.7062634989201
11,674,CRC,21.57258064516129,211.3870967741936,13.544354838709678
11,675,CRC,21.426666666666662,274.38,24.80666666666667
11,676,WT,21.895104895104897,294.1981351981352,407.09324009324007
11,677,CRC,21.5364238410596,313.87417218543044,418.3675496688742
11,678,WT,22.0,21.041322314049587,207.86776859504133
11,679,WT,22.0,49.77142857142857,357.9714285714286
11,680,WT,22.0,50.29824561403509,345.12280701754383
11,681,WT,23.037142857142857,61.06,359.9142857142857
11,682,WT,22.65934065934066,84.42582417582418,389.9436813186813
11,683,CRC,22.0,228.75824175824167,19.12087912087912
11,684,WT,22.0,244.4591836734694,437.3265306122449
11,685,CRC,22.0,399.4808510638298,329.18297872340423
11,686,CRC,22.27717391304348,414.2445652173913,306.4619565217391
11,687,WT,23.61904761904762,253.9047619047619,410.2714285714285
11,688,WT,23.0,275.7142857142857,406.7714285714285
11,689,WT,23.36013986013986,314.8356643356643,393.541958041958
11,690,WT,23.558951965065503,333.4279475982533,378.7860262008734
11,691,WT,23.57377049180328,350.67622950819674,363.8483606557377
11,692,WT,23.445714285714285,361.54285714285714,350.92571428571426
11,693,WT,24.0,28.61403508771929,301.8070175438597
11,694,WT,24.603960396039604,45.43069306930693,175.16831683168317
11,695,WT,24.0,55.781065088757394,285.0118343195266
11,696,CRC,24.0,91.1904761904762,54.04761904761905
11,697,WT,24.0,135.5530303030303,421.84090909090907
11,698,WT,24.0,144.01282051282053,402.5128205128205
11,699,CRC,24.425619834710744,193.7809917355372,16.83884297520661
11,700,WT,24.0,233.3333333333333,412.5959595959596
11,701,WT,24.0,242.1046511627907,435.8720930232558
11,702,CRC,24.0,270.46666666666664,23.844444444444445
11,703,WT,25.159645232815965,272.59645232815967,399.1130820399113
11,704,CRC,24.485714285714284,292.4190476190476,31.723809523809525
11,705,WT,24.0,299.3170731707317,396.0060975609756
11,706,CRC,24.425,327.29375,47.48125
11,707,CRC,24.0,355.94262295081967,64.6311475409836
11,708,CRC,24.0,370.89473684210526,78.57894736842105
11,709,CRC,24.37209302325581,387.015503875969,94.86821705426355
11,710,CRC,24.0,415.15,140.6
11,711,CRC,25.0,50.43421052631579,150.31578947368422
11,712,WT,25.597902097902097,295.34965034965035,389.43356643356645
11,713,WT,27.623666343355964,334.25121241513096,357.8244422890398
11,714,CRC,25.77456647398844,354.91329479768785,345.1676300578035
11,715,WT,26.0,71.40588235294118,367.2529411764706
11,716,WT,26.0,89.06896551724138,390.0689655172414
11,717,WT,26.0,91.73076923076924,357.52564102564105
11,718,WT,26.0,145.25,397.84090909090907
11,719,WT,26.0,164.78518518518518,402.56296296296296
11,720,WT,26.0,213.86274509803923,409.1372549019608
11,721,WT,26.0,254.98657718120805,400.22147651006713
11,722,WT,26.48148148148148,321.9,371.137037037037
11,723,CRC,26.0,365.1111111111111,333.3111111111112
11,724,WT,27.59042553191489,53.973404255319146,201.5159574468085
11,725,CRC,28.61558441558441,67.8987012987013,135.2051948051948
11,726,CRC,27.0,70.54807692307692,108.7596153846154
11,727,WT,28.65261627906977,345.375,339.30232558139534
11,728,CRC,28.562753036437247,363.7449392712551,325.07085020242914
11,729,CRC,29.59057971014493,69.54166666666667,157.66847826086956
11,730,CRC,28.0,83.66666666666667,99.16666666666669
11,731,CRC,28.406593406593405,100.62087912087912,85.82142857142857
11,732,CRC,28.919117647058822,123.61948529411764,70.39154411764706
11,733,CRC,28.0,133.17117117117118,57.34234234234234
11,734,CRC,28.841666666666665,159.46666666666667,52.769444444444446
11,735,CRC,28.96491228070176,183.35672514619884,47.680311890838205
11,736,CRC,28.5273631840796,210.5771144278607,43.07462686567164
11,737,WT,28.807539682539684,245.6210317460317,389.6706349206349
11,738,CRC,28.7,253.4636363636364,44.16363636363637
11,739,WT,28.86934673366834,299.8190954773869,372.0376884422111
11,740,CRC,28.879213483146067,372.1488764044944,313.2865168539326
11,741,CRC,29.15873015873016,383.27777777777777,289.1845238095238
11,742,WT,29.91520467836257,64.23976608187135,216.280701754386
11,743,CRC,29.0,63.15833333333333,182.36666666666667
11,744,WT,29.0,79.36893203883496,273.49514563106794
11,745,WT,29.0,123.765625,374.4453125
11,746,WT,29.0,142.53488372093022,375.4728682170543
11,747,WT,29.0,155.22661870503595,380.1294964028777
11,748,WT,29.413145539906104,169.86854460093898,388.7464788732394
11,749,WT,29.392226148409893,186.91872791519435,391.14840989399295
11,750,CRC,29.0,232.92307692307693,44.20879120879121
11,751,CRC,31.26846590909091,252.5127840909091,55.89204545454545
11,752,WT,29.210355987055017,278.7831715210356,377.8446601941748
11,753,CRC,29.0,275.9135802469136,51.7037037037037
11,754,CRC,29.0,388.17283950617286,129.6172839506173
11,755,WT,30.47382920110193,72.00275482093664,198.7878787878788
11,756,CRC,30.73534338358459,83.93634840871022,130.46231155778895
11,757,CRC,30.880073800738007,106.26752767527675,95.53874538745389
11,758,WT,30.0,134.0281690140845,362.7887323943662
11,759,CRC,30.0,147.4390243902439,67.39837398373983
11,760,WT,31.0765306122449,161.99744897959184,369.3035714285714
11,761,CRC,30.98045112781955,177.92781954887218,61.39699248120301
11,762,WT,31.003067484662576,176.82208588957056,376.2730061349693
11,763,CRC,30.351190476190474,201.8928571428572,52.08928571428572
11,764,WT,31.641421947449768,209.64296754250387,376.8469860896445
11,765,WT,30.5703125,267.640625,370.8359375
11,766,WT,30.0,284.91346153846155,364.1442307692308
11,767,WT,30.0,285.88235294117646,380.05882352941177
11,768,CRC,30.0,363.13274336283183,305.4513274336283
11,769,CRC,30.0,400.4222222222222,256.3777777777778
11,770,WT,31.0,78.95604395604396,236.1098901098901
11,771,CRC,32.99247412982126,93.98777046095957,204.1476952022577
11,772,WT,32.02040816326531,92.49795918367349,245.8122448979592
11,773,WT,32.97858099062918,95.90896921017404,226.70816599732265
11,774,WT,31.36842105263158,92.40080971659918,263.6599190283401
11,775,CRC,32.531531531531535,92.07807807807808,183.99099099099092
11,776,WT,31.48936170212766,93.16489361702128,277.48936170212767
11,777,CRC,31.37336814621409,98.5822454308094,111.47780678851174
11,778,CRC,32.224489795918366,95.3469387755102,147.4530612244898
11,779,WT,31.80722891566265,102.59036144578312,286.68674698795184
11,780,WT,32.50370370370371,112.56,272.1807407407408
11,781,WT,32.77757685352622,119.04520795660036,299.7251356238698
11,782,WT,31.465217391304343,120.28260869565216,331.0304347826087
11,783,WT,31.37278106508876,127.6153846153846,347.4674556213018
11,784,WT,31.61081081081081,134.12432432432433,333.3513513513513
11,785,WT,31.48087431693989,149.65573770491804,358.8251366120219
11,786,WT,31.0,189.8953488372093,381.0232558139535
11,787,CRC,31.0,197.4857142857143,63.05714285714286
11,788,CRC,32.74298540965208,215.01795735129068,69.81032547699215
11,789,CRC,31.723364485981307,230.5252336448598,55.28224299065421
11,790,WT,31.30128205128205,229.7948717948718,376.2051282051282
11,791,WT,31.56451612903226,252.683870967742,364.8
11,792,CRC,32.510763209393346,319.4931506849315,103.24070450097848
11,793,CRC,31.43874643874644,337.017094017094,97.1937321937322
11,794,CRC,31.72222222222222,338.1666666666667,123.3962962962963
11,795,CRC,31.56896551724138,348.0488505747126,109.0632183908046
11,796,CRC,31.0,361.7619047619048,113.14285714285714
11,797,CRC,31.99124726477024,382.3588621444201,154.83807439824946
11,798,CRC,31.892644135188867,382.6461232604374,262.7176938369781
11,799,CRC,31.0,388.1126760563381,184.55633802816905
11,800,CRC,31.783001808318264,392.124773960217,240.3182640144665
11,801,CRC,31.0,398.6793893129771,177.12977099236642
11,802,CRC,31.56164383561644,398.2568493150685,198.5102739726028
11,803,CRC,31.0,398.8666666666667,165.04444444444445
11,804,WT,32.0,82.02857142857142,213.1428571428572
11,805,CRC,32.0,96.9102564102564,124.05128205128206
11,806,CRC,32.0,126.8473282442748,89.97709923664122
11,807,WT,33.223101265822784,134.60601265822783,318.13132911392404
11,808,CRC,32.0,144.5897435897436,79.24358974358974
11,809,WT,32.92086330935252,154.0935251798561,344.13189448441244
11,810,WT,33.27777777777778,158.2804232804233,332.64021164021165
11,811,CRC,32.78959810874704,159.32860520094562,79.01654846335697
11,812,WT,33.07954545454545,173.7443181818182,350.5151515151515
11,813,CRC,32.0,178.0952380952381,75.98639455782313
11,814,WT,32.0,186.79381443298968,372.44329896907215
11,815,WT,33.193763919821826,190.260579064588,354.3140311804009
11,816,CRC,32.240566037735846,199.1745283018868,64.69339622641509
11,817,WT,32.0,218.5507246376812,366.1159420289855
11,818,WT,32.927374301675975,228.3268156424581,357.3212290502793
11,819,WT,32.417355371900825,238.71487603305783,368.8305785123967
11,820,CRC,32.536986301369865,251.91780821917808,70.87123287671233
11,821,WT,33.67025572005384,261.96231493943475,341.94481830417226
11,822,WT,32.544117647058826,265.7549019607843,355.3186274509804
11,823,CRC,32.451827242524914,271.22259136212625,69.06312292358804
11,824,WT,32.0,289.6796875,355.8125
11,825,CRC,33.0260162601626,304.4227642276423,341.0439024390244
11,826,CRC,32.563265306122446,354.9510204081633,122.53877551020408
11,827,CRC,32.93913043478261,359.02608695652174,300.5282608695652
11,828,CRC,32.69976359338062,370.3238770685579,285.94089834515364
11,829,WT,33.0,82.88095238095238,231.32142857142856
11,830,CRC,33.0,84.42696629213484,199.3258426966292
11,831,CRC,33.5591054313099,103.51757188498402,162.02875399361022
11,832,CRC,33.0,128.52631578947367,99.76315789473684
11,833,CRC,33.55364806866953,144.92274678111588,92.67381974248929
11,834,WT,33.0,148.67073170731706,325.6463414634146
11,835,CRC,33.0,156.3404255319149,102.85106382978724
11,836,CRC,33.55392156862745,170.3921568627451,79.86274509803921
11,837,WT,33.96124031007752,180.7984496124031,335.1046511627907
11,838,WT,34.688946015424165,182.33419023136247,321.3521850899743
11,839,CRC,34.05614035087719,190.4456140350877,84.81228070175439
11,840,WT,34.36363636363637,193.1886363636364,333.7227272727273
11,841,WT,33.0,193.11827956989248,363.0537634408602
11,842,WT,33.53284671532847,205.41970802919707,356.9160583941606
11,843,WT,33.0,212.5494505494505,366.3186813186813
11,844,CRC,33.0,237.1978021978022,76.15384615384616
11,845,WT,33.36082474226804,248.1701030927835,356.3350515463917
11,846,CRC,33.57788944723618,282.9497487437186,339.18090452261305
11,847,CRC,33.962025316455694,294.1666666666667,326.5970464135021
11,848,CRC,34.8149556400507,307.3206590621039,115.00126742712294
11,849,WT,33.0,317.6931818181818,337.40909090909093
11,850,CRC,33.931174089068826,324.09514170040484,322.56477732793525
11,851,CRC,34.25,330.6930894308943,131.77642276422765
11,852,CRC,33.0,332.3939393939394,322.70454545454544
11,853,CRC,33.85099337748344,346.5927152317881,147.23841059602648
11,854,CRC,34.026905829596416,342.1210762331838,303.68609865470853
11,855,CRC,33.917098445595855,367.4715025906736,171.56476683937825
11,856,CRC,34.581755593803784,367.4991394148021,192.58347676419965
11,857,CRC,33.0,376.5193798449613,185.4883720930233
11,858,CRC,33.96849087893864,376.530679933665,221.5190713101161
11,859,CRC,33.0,379.10843373493975,251.289156626506
11,860,CRC,33.0,384.140625,201.921875
11,861,WT,35.17036011080332,123.8393351800554,249.2382271468144
11,862,CRC,34.0,126.09482758620688,128.8793103448276
11,863,WT,34.83291770573566,132.25187032418953,279.74812967581045
11,864,CRC,34.0,139.13253012048193,114.12048192771084
11,865,WT,34.0,149.26288659793815,316.12886597938143
11,866,WT,35.15659955257271,158.05592841163312,305.34004474272933
11,867,CRC,34.795180722891565,157.9132530120482,103.655421686747
11,868,WT,34.44600938967136,164.26760563380282,321.2112676056338
11,869,WT,34.61206896551724,203.2155172413793,344.66379310344826
11,870,WT,35.588235294117645,212.8891402714932,329.08371040723983
11,871,WT,34.39748953974895,223.3179916317992,347.44351464435147
11,872,CRC,34.0,232.71052631578948,80.25
11,873,WT,34.78481012658228,234.4177215189873,344.0632911392405
11,874,CRC,34.0,338.09316770186336,117.49068322981368
11,875,CRC,34.827292110874204,346.3944562899787,160.92110874200426
11,876,CRC,34.554545454545455,343.45,125.97727272727272
11,877,CRC,35.16975308641975,354.63425925925924,267.74228395061726
11,878,CRC,35.63204225352113,360.78169014084506,240.262323943662
11,879,CRC,35.0,119.36111111111111,218.5833333333333
11,880,WT,36.36480686695279,126.84763948497854,234.2789699570816
11,881,WT,35.967320261437905,135.5653594771242,264.2712418300654
11,882,WT,35.42857142857143,139.84571428571428,288.50857142857143
11,883,CRC,36.16129032258065,140.8736559139785,166.42741935483872
11,884,WT,35.53521126760563,152.36150234741783,298.6244131455399
11,885,CRC,35.0,156.08823529411765,158.05882352941177
11,886,WT,35.0,178.375,308.3020833333333
11,887,WT,35.53174603174603,203.8174603174604,317.8095238095238
11,888,CRC,35.49212598425197,219.8188976377953,86.64173228346456
11,889,WT,35.603896103896105,223.6428571428572,331.37012987012986
11,890,CRC,35.98081023454158,288.8336886993603,324.1599147121535
11,891,CRC,36.12718204488778,308.072319201995,130.16708229426433
11,892,CRC,35.93181818181818,310.07954545454544,314.2537878787879
11,893,CRC,36.33878504672897,318.5607476635514,142.15887850467288
11,894,CRC,35.46289752650177,334.18374558303884,288.46996466431096
11,895,CRC,35.591603053435115,339.94274809160305,147.88167938931298
11,896,CRC,35.91990846681922,341.9908466819222,173.8512585812357
11,897,CRC,36.06345177664975,356.8756345177665,193.8223350253807
11,898,CRC,35.78835978835979,363.8571428571428,213.90740740740745
11,899,WT,36.0,117.95652173913044,249.5507246376812
11,900,CRC,36.0,133.43396226415095,141.03773584905662
11,901,CRC,36.8,133.66,212.332
11,902,CRC,36.0,136.27472527472528,152.27472527472528
11,903,CRC,36.41592920353983,140.17256637168143,182.65929203539824
11,904,WT,36.97111111111112,144.35333333333332,240.01555555555555
11,905,WT,37.4,149.678125,223.5203125
11,906,WT,36.79342723004695,143.91079812206573,255.5117370892019
11,907,CRC,36.0,144.49586776859505,117.99173553719008
11,908,CRC,36.46753246753247,146.34632034632034,141.7012987012987
11,909,CRC,36.62926829268293,144.6,201.8292682926829
11,910,WT,36.84228187919463,153.49328859060404,268.01677852349
11,911,CRC,36.535384615384615,155.8830769230769,156.1046153846154
11,912,CRC,36.43636363636364,158.71363636363637,136.46818181818182
11,913,WT,36.75,161.1740506329114,280.70569620253167
11,914,CRC,36.49867374005305,170.73474801061008,123.4005305039788
11,915,CRC,37.95107033639144,173.51987767584097,205.3318042813456
11,916,WT,36.94329896907217,174.159793814433,289.10309278350513
11,917,WT,37.34529147982063,170.41479820627802,257.06502242152465
11,918,CRC,36.0,176.5981308411215,99.76635514018692
11,919,WT,36.0,182.17391304347825,250.0434782608696
11,920,WT,36.75949367088607,182.1476793248945,309.78691983122366
11,921,CRC,36.96428571428572,189.222049689441,122.02950310559008
11,922,CRC,36.0,196.07865168539325,98.35580524344569
11,923,WT,36.708955223880594,204.2064676616916,305.9776119402985
11,924,CRC,37.224043715847,211.7449908925319,121.11111111111111
11,925,CRC,37.05938697318008,226.955938697318,106.36590038314176
11,926,CRC,38.07741935483871,223.3,128.54516129032257
11,927,CRC,37.31944444444444,225.60119047619048,312.94444444444446
11,928,CRC,37.94146341463415,239.00853658536585,126.3780487804878
11,929,WT,36.67883211678832,238.02189781021897,329.37226277372264
11,930,CRC,36.0,247.70114942528733,89.33333333333333
11,931,CRC,37.05,254.5934782608696,302.69565217391306
11,932,CRC,37.56303972366148,272.42487046632124,301.4853195164076
11,933,CRC,36.552529182879375,292.1206225680934,304.3657587548638
11,934,CRC,36.0,316.0821917808219,299.4246575342466
11,935,CRC,37.159574468085104,318.75531914893617,165.42127659574467
11,936,CRC,36.395894428152495,329.6041055718475,156.9208211143695
11,937,CRC,36.581717451523545,331.9750692520776,267.601108033241
11,938,CRC,36.60283687943262,333.17021276595744,248.9290780141844
11,939,CRC,36.98780487804878,338.9857723577236,190.52235772357724
11,940,CRC,36.0,341.02702702702703,284.5405405405405
11,941,CRC,37.00705882352941,345.04,210.91294117647053
11,942,CRC,36.0,355.6341463414634,172.0609756097561
11,943,CRC,37.35526315789474,150.25,185.9802631578948
11,944,WT,37.45627376425856,158.23574144486693,251.69961977186315
11,945,CRC,37.62222222222222,156.5888888888889,208.07222222222225
11,946,CRC,37.66527196652719,161.5899581589958,175.96234309623432
11,947,CRC,37.543103448275865,170.17241379310346,238.76724137931035
11,948,CRC,37.901234567901234,169.93827160493828,220.4814814814815
11,949,CRC,37.88433734939759,173.21927710843374,184.08192771084336
11,950,CRC,37.0,172.2736842105263,162.2
11,951,WT,37.72354948805461,175.71672354948805,272.160409556314
11,952,CRC,37.452229299363054,178.36305732484075,147.8375796178344
11,953,CRC,38.00269541778976,180.9730458221024,247.722371967655
11,954,WT,38.11111111111112,184.53916211293264,223.2586520947177
11,955,WT,38.59058487874465,190.51640513552067,199.40513552068472
11,956,WT,37.8361581920904,190.21751412429376,287.8361581920904
11,957,WT,37.77005347593583,188.3021390374332,267.38235294117646
11,958,WT,38.069204152249135,194.60207612456747,246.439446366782
11,959,WT,38.40095087163233,200.44057052297936,219.17591125198092
11,960,WT,37.75454545454546,203.425,280.8159090909091
11,961,WT,38.62463343108504,206.12463343108504,243.4560117302053
11,962,CRC,38.34584980237154,221.71146245059288,256.7114624505929
11,963,CRC,38.71785028790787,226.26679462571977,152.63915547024953
11,964,WT,38.62037037037037,241.45555555555555,140.70185185185184
11,965,CRC,37.0,241.3687943262412,316.82978723404256
11,966,CRC,37.0,250.8989898989899,111.28282828282828
11,967,CRC,37.0,268.719512195122,120.4329268292683
11,968,CRC,37.43533123028392,276.45425867507885,130.2744479495268
11,969,CRC,37.59322033898305,304.2237288135593,157.37966101694914
11,970,CRC,37.0,321.93150684931504,288.21004566210047
11,971,CRC,37.70388349514563,323.00970873786406,183.38834951456312
11,972,WT,38.79864253393665,190.0837104072398,162.2420814479638
11,973,WT,38.83943661971831,190.4422535211268,180.90140845070425
11,974,CRC,38.0,192.26,144.18
11,975,WT,38.4607329842932,201.93193717277487,272.586387434555
11,976,WT,38.80530973451327,203.4203539823009,262.0929203539823
11,977,CRC,38.49248120300752,206.5563909774436,140.24812030075188
11,978,WT,38.99603174603175,205.13492063492063,169.42261904761904
11,979,WT,39.04905660377359,209.16415094339624,191.9962264150944
11,980,CRC,38.4327731092437,208.9033613445378,295.1764705882353
11,981,WT,38.958083832335326,219.5479041916168,275.7964071856288
11,982,CRC,39.20100502512563,227.31658291457288,220.3140703517588
11,983,CRC,39.12062256809339,237.40856031128405,271.1556420233464
11,984,CRC,38.0,245.19753086419752,285.87654320987656
11,985,CRC,39.10144927536232,259.1449275362319,268.7717391304348
11,986,CRC,38.0,261.8974358974359,289.0769230769231
11,987,CRC,39.02669902912621,264.4271844660194,156.4902912621359
11,988,CRC,38.84110169491525,283.03177966101697,163.625
11,989,CRC,38.0,294.13529411764705,146.39411764705883
11,990,CRC,38.52173913043478,302.7086956521739,176.7391304347826
11,991,CRC,38.5,304.1007194244604,189.71942446043167
11,992,CRC,38.0,323.544,206.504
11,993,WT,39.395833333333336,188.3125,261.40972222222223
11,994,WT,39.51546391752577,211.82474226804123,213.13058419243987
11,995,CRC,39.0,222.70689655172413,168.74137931034485
11,996,CRC,39.56776556776557,237.934065934066,234.4945054945055
11,997,WT,39.57421875,243.921875,214.1796875
11,998,CRC,39.0,244.47142857142856,247.5857142857143
11,999,CRC,39.57303370786517,255.8483146067416,148.25280898876406
11,1000,CRC,39.72573839662447,258.337552742616,186.5443037974684
11,1001,CRC,39.43867924528302,260.1509433962264,223.6556603773585
11,1002,CRC,39.61333333333334,273.6355555555556,173.4
11,1003,CRC,39.560509554140125,275.13375796178343,188.95541401273888
11,1004,CRC,39.0,274.7758620689655,253.36206896551724
11,1005,CRC,39.68108108108108,288.1351351351352,219.14594594594595
11,1006,CRC,39.0,304.0581395348837,239.5
11,1007,CRC,40.0,227.5555555555556,252.2828282828283
11,1008,WT,40.0,228.496551724138,199.06896551724137
11,1009,CRC,40.0,241.3571428571429,260.5357142857143
11,1010,CRC,40.0,246.2692307692308,194.41666666666663
11,1011,CRC,40.0,253.45,169.56
11,1012,CRC,40.0,257.43046357615896,230.78807947019868
11,1013,CRC,40.0,279.99468085106383,204.20744680851064
11,1014,CRC,40.0,301.7878787878788,192.2121212121212
12,1,CRC,3.59468438538206,70.39867109634551,290.59800664451825
12,2,CRC,3.3420593368237346,126.4258289703316,216.42757417102968
12,3,WT,3.4744094488188977,133.7224409448819,292.65354330708664
12,4,CRC,2.903688524590164,143.28073770491804,224.87704918032787
12,5,WT,2.0,142.2111111111111,243.24444444444444
12,6,WT,3.0127877237851663,144.35294117647058,260.81074168797954
12,7,WT,3.0488188976377955,148.37007874015748,282.5826771653543
12,8,WT,3.3655913978494625,154.105376344086,268.6516129032258
12,9,WT,3.1622340425531914,152.22340425531914,243.84574468085103
12,10,CRC,3.061692969870875,163.987087517934,206.7675753228121
12,11,WT,3.2917771883289126,167.07692307692307,255.74270557029172
12,12,WT,3.065491183879093,168.02518891687657,243.76070528967256
12,13,WT,3.116022099447514,169.353591160221,228.6022099447514
12,14,WT,2.864825581395349,172.14098837209303,304.0581395348837
12,15,WT,2.9539473684210527,180.43859649122808,216.81578947368425
12,16,WT,3.551987767584098,184.09174311926608,194.6422018348624
12,17,WT,3.0103092783505154,185.22680412371133,232.33505154639167
12,18,WT,3.138020833333333,186.3489583333333,246.81510416666663
12,19,WT,2.0,185.8252427184466,280.49514563106794
12,20,CRC,2.688659793814433,194.3835051546392,175.41237113402062
12,21,CRC,3.1074168797953963,189.17391304347825,160.84398976982098
12,22,WT,3.0892018779342725,190.1525821596244,262.7089201877934
12,23,CRC,2.461904761904762,195.94285714285715,374.2714285714285
12,24,WT,2.998046875,202.818359375,233.126953125
12,25,WT,2.96529284164859,203.0997830802603,190.68546637744035
12,26,WT,2.0,205.7840909090909,254.64772727272728
12,27,WT,3.2964824120603016,210.2964824120603,273.20435510887773
12,28,WT,3.1789473684210527,207.34912280701755,290.00350877192983
12,29,WT,3.067524115755627,207.935691318328,210.7749196141479
12,30,CRC,4.875360230547551,220.96613832853023,193.9668587896253
12,31,WT,2.8222222222222224,222.89777777777772,218.67555555555555
12,32,CRC,3.15203426124197,215.67665952890792,359.8565310492505
12,33,CRC,2.0,214.33898305084745,380.2203389830509
12,34,WT,3.041736227045075,226.05008347245408,235.9732888146912
12,35,WT,3.5424430641821947,223.85507246376807,302.55693581780537
12,36,WT,3.4552023121387285,230.79335260115607,317.28612716763007
12,37,CRC,2.0,233.4868913857678,190.90262172284645
12,38,WT,3.404705882352941,227.63294117647052,288.7505882352941
12,39,CRC,2.72636815920398,239.2810945273632,377.76119402985074
12,40,WT,3.107368421052632,242.2652631578948,250.7094736842105
12,41,WT,3.256302521008404,240.65546218487395,210.2268907563025
12,42,WT,3.4252252252252253,238.7099099099099,229.08828828828828
12,43,WT,3.241252302025783,248.30570902394103,287.0662983425414
12,44,CRC,2.8743169398907105,243.1338797814208,389.8825136612022
12,45,WT,3.5008517887563886,244.3304940374787,300.17035775127766
12,46,WT,3.378099173553719,247.3471074380165,260.72727272727275
12,47,WT,2.6215538847117794,250.93483709273184,228.25062656641603
12,48,CRC,3.340365682137834,252.49226441631504,192.38255977496485
12,49,CRC,3.292880258899676,255.7588996763754,351.7313915857605
12,50,CRC,2.0,253.825,304.725
12,51,WT,3.55,255.7384615384616,275.5769230769231
12,52,WT,3.356677524429968,260.3159609120521,244.13029315960912
12,53,WT,2.0,262.2212389380531,259.7699115044248
12,54,CRC,3.591362126245848,265.68936877076413,292.5797342192691
12,55,CRC,2.0,269.175,268.30833333333334
12,56,CRC,3.3369397217928904,281.7047913446677,370.741885625966
12,57,WT,3.41320293398533,282.1075794621027,249.8044009779951
12,58,WT,3.293296089385475,290.1466480446927,237.9427374301676
12,59,CRC,3.346210995542348,287.83803863298664,259.80237741456165
12,60,CRC,3.06378132118451,288.0250569476082,340.9453302961276
12,61,CRC,3.389984825493172,305.01820940819425,243.8770864946889
12,62,WT,3.0,127.24285714285716,270.8
12,63,WT,3.7471698113207546,133.65660377358492,251.011320754717
12,64,CRC,3.0,134.42424242424244,192.8939393939394
12,65,CRC,3.5591397849462365,141.54121863799284,236.32258064516128
12,66,WT,4.309327036599764,147.5926800472255,298.9067296340024
12,67,CRC,3.6222222222222222,149.8088888888889,191.67111111111112
12,68,WT,3.0,157.06666666666666,331.9
12,69,WT,3.743455497382199,161.2565445026178,282.18324607329845
12,70,WT,3.7815384615384615,166.6276923076923,317.4830769230769
12,71,WT,3.0,168.94059405940595,261.66336633663366
12,72,CRC,3.992970123022847,168.8488576449912,364.5289982425308
12,73,CRC,3.0,170.95238095238096,169.36190476190475
12,74,WT,3.0,173.656,273.584
12,75,WT,4.041994750656168,176.53543307086613,330.5826771653543
12,76,WT,3.0,175.28358208955223,286.8358208955224
12,77,WT,3.0,185.3219178082192,338.47945205479454
12,78,CRC,3.857615894039735,184.7980132450331,353.32781456953643
12,79,WT,3.774603174603176,187.66984126984127,320.53333333333336
12,80,CRC,3.0,188.9718309859155,367.225352112676
12,81,WT,3.888888888888889,193.4769647696477,288.9756097560976
12,82,WT,3.9558823529411766,196.18823529411765,309.5205882352941
12,83,WT,3.53781512605042,206.60084033613447,158.10504201680672
12,84,WT,3.588405797101449,203.4550724637681,249.8434782608696
12,85,WT,3.79064039408867,207.0369458128079,304.2413793103448
12,86,WT,3.5064935064935066,206.1590909090909,173.36688311688312
12,87,WT,3.698744769874477,205.5732217573222,326.71757322175733
12,88,WT,3.61980198019802,220.9267326732673,257.07722772277225
12,89,WT,4.042253521126761,224.9718309859155,164.23239436619718
12,90,WT,3.853372434017595,233.12609970674487,267.4193548387097
12,91,CRC,3.560483870967742,230.32258064516128,374.5161290322581
12,92,CRC,4.106435643564357,227.51980198019805,201.38118811881188
12,93,WT,3.875,240.9483695652174,278.48641304347825
12,94,WT,4.025477707006369,245.63906581740977,169.13375796178343
12,95,CRC,3.0,250.1,342.8333333333333
12,96,WT,3.0,249.40384615384616,147.75
12,97,CRC,3.3855421686746987,255.11807228915663,328.50602409638554
12,98,CRC,3.592814371257485,258.1856287425149,383.6467065868263
12,99,WT,3.868686868686869,262.2020202020202,171.95454545454547
12,100,WT,3.8537313432835822,267.9731343283582,224.710447761194
12,101,CRC,3.8215223097112863,267.4803149606299,319.6876640419948
12,102,CRC,3.458677685950413,265.9917355371901,373.58677685950414
12,103,CRC,3.0,268.6,398.8222222222222
12,104,CRC,3.0,269.8103448275862,340.88793103448273
12,105,WT,3.0,273.5575221238938,211.30088495575225
12,106,WT,3.551912568306011,276.71857923497265,191.74043715847
12,107,CRC,3.624,281.924,282.06
12,108,CRC,3.0,288.0416666666667,316.6041666666667
12,109,WT,3.93158953722334,289.58752515090544,224.06639839034204
12,110,WT,3.880769230769231,291.80192307692306,207.0346153846154
12,111,CRC,3.664615384615385,294.84615384615387,389.0492307692308
12,112,CRC,3.671641791044776,294.5492537313433,295.22985074626865
12,113,CRC,3.0,290.0,174.39473684210526
12,114,CRC,3.0,292.2077922077922,367.7012987012987
12,115,CRC,3.3692946058091287,305.29460580912865,332.6058091286307
12,116,CRC,3.0,306.3728813559322,363.6271186440678
12,117,CRC,3.623655913978496,310.9005376344086,303.9166666666667
12,118,CRC,3.0,311.06944444444446,275.84722222222223
12,119,CRC,3.4910714285714284,311.5833333333333,351.5952380952381
12,120,CRC,3.5622119815668203,310.93087557603684,256.98617511520735
12,121,CRC,3.50656660412758,322.90431519699814,282.24202626641653
12,122,CRC,3.36046511627907,322.16279069767444,324.51937984496124
12,123,CRC,3.369186046511628,327.6598837209302,257.7848837209302
12,124,CRC,4.531914893617022,93.14285714285714,227.2765957446809
12,125,CRC,4.699300699300699,97.46386946386946,254.3193473193473
12,126,CRC,4.293103448275862,101.0,209.3706896551724
12,127,CRC,4.460714285714285,102.06428571428572,188.85357142857143
12,128,WT,4.468208092485549,105.02601156069365,270.08670520231215
12,129,CRC,4.0,105.19148936170212,231.53191489361703
12,130,CRC,4.0,107.04109589041096,261.16438356164383
12,131,WT,5.06581352833638,110.81170018281536,301.6453382084095
12,132,CRC,4.0,115.40116279069768,196.6220930232558
12,133,WT,4.425076452599388,119.58103975535168,304.38837920489294
12,134,CRC,4.0,117.08900523560207,171.22513089005236
12,135,CRC,4.0,116.76847290640394,237.67487684729065
12,136,WT,4.341614906832298,119.78260869565216,258.944099378882
12,137,WT,4.290322580645161,121.21658986175116,283.7972350230415
12,138,WT,4.566787003610108,123.36101083032491,320.54512635379064
12,139,CRC,4.0,125.32835820895522,148.1044776119403
12,140,CRC,4.0,122.44660194174756,159.38834951456312
12,141,WT,4.356643356643357,130.45104895104896,263.4055944055944
12,142,WT,4.0,128.31623931623932,315.12820512820514
12,143,CRC,4.0,127.16901408450704,234.98591549295776
12,144,CRC,4.0,133.9715909090909,167.02272727272728
12,145,WT,4.875,131.89488636363637,335.61647727272725
12,146,CRC,4.0,136.17333333333335,182.8933333333333
12,147,WT,4.492682926829269,136.38048780487804,276.0780487804878
12,148,WT,4.932475884244373,132.86173633440515,303.81993569131834
12,149,CRC,4.0,140.48695652173913,153.91304347826087
12,150,CRC,4.465753424657534,142.39178082191782,136.26301369863015
12,151,WT,5.145278450363196,139.14285714285714,345.9685230024213
12,152,WT,4.0,143.5772357723577,340.2357723577236
12,153,WT,4.553191489361702,143.87943262411346,318.2659574468085
12,154,CRC,4.0,151.28467153284672,171.42335766423358
12,155,WT,4.8399014778325125,155.64532019704433,339.9384236453202
12,156,WT,5.089473684210526,150.42368421052632,328.5763157894737
12,157,WT,4.651515151515151,153.875,363.875
12,158,CRC,4.0,157.2214765100671,149.6510067114094
12,159,WT,4.48396501457726,162.53352769679302,349.8950437317784
12,160,WT,4.508021390374331,158.35294117647058,312.72192513368987
12,161,CRC,4.0,162.93258426966293,179.3033707865169
12,162,CRC,4.588983050847458,166.98728813559322,129.4915254237288
12,163,WT,4.0,163.79545454545453,329.4318181818182
12,164,CRC,5.232472324723247,161.3228782287823,380.0036900369004
12,165,WT,4.447183098591549,170.32394366197184,293.84154929577466
12,166,WT,4.431279620853081,171.92417061611374,267.7630331753555
12,167,CRC,4.0,170.03603603603602,161.95495495495496
12,168,WT,4.4088397790055245,171.5027624309392,279.5303867403315
12,169,CRC,4.3584070796460175,176.45575221238937,150.49115044247787
12,170,CRC,4.0,174.92307692307693,173.87912087912088
12,171,WT,4.502463054187192,179.33004926108376,346.8472906403941
12,172,CRC,4.466926070038911,182.77431906614785,133.5486381322957
12,173,WT,4.442477876106195,179.98230088495575,302.43362831858406
12,174,CRC,5.015801354401806,191.6139954853273,116.84875846501129
12,175,WT,4.4278606965174125,184.726368159204,277.55223880597015
12,176,CRC,4.0,185.9897959183673,383.8061224489796
12,177,CRC,4.3017751479289945,190.3786982248521,149.24260355029585
12,178,WT,4.0,193.2434210526316,217.4671052631579
12,179,WT,4.436823104693141,193.22021660649816,337.24548736462094
12,180,CRC,4.48469387755102,193.98469387755105,394.4438775510204
12,181,WT,4.4125874125874125,193.7692307692308,269.53846153846155
12,182,CRC,4.0,194.76363636363635,363.7272727272728
12,183,CRC,4.0,198.35802469135805,124.30864197530865
12,184,CRC,4.517647058823529,198.2549019607843,138.0078431372549
12,185,CRC,4.304347826086956,201.40993788819875,386.360248447205
12,186,WT,4.409326424870466,210.8031088082901,318.3626943005181
12,187,CRC,4.395498392282958,216.05144694533763,405.9324758842444
12,188,CRC,4.558704453441296,213.12955465587044,117.72874493927124
12,189,WT,4.0,213.0952380952381,243.82857142857145
12,190,WT,4.0,210.8333333333333,342.625
12,191,WT,4.0,215.53521126760563,221.4647887323944
12,192,WT,4.488135593220339,219.32203389830508,332.56949152542376
12,193,WT,4.311881188118812,219.2079207920792,345.9950495049505
12,194,WT,4.0,222.9296875,151.421875
12,195,CRC,4.321917808219178,220.8287671232877,382.9383561643836
12,196,WT,4.430962343096234,221.5481171548117,273.255230125523
12,197,CRC,4.477941176470588,227.29166666666663,136.98529411764707
12,198,WT,4.381188118811881,222.17821782178217,315.0841584158416
12,199,WT,4.0,226.05882352941177,179.44607843137254
12,200,WT,4.284810126582278,232.22784810126583,257.7974683544304
12,201,CRC,4.336879432624113,230.4255319148936,355.2304964539007
12,202,CRC,4.302158273381295,232.3992805755396,398.8489208633093
12,203,CRC,4.35693215339233,238.01769911504425,191.8171091445428
12,204,CRC,4.465034965034965,238.01398601398603,342.02797202797206
12,205,WT,4.495384615384616,242.2923076923077,323.2276923076923
12,206,WT,4.482456140350878,242.2894736842105,155.37280701754386
12,207,CRC,4.0,244.125,359.6875
12,208,CRC,4.532687651331719,249.20338983050848,142.63922518159805
12,209,WT,4.438931297709924,248.3740458015267,336.2519083969466
12,210,CRC,4.404907975460123,249.71779141104287,408.0122699386503
12,211,WT,4.333333333333333,251.7083333333333,215.9270833333333
12,212,WT,4.431192660550459,253.5183486238532,232.37614678899084
12,213,WT,4.442028985507246,254.69565217391303,303.8369565217391
12,214,CRC,4.0,263.51408450704224,394.67605633802816
12,215,WT,4.4487804878048784,262.0,257.18048780487806
12,216,WT,4.471153846153846,263.2019230769231,195.29807692307693
12,217,CRC,4.350230414746544,263.8847926267281,355.3963133640553
12,218,CRC,4.533333333333333,263.05,329.2972222222222
12,219,WT,4.551569506726457,265.0358744394619,208.8385650224216
12,220,WT,4.485185185185185,265.56666666666666,153.9
12,221,CRC,4.289099526066351,269.81516587677726,406.2464454976303
12,222,WT,4.409691629955947,269.90748898678413,267.8193832599119
12,223,WT,4.425,273.05,182.9875
12,224,WT,4.0,274.5581395348837,205.74418604651163
12,225,CRC,4.283544303797468,279.1924050632911,312.9240506329114
12,226,CRC,4.0,278.9811320754717,358.4811320754717
12,227,WT,4.826599326599327,282.0084175084175,148.17508417508418
12,228,WT,4.477876106194691,280.5221238938053,214.80088495575225
12,229,CRC,4.0,281.95652173913044,386.10434782608695
12,230,WT,4.822751322751323,288.1587301587302,184.61111111111111
12,231,CRC,4.954261954261955,290.64864864864865,168.8981288981289
12,232,CRC,4.0,294.9791666666667,273.8125
12,233,CRC,4.0,298.27,361.06
12,234,CRC,4.704845814977974,301.0616740088106,151.63876651982378
12,235,CRC,4.641456582633054,300.8767507002801,379.3557422969188
12,236,CRC,4.568,304.48,193.60266666666664
12,237,WT,4.4,312.93650793650795,231.04444444444445
12,238,CRC,4.0,310.9852941176471,269.6617647058824
12,239,WT,4.4801324503311255,311.9172185430464,212.7284768211921
12,240,CRC,4.425981873111782,318.6616314199396,190.59214501510573
12,241,CRC,4.0,317.33653846153845,339.16346153846155
12,242,CRC,4.746753246753247,320.5194805194805,371.1341991341992
12,243,CRC,4.0,322.8840579710145,378.1159420289855
12,244,CRC,4.564912280701755,327.5052631578947,210.69473684210527
12,245,CRC,4.445378151260504,328.8235294117647,223.7843137254902
12,246,CRC,4.0,332.5432098765432,250.5679012345679
12,247,CRC,4.538647342995169,331.2705314009662,352.8164251207729
12,248,CRC,4.0,328.48837209302326,308.94573643410854
12,249,CRC,4.0,335.15533980582524,272.6796116504854
12,250,CRC,4.4189723320158105,338.1185770750988,299.65612648221344
12,251,CRC,4.369085173501578,344.00630914826496,332.0694006309148
12,252,CRC,4.267567567567568,344.7081081081081,238.76216216216216
12,253,CRC,4.454237288135594,342.5050847457627,317.51525423728816
12,254,CRC,4.371541501976284,346.0632411067194,271.2529644268775
12,255,CRC,4.622395833333333,349.7083333333333,290.8177083333333
12,256,CRC,4.612529002320185,358.9048723897912,259.6566125290023
12,257,CRC,4.0,356.1090909090909,297.1090909090909
12,258,CRC,4.909090909090909,359.8477801268499,310.19450317124733
12,259,CRC,4.494845360824742,359.53264604810994,274.48797250859104
12,260,CRC,7.229254571026723,50.28410689170183,266.8059071729958
12,261,CRC,5.466307277628032,78.95687331536388,236.9056603773585
12,262,WT,5.451104100946372,96.92744479495268,278.8801261829653
12,263,CRC,5.0,97.35668789808918,174.6624203821656
12,264,WT,5.425396825396826,99.35555555555555,297.3238095238096
12,265,WT,5.0,109.2439024390244,315.8455284552846
12,266,WT,5.269461077844311,110.79041916167664,282.6826347305389
12,267,CRC,5.0,113.76551724137931,162.2206896551724
12,268,WT,5.432038834951456,128.373786407767,325.6747572815534
12,269,CRC,5.539641943734015,128.0153452685422,129.11508951406648
12,270,WT,5.334782608695652,139.95217391304348,361.095652173913
12,271,CRC,5.0,150.02797202797203,117.54545454545456
12,272,CRC,5.0,148.1967213114754,382.8196721311475
12,273,CRC,5.0,154.16666666666666,133.68115942028984
12,274,CRC,5.527638190954774,165.8391959798995,395.2211055276382
12,275,WT,5.0,167.85714285714286,332.1857142857143
12,276,CRC,5.257575757575758,175.34848484848484,108.1060606060606
12,277,CRC,5.0,174.52439024390245,384.0365853658537
12,278,CRC,5.0,177.87671232876713,122.17808219178082
12,279,CRC,5.0,178.5103448275862,400.2896551724138
12,280,CRC,5.422382671480144,200.71119133574007,104.5595667870036
12,281,CRC,5.0,201.50892857142856,412.3660714285714
12,282,CRC,5.0,206.97619047619048,401.6904761904762
12,283,CRC,5.540909090909091,214.5818181818182,104.1818181818182
12,284,WT,5.0,211.9142857142857,362.9142857142857
12,285,CRC,5.521739130434782,227.54037267080744,421.2049689440994
12,286,CRC,5.0,235.03703703703704,394.2592592592592
12,287,CRC,5.0,239.24516129032256,124.83870967741936
12,288,CRC,5.0,251.1716417910448,123.76865671641792
12,289,CRC,5.555102040816327,257.18367346938777,423.19591836734696
12,290,CRC,5.573275862068965,265.0732758620689,121.53017241379312
12,291,WT,5.0,267.92248062015506,142.7906976744186
12,292,WT,5.0,275.3626373626374,159.93406593406593
12,293,CRC,5.0,279.8235294117647,402.8235294117647
12,294,WT,5.578231292517007,284.6224489795918,128.05102040816325
12,295,CRC,5.0,286.2734375,417.515625
12,296,CRC,5.520775623268698,308.34626038781164,134.73130193905817
12,297,CRC,5.0,305.4222222222222,412.8888888888889
12,298,CRC,5.327433628318584,314.1061946902655,176.30973451327435
12,299,CRC,5.485795454545454,317.44034090909093,162.5681818181818
12,300,CRC,5.355769230769231,317.9679487179488,391.41987179487177
12,301,CRC,5.0,321.26612903225805,153.29032258064515
12,302,CRC,5.56282722513089,334.22251308900525,181.6178010471204
12,303,CRC,5.0,339.5230769230769,175.09230769230768
12,304,CRC,5.50984682713348,347.59956236323853,366.8402625820569
12,305,CRC,5.0,345.95238095238096,227.28571428571428
12,306,CRC,5.5504587155963305,350.44954128440367,195.13455657492355
12,307,CRC,5.305555555555555,350.05,210.4388888888889
12,308,CRC,5.0,349.8421052631579,255.2255639097744
12,309,CRC,5.576601671309192,352.57103064066854,233.5097493036212
12,310,CRC,5.829153605015674,365.5329153605016,353.9294670846395
12,311,CRC,5.0,360.4150943396226,188.0
12,312,CRC,5.717948717948718,366.8179487179487,214.05641025641023
12,313,WT,5.0,364.22352941176473,232.75294117647056
12,314,CRC,5.562352941176471,367.4752941176471,329.66823529411766
12,315,CRC,5.0,370.3082706766917,251.2406015037594
12,316,WT,5.0,374.0736842105263,238.54736842105265
12,317,CRC,5.5,374.3488372093023,286.74418604651163
12,318,CRC,6.0,70.98611111111111,251.10763888888889
12,319,CRC,6.417857142857143,70.53928571428571,200.9142857142857
12,320,CRC,6.393518518518518,71.37037037037037,214.41666666666663
12,321,WT,6.0,78.50434782608696,264.19565217391306
12,322,CRC,6.0,79.01764705882353,176.0529411764706
12,323,CRC,6.0,82.90441176470588,189.0073529411765
12,324,WT,6.47265625,86.484375,304.0703125
12,325,WT,6.973856209150327,79.2723311546841,283.57080610021785
12,326,CRC,6.0,89.08,170.712
12,327,WT,6.859154929577465,91.42957746478874,323.24295774647885
12,328,WT,6.0,95.29323308270676,290.94736842105266
12,329,WT,6.420454545454546,96.75757575757576,314.0530303030303
12,330,CRC,6.370491803278688,95.48524590163936,146.87868852459016
12,331,WT,6.0,100.12280701754386,352.6666666666667
12,332,WT,6.94331983805668,106.95141700404858,344.01349527665315
12,333,WT,6.359116022099448,106.04419889502762,328.1325966850829
12,334,CRC,6.0,109.0337552742616,133.0590717299578
12,335,WT,6.0,116.41818181818182,325.3909090909091
12,336,WT,6.696629213483146,118.188202247191,363.7696629213483
12,337,WT,6.296774193548387,129.78387096774193,354.03548387096777
12,338,WT,6.0,131.71604938271605,374.5061728395062
12,339,CRC,6.0,139.09395973154363,113.52348993288592
12,340,WT,6.403940886699507,143.3054187192118,377.1034482758621
12,341,WT,6.0,142.84615384615384,315.61538461538464
12,342,CRC,6.0,153.23076923076923,104.29585798816568
12,343,CRC,6.436893203883495,156.87864077669903,393.7718446601942
12,344,WT,6.0,157.12820512820514,358.02564102564105
12,345,CRC,6.0,161.09615384615384,415.46153846153845
12,346,CRC,7.143103448275862,161.75344827586207,410.1775862068965
12,347,CRC,6.0,167.67961165048544,108.747572815534
12,348,CRC,6.77979274611399,170.65025906735752,93.43782383419688
12,349,CRC,6.375722543352601,184.8092485549133,89.84393063583815
12,350,CRC,6.0,185.5084745762712,412.8898305084746
12,351,CRC,6.495535714285714,199.1428571428572,95.13392857142856
12,352,CRC,6.0,207.4,420.678431372549
12,353,CRC,6.811320754716981,215.9811320754717,86.80592991913747
12,354,CRC,6.0,210.1578947368421,413.1578947368421
12,355,CRC,6.496621621621622,231.59797297297297,92.82432432432432
12,356,CRC,6.0,235.16438356164383,112.6027397260274
12,357,CRC,6.538095238095238,233.74761904761905,432.2380952380952
12,358,CRC,6.516666666666667,240.7125,98.55833333333334
12,359,CRC,6.611111111111111,252.4736842105264,102.16666666666669
12,360,CRC,6.0,259.08496732026146,109.84313725490196
12,361,CRC,6.855072463768116,276.1280193236715,100.67391304347828
12,362,CRC,6.627118644067797,270.33898305084745,434.7457627118644
12,363,WT,6.32824427480916,282.6564885496183,114.18320610687024
12,364,CRC,6.945525291828794,296.97665369649803,114.16536964980544
12,365,CRC,6.4,300.14059405940594,423.8158415841584
12,366,CRC,6.0,315.24888888888887,406.0933333333333
12,367,CRC,6.0,319.87943262411346,133.645390070922
12,368,CRC,6.0,321.9620253164557,148.0506329113924
12,369,CRC,6.0,330.7518796992481,394.57142857142856
12,370,CRC,6.9948320413436695,332.35400516795863,126.61757105943153
12,371,CRC,6.0,341.8327137546468,163.37918215613382
12,372,CRC,6.817733990147783,342.51724137931035,143.05172413793105
12,373,CRC,6.41156462585034,348.18367346938777,383.6054421768707
12,374,CRC,6.0,353.3972602739726,157.54794520547946
12,375,CRC,6.319371727748691,364.6910994764398,179.12041884816753
12,376,CRC,6.407624633431085,372.7712609970674,230.4516129032258
12,377,CRC,6.466019417475728,377.06472491909386,247.57605177993528
12,378,CRC,6.7189695550351285,378.4824355971897,198.384074941452
12,379,CRC,6.0,381.7615062761506,307.65271966527195
12,380,CRC,6.0,377.5344827586207,347.75
12,381,CRC,6.0,382.0285714285714,277.27142857142854
12,382,CRC,6.837777777777778,384.3133333333333,321.7266666666667
12,383,CRC,6.922636103151863,384.36676217765046,259.6131805157593
12,384,CRC,6.916473317865429,387.8816705336427,235.8816705336427
12,385,CRC,8.804607508532424,56.06655290102389,222.32337883959045
12,386,CRC,7.761565836298932,57.34163701067616,188.97153024911032
12,387,CRC,7.257383966244726,65.0675105485232,244.78902953586496
12,388,WT,8.785615491009683,60.91424619640387,276.90318118948824
12,389,CRC,7.465648854961832,66.44274809160305,172.24045801526717
12,390,CRC,7.514657980456026,67.59934853420195,258.2540716612378
12,391,WT,7.636,76.164,302.936
12,392,CRC,7.0,77.2,159.70625
12,393,WT,7.0,75.01470588235294,262.0882352941176
12,394,CRC,7.0,75.56756756756756,232.5675675675676
12,395,WT,7.394618834080718,81.31838565022422,313.17488789237666
12,396,CRC,7.0,81.1,136.2125
12,397,WT,8.09366391184573,90.74931129476585,337.92011019283746
12,398,CRC,7.0,103.5246913580247,126.14814814814817
12,399,WT,7.578431372549019,107.47549019607844,359.5637254901961
12,400,CRC,7.550420168067227,118.4873949579832,106.10084033613444
12,401,WT,7.0,118.45882352941176,346.4823529411765
12,402,WT,7.523529411764706,121.63529411764706,372.59411764705885
12,403,WT,7.641618497109826,123.78612716763006,386.4277456647399
12,404,CRC,7.0,124.58,124.72
12,405,CRC,7.0,129.26451612903224,106.32903225806452
12,406,WT,7.0,133.06410256410257,369.2307692307692
12,407,WT,7.0,134.11650485436894,380.3592233009709
12,408,CRC,7.0,142.31372549019608,95.42156862745098
12,409,WT,7.512,143.564,396.392
12,410,CRC,7.3776223776223775,153.12587412587413,92.2937062937063
12,411,CRC,7.487068965517241,160.24137931034485,79.81896551724138
12,412,CRC,7.47953216374269,177.22222222222223,82.70175438596492
12,413,CRC,7.0,189.8434782608696,424.9739130434783
12,414,CRC,7.435897435897436,201.9551282051282,80.34615384615384
12,415,CRC,7.0,207.8571428571429,104.0
12,416,CRC,7.0,214.3939393939394,428.6363636363636
12,417,CRC,7.435,222.82,76.83
12,418,CRC,7.0,245.9795918367347,440.8571428571428
12,419,CRC,7.4520547945205475,247.71575342465752,84.4486301369863
12,420,CRC,7.506493506493506,262.83116883116884,97.29004329004329
12,421,WT,7.0,288.94805194805195,95.04545454545456
12,422,CRC,7.366336633663367,306.73762376237624,104.87128712871286
12,423,CRC,7.0,307.4935064935065,417.8441558441559
12,424,CRC,7.311046511627907,324.26453488372096,411.8313953488372
12,425,CRC,7.376425855513308,322.7832699619772,111.26615969581748
12,426,CRC,7.0,329.8984375,400.59375
12,427,CRC,7.410358565737051,352.41035856573706,134.32270916334662
12,428,CRC,7.885454545454546,358.0272727272727,397.0090909090909
12,429,CRC,7.0,354.0595744680851,152.75744680851065
12,430,CRC,7.0,367.7887323943662,164.6056338028169
12,431,CRC,7.484304932735426,368.9103139013453,375.8116591928251
12,432,CRC,8.030434782608696,379.6630434782609,368.1065217391304
12,433,CRC,7.0,381.56535947712416,340.61764705882354
12,434,CRC,7.0,382.8235294117647,226.65441176470588
12,435,CRC,7.0,385.65686274509807,302.078431372549
12,436,CRC,7.468023255813954,391.9418604651163,216.88953488372093
12,437,CRC,7.0,394.2907488986784,275.2511013215859
12,438,CRC,7.351791530944626,398.4527687296417,289.5342019543974
12,439,CRC,8.521452145214521,406.1732673267327,309.6221122112211
12,440,CRC,7.0,401.1060606060606,260.3636363636364
12,441,CRC,7.0,401.6701030927835,242.82474226804123
12,442,WT,8.968337730870713,54.12401055408971,247.01583113456465
12,443,WT,9.204488778054865,62.12219451371571,298.66084788029923
12,444,CRC,8.0,70.55555555555556,155.3111111111111
12,445,WT,8.0,73.41702127659575,323.11489361702127
12,446,CRC,8.0,73.1547619047619,144.42857142857142
12,447,WT,9.788571428571428,74.59542857142857,332.57142857142856
12,448,CRC,8.24436090225564,85.8157894736842,127.72556390977444
12,449,WT,9.883809523809523,86.54857142857144,355.60571428571427
12,450,WT,9.613672496025435,93.24006359300476,373.5516693163752
12,451,CRC,8.0,103.74545454545456,107.9939393939394
12,452,WT,10.037337662337665,110.4448051948052,389.09090909090907
12,453,WT,8.40329218106996,130.7366255144033,399.1152263374486
12,454,CRC,8.0,142.664,82.6
12,455,WT,8.817034700315457,148.07570977917982,415.22712933753945
12,456,CRC,8.270341207349082,176.35695538057743,430.07086614173227
12,457,CRC,8.678343949044587,180.81210191082803,66.36305732484077
12,458,CRC,8.0,197.41333333333333,71.58666666666667
12,459,CRC,8.434426229508198,201.29918032786884,439.2745901639344
12,460,CRC,8.442857142857143,208.07142857142856,67.50952380952381
12,461,CRC,8.0,217.1205673758865,440.7163120567376
12,462,CRC,8.0,231.03030303030303,93.45454545454544
12,463,CRC,8.0,234.22429906542047,68.01869158878505
12,464,CRC,8.0,242.7659574468085,445.2269503546099
12,465,CRC,8.0,248.7,75.8
12,466,CRC,8.539792387543253,266.03460207612454,449.3148788927336
12,467,CRC,8.0,266.10377358490564,81.50943396226415
12,468,CRC,8.0,288.22105263157897,439.9052631578948
12,469,CRC,9.668523676880223,287.7200557103064,77.81058495821728
12,470,CRC,8.0,304.60493827160496,432.4609053497943
12,471,CRC,9.008948545861298,306.8545861297539,87.08277404921701
12,472,CRC,8.0,319.71875,117.375
12,473,CRC,8.0,318.3333333333333,99.1851851851852
12,474,CRC,8.87218045112782,340.0338345864662,422.874060150376
12,475,CRC,9.734351145038168,347.4595419847328,413.4625954198473
12,476,CRC,8.0,345.73809523809524,397.8452380952381
12,477,CRC,8.0,365.44444444444446,144.01709401709402
12,478,CRC,8.0,377.9595375722544,155.83815028901734
12,479,CRC,8.0,376.5479452054794,350.6438356164384
12,480,CRC,8.434659090909092,392.5340909090909,344.0880681818182
12,481,CRC,8.7325,391.3125,163.93
12,482,CRC,9.960061443932412,398.1966205837173,360.3195084485407
12,483,CRC,8.645308924485127,396.7276887871853,184.02745995423345
12,484,CRC,8.821428571428571,405.2314285714286,229.4228571428572
12,485,CRC,8.0,400.780303030303,203.0378787878788
12,486,CRC,8.556666666666667,402.4666666666666,327.63
12,487,CRC,9.278164116828927,413.7524339360223,249.53129346314324
12,488,CRC,8.0,403.0778443113773,268.92814371257487
12,489,CRC,8.6158940397351,408.9900662251656,294.5827814569536
12,490,WT,10.571428571428571,41.0776397515528,226.5947204968944
12,491,WT,10.283082077051926,41.6214405360134,289.52596314907873
12,492,CRC,9.595936794582393,48.36568848758465,182.1083521444696
12,493,WT,10.032679738562091,49.12091503267974,303.27450980392155
12,494,CRC,9.866920152091256,47.250950570342205,202.96958174904944
12,495,CRC,9.541871921182263,53.2807881773399,166.79310344827587
12,496,CRC,10.411167512690357,56.1015228426396,144.04737732656514
12,497,CRC,9.0,58.85294117647059,233.19117647058823
12,498,CRC,9.0,66.25531914893617,137.70212765957447
12,499,WT,9.569288389513108,68.66292134831461,352.07116104868913
12,500,CRC,9.37218045112782,77.65789473684211,124.69548872180452
12,501,CRC,9.43801652892562,97.41322314049587,106.87603305785125
12,502,WT,9.327956989247312,103.4247311827957,380.0
12,503,CRC,9.0,102.8780487804878,92.14634146341464
12,504,CRC,9.0,110.83636363636364,99.46363636363635
12,505,WT,9.0,121.88095238095238,394.468253968254
12,506,CRC,9.801916932907348,120.4376996805112,83.75079872204473
12,507,WT,10.377551020408164,120.39455782312923,408.68820861678006
12,508,CRC,9.0,134.54748603351956,82.6536312849162
12,509,WT,11.08781127129751,148.0878112712975,431.2634338138925
12,510,CRC,9.31578947368421,158.80161943319837,73.10526315789474
12,511,CRC,9.448275862068966,167.78620689655173,426.096551724138
12,512,CRC,9.553488372093025,201.1767441860465,55.92093023255814
12,513,CRC,9.493927125506072,222.15384615384616,57.89473684210526
12,514,CRC,9.53968253968254,219.42328042328043,452.23280423280426
12,515,CRC,9.571428571428571,236.5375939849624,57.0187969924812
12,516,CRC,9.886075949367088,239.08860759493672,456.17510548523205
12,517,CRC,9.367149758454106,248.17391304347825,68.43961352657004
12,518,CRC,10.941391941391942,281.55128205128204,61.34798534798535
12,519,CRC,9.38095238095238,321.13419913419915,433.4588744588745
12,520,CRC,9.0,324.22222222222223,93.9673202614379
12,521,CRC,9.404580152671755,337.08396946564886,97.37022900763358
12,522,CRC,9.492537313432836,352.3462686567164,107.84179104477612
12,523,CRC,9.442822384428224,365.5815085158151,119.31630170316302
12,524,CRC,9.0,367.7264150943397,138.12264150943398
12,525,CRC,9.227513227513228,378.5238095238095,149.12698412698413
12,526,CRC,10.053921568627452,388.3700980392157,378.8799019607843
12,527,CRC,9.0,402.1284403669725,352.3211009174312
12,528,CRC,9.729783037475343,413.3353057199211,199.3846153846154
12,529,CRC,9.0,408.5353535353535,273.3636363636364
12,530,CRC,9.80089485458613,420.2102908277405,269.93064876957493
12,531,WT,10.0,41.630434782608695,248.5217391304348
12,532,CRC,10.537234042553193,46.069148936170215,158.4255319148936
12,533,WT,11.67353407290016,45.50079239302694,318.42947702060223
12,534,WT,11.395860284605432,55.965071151358345,329.7205692108668
12,535,CRC,10.426829268292684,67.5060975609756,122.9329268292683
12,536,WT,10.336538461538462,82.66666666666667,340.12179487179486
12,537,CRC,10.440860215053764,81.59139784946237,110.94086021505376
12,538,CRC,10.282352941176471,87.41764705882353,97.61764705882354
12,539,WT,10.646511627906976,85.46976744186047,366.8372093023256
12,540,CRC,10.0,104.18253968253968,88.74603174603175
12,541,CRC,10.515151515151516,131.0,75.44155844155844
12,542,CRC,10.494545454545454,143.67636363636365,65.92
12,543,CRC,10.623076923076924,156.58461538461538,61.51923076923077
12,544,CRC,10.507575757575758,165.15530303030303,438.39772727272725
12,545,CRC,10.0,166.4184397163121,63.80141843971632
12,546,CRC,10.0,179.54444444444445,59.52222222222223
12,547,CRC,10.593869731800766,184.367816091954,51.07662835249042
12,548,CRC,10.643292682926829,213.64939024390245,44.698170731707314
12,549,CRC,10.763239875389408,259.8785046728972,54.10280373831776
12,550,CRC,10.0,262.5882352941176,454.88235294117646
12,551,CRC,10.0,270.1122448979592,66.4795918367347
12,552,CRC,10.4126213592233,284.40291262135923,453.9514563106796
12,553,WT,10.0,293.2586206896552,86.89655172413794
12,554,CRC,10.0,306.6146788990825,441.6605504587156
12,555,WT,11.286919831223628,308.9493670886076,70.34177215189874
12,556,CRC,10.494736842105263,314.6736842105263,446.5210526315789
12,557,CRC,11.351528384279476,321.92139737991266,78.37991266375546
12,558,CRC,10.833333333333334,333.0432098765432,85.44444444444444
12,559,CRC,10.52482269503546,332.8900709219858,437.3262411347518
12,560,CRC,10.764912280701754,368.61929824561406,404.1035087719298
12,561,CRC,10.0,378.82307692307694,130.5076923076923
12,562,CRC,11.038781163434903,394.8116343490305,135.33240997229916
12,563,CRC,10.0,400.286274509804,161.2313725490196
12,564,CRC,10.0,404.8053097345133,346.82300884955754
12,565,CRC,10.0,407.5741935483871,183.6967741935484
12,566,CRC,10.744736842105263,413.6105263157895,331.7421052631579
12,567,CRC,10.937007874015748,423.8241469816273,285.8083989501312
12,568,CRC,10.566666666666666,421.7791666666666,211.22916666666663
12,569,CRC,10.84295612009238,423.0993071593534,301.7321016166282
12,570,CRC,11.05829596412556,428.0044843049328,260.19282511210764
12,571,WT,13.0,26.77949438202247,275.6362359550562
12,572,WT,16.737051792828684,22.421812749003983,214.5408366533865
12,573,WT,11.43127962085308,33.74881516587678,254.91943127962085
12,574,WT,15.492077464788732,21.216549295774648,264.88732394366195
12,575,WT,13.260762607626075,33.09471094710947,305.3554735547356
12,576,WT,11.379008746355684,37.71720116618076,240.8892128279884
12,577,CRC,11.0,40.79527559055118,192.77165354330708
12,578,CRC,11.0,42.47115384615385,180.4903846153846
12,579,CRC,12.0835734870317,39.164265129683,172.7435158501441
12,580,CRC,11.0,50.34782608695652,149.31884057971016
12,581,CRC,11.0,54.65079365079365,127.6984126984127
12,582,WT,12.181148748159057,59.860088365243,356.7378497790869
12,583,CRC,11.0,70.96794871794872,118.0448717948718
12,584,WT,11.95100864553314,75.63688760806916,377.1037463976945
12,585,CRC,12.56967213114754,76.42622950819673,95.66188524590164
12,586,WT,12.068601583113455,88.39313984168865,390.26912928759896
12,587,CRC,12.713350785340314,90.91099476439793,83.09031413612566
12,588,CRC,11.44255319148936,108.07234042553192,79.63404255319149
12,589,CRC,13.637408568443051,115.46081504702194,63.60188087774295
12,590,WT,11.0,133.0086956521739,418.90434782608696
12,591,CRC,12.485294117647058,160.65257352941177,49.09007352941177
12,592,CRC,11.0,179.1846153846154,444.0
12,593,CRC,15.520818630910377,179.47494707127734,457.7635850388144
12,594,CRC,11.0,191.6,41.77142857142857
12,595,CRC,11.465968586387437,197.28795811518324,454.8743455497382
12,596,CRC,11.0,205.69230769230768,50.1978021978022
12,597,WT,15.272881355932205,222.5723163841808,465.44293785310737
12,598,CRC,11.0,243.7983870967742,50.08467741935484
12,599,CRC,11.0,256.8211382113821,462.2682926829268
12,600,CRC,11.547619047619047,269.1011904761905,48.17261904761905
12,601,CRC,11.717241379310344,304.2931034482759,454.0
12,602,CRC,11.595070422535212,323.35915492957747,448.25
12,603,CRC,11.501706484641636,347.358361774744,86.62457337883959
12,604,CRC,11.376681614349776,348.695067264574,429.23766816143495
12,605,CRC,11.0,361.43888888888887,98.30555555555556
12,606,CRC,12.209876543209877,391.48559670781896,122.94650205761316
12,607,CRC,11.0,401.05555555555554,149.02777777777777
12,608,CRC,11.0,410.0340909090909,165.9375
12,609,CRC,11.0,414.8205128205128,183.18803418803412
12,610,CRC,11.0,419.2,320.0777777777778
12,611,CRC,11.513513513513514,429.5057915057915,232.67567567567568
12,612,CRC,12.0,13.706521739130435,223.15217391304347
12,613,WT,15.895337773549,22.10371075166508,293.74595623215987
12,614,CRC,12.887096774193548,26.616935483870968,202.51612903225808
12,615,WT,12.0,31.504761904761907,228.7904761904762
12,616,WT,12.325301204819278,31.2710843373494,298.16265060240966
12,617,CRC,12.44632768361582,33.41242937853107,192.3050847457627
12,618,WT,12.289855072463768,35.608695652173914,286.19565217391306
12,619,CRC,12.296296296296296,44.142857142857146,151.22222222222223
12,620,CRC,15.451104100946372,53.59700315457413,109.71214511041008
12,621,WT,14.088122605363983,58.32950191570881,370.9655172413793
12,622,CRC,13.682926829268292,64.27439024390245,102.1849593495935
12,623,WT,18.055450236966823,69.6568720379147,396.0767772511848
12,624,WT,12.0,89.13492063492063,371.8015873015873
12,625,WT,13.264864864864863,93.66126126126126,400.990990990991
12,626,WT,12.567357512953368,106.64766839378238,411.0077720207254
12,627,WT,15.671090047393363,115.63981042654028,428.8123222748815
12,628,WT,12.0,126.01754385964912,413.4736842105263
12,629,WT,13.435443037974684,132.8367088607595,433.5582278481013
12,630,CRC,12.456410256410257,135.27692307692308,62.287179487179486
12,631,CRC,12.834841628959277,144.28280542986425,55.71266968325792
12,632,WT,12.451923076923077,159.5625,436.32211538461536
12,633,CRC,13.936127744510978,165.8882235528942,448.6686626746507
12,634,CRC,15.294238683127572,169.16358024691357,34.90020576131688
12,635,CRC,12.898395721925134,196.3262032085561,36.839572192513366
12,636,CRC,13.122222222222222,217.07407407407408,33.80740740740741
12,637,CRC,18.18338727076592,243.07605177993528,467.7912621359224
12,638,CRC,12.0,247.06896551724137,42.36206896551724
12,639,CRC,12.0,265.42105263157896,463.8684210526316
12,640,CRC,15.753300330033005,274.5338283828383,466.506600660066
12,641,CRC,12.872901678657074,308.8129496402878,59.81534772182254
12,642,CRC,12.540462427745664,338.514450867052,441.7514450867052
12,643,CRC,16.42824427480916,361.9083969465649,426.8435114503817
12,644,CRC,12.582644628099173,362.0165289256198,88.85950413223141
12,645,CRC,13.0126582278481,379.3776371308017,101.07172995780591
12,646,CRC,14.0221465076661,386.5161839863714,402.3611584327087
12,647,CRC,12.461904761904762,395.06666666666666,382.9095238095238
12,648,CRC,12.0,408.8645833333333,146.17708333333334
12,649,CRC,12.0,413.58024691358025,158.1604938271605
12,650,CRC,15.29054054054054,421.1525096525097,352.0530888030888
12,651,CRC,13.047413793103448,424.9978448275862,170.35775862068965
12,652,CRC,12.0,426.4857142857143,317.0
12,653,CRC,15.136445242369838,432.0682226211849,322.59874326750446
12,654,CRC,12.634751773049643,432.2730496453901,193.39716312056737
12,655,CRC,12.558510638297872,430.8244680851064,295.031914893617
12,656,CRC,12.506211180124224,433.9503105590062,214.6770186335404
12,657,CRC,13.0,12.25,222.95
12,658,WT,16.548579970104633,20.24813153961136,245.6457399103139
12,659,CRC,16.323411102172162,23.041834271922767,163.09975864843122
12,660,CRC,13.0,30.91176470588235,184.26470588235293
12,661,WT,13.484444444444444,40.02222222222223,336.4844444444444
12,662,WT,13.0,43.17391304347826,301.80434782608694
12,663,CRC,18.740127867619407,40.038736367055286,126.17186912373072
12,664,WT,18.06650831353919,41.19536817102138,356.67636579572445
12,665,WT,13.0,48.1078431372549,321.69607843137254
12,666,WT,13.38586956521739,69.80434782608695,358.0108695652174
12,667,WT,13.0,66.92307692307692,341.4871794871795
12,668,CRC,16.526654411764707,95.14154411764706,69.05147058823529
12,669,WT,16.38536155202822,206.93915343915344,465.14726631393296
12,670,CRC,13.50378787878788,232.6590909090909,33.13257575757576
12,671,CRC,13.522088353413654,255.6465863453816,465.85140562249
12,672,CRC,13.415841584158416,261.35973597359737,38.415841584158414
12,673,CRC,13.5,286.6988636363636,43.37215909090909
12,674,CRC,16.611226611226613,319.6715176715177,456.07068607068607
12,675,CRC,13.418848167539268,323.31413612565444,61.58638743455497
12,676,CRC,13.427983539094653,336.8847736625514,68.77777777777777
12,677,CRC,13.971111111111112,347.53333333333336,441.5355555555556
12,678,CRC,13.0,349.464,79.216
12,679,CRC,16.533391915641477,375.04657293497365,415.3330404217927
12,680,CRC,13.0,391.1192660550459,109.4954128440367
12,681,CRC,13.553435114503817,406.0916030534351,128.98091603053436
12,682,CRC,17.466216216216218,413.98423423423424,369.3701201201201
12,683,CRC,13.521028037383177,419.0303738317757,147.8341121495327
12,684,CRC,13.0,421.0095238095238,342.6380952380952
12,685,CRC,15.665694849368318,438.45675413022354,299.600583090379
12,686,CRC,14.084317032040472,443.3676222596965,244.3726812816189
12,687,CRC,14.791208791208792,443.58363858363856,269.7680097680098
12,688,CRC,19.7809863724854,19.534393251135626,181.06424399740428
12,689,CRC,14.0,21.47058823529412,181.5529411764706
12,690,WT,14.0,20.80555555555556,252.66666666666663
12,691,CRC,14.0,21.493827160493822,200.9506172839506
12,692,WT,15.002785515320337,23.590529247910865,233.1727019498608
12,693,WT,14.978313253012049,31.180722891566266,323.9156626506024
12,694,CRC,15.50761421319797,32.63959390862944,144.83756345177665
12,695,CRC,15.076712328767124,75.44657534246575,85.75342465753425
12,696,WT,14.0,81.55,397.25
12,697,WT,16.291666666666668,92.640350877193,414.8234649122807
12,698,CRC,14.0,105.79310344827586,66.4367816091954
12,699,WT,19.103720405862457,100.24295377677564,424.83821871476886
12,700,CRC,14.0,126.23148148148148,56.86111111111112
12,701,CRC,18.91164095371669,137.01753155680225,40.33660589060309
12,702,WT,16.84022708840227,138.007299270073,446.5490673154907
12,703,CRC,14.421875,160.81770833333334,39.375
12,704,CRC,18.29700446144041,182.26513702995533,26.41236456341619
12,705,CRC,14.7248322147651,246.18120805369128,29.604026845637584
12,706,CRC,14.456140350877194,260.7368421052632,30.37426900584796
12,707,CRC,18.126307922272048,274.2354260089686,23.636023916292974
12,708,CRC,18.344061302682,288.54176245210726,462.3593869731801
12,709,CRC,14.0,314.7241379310345,46.0
12,710,CRC,14.0,325.2682926829268,54.69512195121951
12,711,CRC,17.860958904109587,340.0527397260274,445.9849315068493
12,712,CRC,18.29153439153439,354.44550264550264,56.86084656084656
12,713,CRC,16.335240274599542,382.3764302059497,83.12814645308924
12,714,CRC,15.960419091967404,407.7357392316648,111.9394644935972
12,715,CRC,15.286516853932584,401.1292134831461,390.6292134831461
12,716,CRC,14.78640776699029,425.3527508090615,337.3527508090615
12,717,CRC,14.382456140350875,439.06666666666666,186.67368421052632
12,718,CRC,14.65625,442.5085227272728,205.1818181818182
12,719,CRC,16.788511749347258,452.177545691906,221.02219321148823
12,720,WT,17.04609929078014,18.93794326241135,281.43617021276594
12,721,WT,18.4732350659426,28.975174553917764,335.2909231962762
12,722,WT,18.95258019525802,52.084379358437936,377.2615062761506
12,723,WT,15.0,60.75384615384616,389.9692307692308
12,724,WT,15.0,70.61467889908256,381.1559633027523
12,725,WT,17.12257281553398,78.81432038834951,407.3398058252427
12,726,CRC,16.53358208955224,129.05410447761193,46.43283582089552
12,727,WT,19.84055644729802,152.23167469234886,453.840556447298
12,728,WT,16.982326951399116,190.8733431516937,460.5243004418262
12,729,WT,15.0,198.85454545454544,459.7818181818182
12,730,CRC,19.369808833223463,234.54383651944627,18.2524719841793
12,731,CRC,20.60661938534279,302.02836879432624,29.6548463356974
12,732,CRC,16.710371819960862,311.4422700587084,38.91976516634051
12,733,CRC,16.008403361344538,323.94677871148457,45.83193277310925
12,734,CRC,18.61459100957996,335.171702284451,45.81798084008843
12,735,CRC,20.45267054468535,408.1940772078265,98.48016922263352
12,736,CRC,16.858267716535433,427.13123359580055,136.00787401574803
12,737,CRC,16.842633928571427,436.4910714285714,154.41741071428572
12,738,CRC,17.170441001191897,445.6519666269368,278.79618593563765
12,739,CRC,15.0,438.4074074074074,196.38888888888889
12,740,CRC,19.224312590448623,452.2597684515196,239.24457308248915
12,741,WT,18.76436363636364,23.829818181818183,316.99345454545454
12,742,WT,17.78003696857671,32.966728280961185,346.3031423290203
12,743,CRC,18.53476821192053,75.60099337748345,81.3658940397351
12,744,CRC,19.08644688644689,107.1875457875458,56.15091575091575
12,745,CRC,17.991507430997878,253.9723991507431,21.04670912951168
12,746,CRC,17.892436974789916,256.6857142857143,468.83529411764704
12,747,CRC,18.945672191528544,307.4705340699816,461.6565377532229
12,748,CRC,16.0,418.7236842105263,362.10526315789474
12,749,CRC,16.0,432.5196078431373,325.80392156862746
12,750,CRC,17.505942275042443,447.716468590832,180.34295415959247
12,751,CRC,17.787476280834916,452.719165085389,202.5407969639469
12,752,WT,17.53,68.425,401.06
12,753,CRC,17.0,173.38823529411764,32.23529411764706
12,754,CRC,19.61954887218045,213.2781954887218,18.49473684210526
12,755,CRC,18.04435483870968,377.508064516129,69.76612903225806
12,756,CRC,17.0,445.25,206.4375
12,757,CRC,17.941717791411044,449.9877300613497,255.2699386503068
12,758,WT,20.74069898534385,193.86020293122888,465.8139797068771
12,759,CRC,18.0,200.5824175824176,23.86813186813187
12,760,CRC,18.0,349.4387755102041,440.66326530612247
12,761,CRC,18.506849315068493,363.7945205479452,60.42465753424658
12,762,CRC,18.0,384.2127659574468,409.1170212765957
12,763,CRC,18.38888888888889,440.48333333333335,309.3222222222222
12,764,WT,20.10153256704981,17.57088122605364,232.77777777777777
12,765,WT,20.70998632010944,122.4172366621067,438.8536251709986
12,766,WT,20.87543859649123,218.82631578947368,465.8105263157895
12,767,CRC,19.0,415.8141592920354,106.86725663716814
12,768,CRC,19.0,423.4752475247525,117.77227722772275
12,769,WT,20.41802575107296,16.978540772532188,269.40515021459225
12,770,CRC,21.052770448548813,27.54353562005277,151.8126649076517
12,771,CRC,20.93455497382199,46.018324607329845,112.24607329842932
12,772,CRC,22.07769423558897,57.80827067669173,95.63408521303258
12,773,CRC,20.0,85.00934579439253,72.54205607476635
12,774,CRC,23.139927623642944,118.167671893848,48.11942098914355
12,775,CRC,20.978193146417446,145.25545171339564,35.890965732087224
12,776,CRC,20.0,159.7826086956522,32.0
12,777,WT,20.0,161.92372881355934,457.9745762711864
12,778,CRC,21.94396551724138,193.41810344827587,20.96120689655172
12,779,CRC,20.0,254.125,453.34722222222223
12,780,WT,22.88358208955224,289.39253731343285,438.8298507462687
12,781,CRC,20.0,311.7105263157895,442.92105263157896
12,782,CRC,20.689320388349515,384.2265372168285,72.61003236245955
12,783,CRC,20.31372549019608,383.32026143790847,409.2287581699346
12,784,CRC,21.17279411764705,389.2941176470589,382.90441176470586
12,785,CRC,20.0,403.8445945945946,387.1148648648648
12,786,CRC,20.0,414.6363636363636,368.9090909090909
12,787,CRC,22.01317523056653,435.1159420289855,132.41831357048747
12,788,WT,21.0,19.257309941520468,292.4970760233918
12,789,WT,21.464071856287426,79.26946107784431,409.7964071856288
12,790,CRC,21.414634146341463,158.359756097561,42.420731707317074
12,791,CRC,21.0,290.2105263157895,24.35338345864661
12,792,CRC,21.0,308.96363636363634,440.6181818181818
12,793,CRC,22.529411764705884,423.578431372549,350.1274509803921
12,794,CRC,22.449864498644985,432.9837398373984,333.1978319783197
12,795,CRC,21.0,447.3333333333333,292.93939393939394
12,796,CRC,22.57029177718833,449.8143236074271,164.43501326259948
12,797,CRC,22.52027027027027,452.1711711711712,262.713963963964
12,798,CRC,21.0,451.8064516129032,277.43548387096774
12,799,CRC,21.65330188679245,455.2099056603773,196.4316037735849
12,800,CRC,22.425632911392405,458.6787974683545,217.88132911392404
12,801,WT,22.0,59.50370370370371,387.75555555555553
12,802,WT,22.0,102.19607843137256,428.6666666666667
12,803,WT,22.23809523809524,260.1831501831502,448.0659340659341
12,804,WT,22.0,269.8181818181818,463.3838383838384
12,805,CRC,22.0,309.7559523809524,436.8571428571428
12,806,CRC,22.0,375.3561643835616,395.1095890410959
12,807,CRC,22.0,442.57851239669424,144.70247933884298
12,808,CRC,22.446153846153845,454.5179487179488,183.5692307692308
12,809,CRC,23.31142857142857,84.89142857142858,70.26571428571428
12,810,WT,23.570422535211268,269.01408450704224,444.2957746478873
12,811,WT,23.528708133971293,360.4904306220096,397.6196172248804
12,812,CRC,24.23703703703704,396.9814814814815,83.31481481481481
12,813,CRC,23.549180327868854,443.6475409836066,310.4754098360656
12,814,CRC,23.465217391304343,449.5782608695652,285.5086956521739
12,815,WT,24.0,17.849056603773583,272.811320754717
12,816,CRC,24.0,75.51948051948052,79.87012987012987
12,817,CRC,24.0,101.94444444444444,56.98611111111112
12,818,CRC,24.0,143.5157894736842,36.084210526315786
12,819,CRC,24.0,158.6,41.83636363636364
12,820,CRC,24.35031847133758,160.5859872611465,32.07643312101911
12,821,CRC,24.0,173.5204081632653,28.68367346938776
12,822,CRC,24.826625386996906,216.24148606811144,17.204334365325078
12,823,CRC,24.30508474576272,255.5084745762712,28.42372881355932
12,824,CRC,24.43065693430657,295.6204379562044,40.45255474452555
12,825,WT,24.54691075514874,318.1144164759725,423.4645308924485
12,826,CRC,24.75992438563327,324.13610586011345,35.99432892249527
12,827,CRC,24.78205128205128,354.2794871794872,50.7
12,828,WT,24.83796296296296,372.9675925925926,385.212962962963
12,829,CRC,24.0,379.7525773195876,67.44329896907216
12,830,CRC,26.79529737206086,382.9958506224066,367.0373443983402
12,831,CRC,24.97272727272728,389.3090909090909,93.75454545454544
12,832,CRC,26.11111111111111,46.32432432432432,182.3033033033033
12,833,CRC,27.66555555555556,203.1233333333333,38.97555555555556
12,834,WT,25.80167597765363,339.804469273743,406.1089385474861
12,835,WT,25.0,357.94011976047904,392.8323353293413
12,836,CRC,25.694444444444443,404.6296296296296,110.01851851851852
12,837,CRC,25.0,426.2631578947368,115.88157894736842
12,838,WT,26.0,21.848214285714285,252.9196428571429
12,839,WT,26.0,34.294117647058826,325.2549019607843
12,840,WT,26.0,37.33606557377049,344.1065573770492
12,841,WT,26.0,45.91549295774648,262.11267605633805
12,842,WT,26.72354948805461,78.65358361774744,398.6296928327645
12,843,WT,26.0,91.48535564853556,412.7949790794979
12,844,CRC,26.0,93.80882352941175,64.94117647058823
12,845,CRC,26.0,124.98529411764706,68.83823529411765
12,846,CRC,26.0,141.56692913385828,38.51968503937008
12,847,CRC,26.0,155.40963855421683,39.01204819277108
12,848,WT,26.0,159.0814814814815,450.4888888888889
12,849,CRC,26.822695035460992,169.5744680851064,49.83451536643026
12,850,CRC,26.0,192.85915492957747,41.36619718309859
12,851,WT,26.0,202.0340909090909,461.67045454545456
12,852,WT,26.0,221.38738738738732,432.009009009009
12,853,CRC,26.0,230.81666666666663,17.833333333333332
12,854,CRC,26.0,230.4883720930233,30.27906976744186
12,855,WT,26.0,269.18666666666667,431.36
12,856,CRC,26.0,337.7333333333333,42.93333333333333
12,857,CRC,26.0,342.7936507936508,59.36507936507937
12,858,CRC,26.0,362.622641509434,73.81132075471699
12,859,CRC,26.0,369.2439024390244,59.5609756097561
12,860,CRC,26.0,382.67,70.16
12,861,WT,27.0,159.94876033057852,448.41157024793387
12,862,CRC,27.5421686746988,188.1987951807229,44.24698795180723
12,863,WT,27.243781094527364,256.01741293532336,429.9651741293532
12,864,WT,27.273972602739725,280.85616438356163,422.0993150684931
12,865,WT,28.9572192513369,336.22780748663104,388.6245989304813
12,866,CRC,29.347381864623244,361.88761174968073,364.16219667943807
12,867,CRC,29.80242825607064,395.1313465783665,333.5209713024283
12,868,CRC,29.937956204379564,411.68339416058393,296.8211678832117
12,869,CRC,28.0,85.15714285714286,108.64285714285714
12,870,CRC,28.557692307692307,129.37179487179486,69.07051282051282
12,871,WT,28.0,265.07865168539325,423.6067415730337
12,872,WT,28.96242774566474,275.9421965317919,417.9653179190751
12,873,WT,28.0,297.68333333333334,417.06666666666666
12,874,WT,28.66938775510204,302.76326530612243,403.64489795918365
12,875,WT,28.61971830985916,325.7102615694165,397.41247484909456
12,876,WT,29.876660341555976,342.1299810246679,370.7998102466793
12,877,CRC,29.142857142857142,404.9238095238095,320.4
12,878,CRC,30.38897396630934,155.98928024502297,66.01684532924962
12,879,CRC,30.12290502793296,220.5167597765363,48.237430167597765
12,880,CRC,31.21639344262295,239.72021857923497,51.84153005464481
12,881,CRC,30.39554794520548,268.1746575342466,49.467465753424655
12,882,WT,29.0,261.0503597122302,418.64028776978415
12,883,WT,29.316939890710383,287.10928961748635,408.7103825136612
12,884,CRC,29.0,343.5342465753425,65.10958904109589
12,885,CRC,29.0,360.68382352941177,79.17647058823529
12,886,CRC,29.36875,386.76875,349.96875
12,887,CRC,29.0,389.1578947368421,102.33333333333331
12,888,CRC,30.391432791728214,402.6573116691285,130.50812407680945
12,889,CRC,29.52091254752852,421.7262357414448,148.79467680608366
12,890,CRC,30.476190476190474,425.10526315789474,239.95488721804512
12,891,CRC,30.50087565674256,65.08056042031524,178.79509632224168
12,892,WT,30.828197945845005,71.42110177404295,231.5032679738562
12,893,CRC,30.5,70.49212598425197,156.43503937007873
12,894,CRC,31.593908629441625,86.14619289340102,133.1238578680203
12,895,CRC,30.0,84.94654088050315,114.78930817610065
12,896,CRC,31.753911806543385,83.20625889046941,142.47937411095305
12,897,CRC,30.621676891615543,105.34764826175868,100.23312883435582
12,898,CRC,31.44625,120.47875,93.80125
12,899,CRC,31.15936739659368,136.64720194647202,80.72627737226277
12,900,CRC,30.0,173.4163822525597,49.60409556313993
12,901,CRC,31.11142857142857,185.0,61.511428571428574
12,902,CRC,30.740041928721173,202.5890985324948,53.25157232704402
12,903,WT,30.731292517006803,250.8095238095238,412.4931972789116
12,904,WT,30.53801169590644,275.3333333333333,403.0409356725146
12,905,WT,30.0,296.0882352941176,397.6470588235294
12,906,WT,31.0,304.1643356643357,395.8636363636364
12,907,WT,31.94788273615635,350.2866449511401,353.33224755700326
12,908,CRC,31.56981981981982,354.97072072072075,88.97972972972973
12,909,CRC,30.99728260869565,375.01630434782606,340.7826086956522
12,910,CRC,30.0,411.5,130.08
12,911,CRC,32.65098777046096,408.4543744120414,172.3941674506115
12,912,CRC,30.0,415.8790322580645,276.01612903225805
12,913,CRC,30.0,419.5426356589147,260.82945736434107
12,914,CRC,30.0,427.9,170.58
12,915,WT,31.0,69.25151515151515,272.0060606060606
12,916,WT,31.0,79.43037974683544,299.3164556962025
12,917,CRC,31.0,85.55038759689923,155.4418604651163
12,918,CRC,31.5188679245283,96.51572327044023,115.32704402515724
12,919,WT,31.0,110.28282828282828,365.020202020202
12,920,WT,31.552,120.716,369.556
12,921,WT,31.55510204081633,137.6,381.9224489795918
12,922,WT,31.0,146.42748091603053,395.2748091603053
12,923,CRC,32.12151898734177,157.19240506329115,74.54683544303798
12,924,CRC,31.47457627118644,169.16101694915255,65.72881355932203
12,925,WT,31.50970873786408,171.11165048543688,398.9029126213592
12,926,WT,32.08524590163935,178.92786885245903,392.3540983606557
12,927,WT,31.30128205128205,182.48717948717947,406.8589743589744
12,928,WT,31.59227467811159,194.2317596566524,398.7038626609442
12,929,WT,31.0,199.93650793650792,412.031746031746
12,930,WT,32.72666666666667,205.3933333333333,389.84222222222223
12,931,WT,31.478813559322035,211.2542372881356,405.1991525423729
12,932,WT,31.3141592920354,228.8982300884956,411.6194690265487
12,933,WT,32.313131313131315,238.1784511784512,400.3367003367004
12,934,WT,32.436105476673426,256.73630831643004,395.20892494929006
12,935,WT,31.469565217391303,273.68260869565216,392.5913043478261
12,936,WT,31.45026178010471,288.6335078534032,391.2617801047121
12,937,WT,31.97872340425532,302.5553191489362,377.836170212766
12,938,WT,31.977715877437326,318.016713091922,369.2033426183844
12,939,CRC,31.0,366.3522727272728,332.82954545454544
12,940,CRC,31.0,385.6666666666667,103.31666666666666
12,941,CRC,31.0,393.59,308.175
12,942,CRC,31.90993788819876,407.5900621118012,275.6273291925466
12,943,CRC,31.52878464818763,411.1855010660981,220.40724946695096
12,944,CRC,31.79036827195468,421.6175637393768,200.17847025495752
12,945,CRC,32.0,67.24242424242425,210.4848484848485
12,946,CRC,32.95652173913044,85.58498023715416,201.403162055336
12,947,CRC,33.13991769547325,89.43415637860082,157.3641975308642
12,948,WT,32.0,93.15151515151516,292.90909090909093
12,949,CRC,34.61148977604674,105.12950340798442,227.1781888997079
12,950,CRC,33.65331664580726,110.15894868585733,126.2665832290363
12,951,CRC,32.0,114.987012987013,103.74025974025976
12,952,WT,32.0,119.06341463414634,351.6878048780488
12,953,WT,33.08465608465608,120.15608465608466,326.1296296296296
12,954,WT,33.39376770538244,131.5212464589235,343.6883852691218
12,955,WT,32.31896551724138,133.6551724137931,357.2543103448276
12,956,CRC,33.41724137931035,140.31379310344826,95.68620689655172
12,957,WT,32.0,141.8111111111111,372.97777777777776
12,958,WT,32.0,156.72477064220183,385.2660550458716
12,959,CRC,32.68518518518518,174.20987654320987,75.41975308641975
12,960,CRC,32.0,193.66666666666663,63.67901234567901
12,961,CRC,32.63775510204081,209.62244897959184,62.09183673469388
12,962,WT,32.0,220.5625,400.6071428571428
12,963,WT,33.03542234332425,224.6485013623978,385.23433242506815
12,964,CRC,32.0,323.0650406504065,70.52032520325203
12,965,CRC,32.0,361.0192307692308,363.3076923076923
12,966,CRC,32.84738372093023,374.36482558139534,116.2529069767442
12,967,CRC,32.0,385.26732673267327,326.029702970297
12,968,CRC,33.0,70.08783783783784,183.5405405405405
12,969,CRC,33.0,72.38181818181818,160.0818181818182
12,970,WT,33.0,74.56647398843931,220.3757225433526
12,971,CRC,33.39823008849557,82.04867256637168,173.59734513274336
12,972,WT,33.3859649122807,93.9342105263158,238.25
12,973,CRC,34.55728429985856,97.82461103253182,189.5063649222065
12,974,WT,34.381526104417674,95.55220883534136,247.3835341365462
12,975,WT,33.47027027027027,110.22702702702702,312.6
12,976,CRC,33.0,127.91447368421052,112.64473684210526
12,977,WT,33.0,147.1818181818182,370.6198347107438
12,978,CRC,33.94690265486726,152.2566371681416,89.52212389380531
12,979,WT,35.2274412855377,167.8096415327565,344.73300370828184
12,980,WT,33.86340206185567,176.14948453608247,375.0154639175258
12,981,CRC,33.92090395480226,183.3954802259887,75.57062146892656
12,982,WT,33.0,188.8396946564885,391.1679389312977
12,983,WT,34.044401544401545,189.24324324324328,357.3243243243243
12,984,WT,33.84340044742729,197.38702460850112,374.9642058165548
12,985,WT,33.0,234.1684210526316,380.8631578947368
12,986,WT,33.3013698630137,240.2054794520548,389.9178082191781
12,987,CRC,33.0,245.5148514851485,69.16831683168317
12,988,WT,33.9020979020979,251.02797202797203,381.6713286713287
12,989,WT,33.656716417910445,271.2417910447761,380.6716417910448
12,990,CRC,35.064516129032256,303.06451612903226,327.8569424964937
12,991,WT,33.5,304.88709677419354,363.4233870967742
12,992,WT,33.25694444444444,319.2395833333333,353.02777777777777
12,993,CRC,33.0,333.340782122905,346.89385474860336
12,994,CRC,33.87931034482759,352.0788177339901,108.58866995073892
12,995,CRC,33.342696629213485,360.8876404494382,340.5449438202247
12,996,CRC,34.13178294573643,373.8217054263566,310.09302325581393
12,997,CRC,34.01394422310757,384.5557768924303,140.09362549800798
12,998,CRC,33.2972972972973,385.4504504504504,315.22522522522524
12,999,CRC,33.96774193548387,384.2078853046595,296.989247311828
12,1000,CRC,33.0,399.9895833333333,267.1979166666667
12,1001,CRC,33.0,402.5701754385965,154.71052631578948
12,1002,CRC,34.30019120458891,403.1625239005736,210.97896749521988
12,1003,CRC,33.396694214876035,402.9917355371901,193.1487603305785
12,1004,CRC,34.75070028011204,96.71708683473388,162.5966386554622
12,1005,CRC,34.875621890547265,126.72139303482588,120.5995024875622
12,1006,CRC,34.78005115089514,163.3682864450128,93.92071611253196
12,1007,CRC,34.65217391304348,174.6789297658863,96.42809364548496
12,1008,WT,36.01870503597122,207.2805755395684,347.80143884892084
12,1009,WT,34.669950738916256,223.8423645320197,377.743842364532
12,1010,WT,35.17777777777778,230.8355555555556,364.22
12,1011,CRC,34.0,248.304114490161,66.4221824686941
12,1012,WT,34.95634920634921,244.82539682539684,372.37698412698415
12,1013,WT,34.0,257.05223880597015,361.4850746268657
12,1014,CRC,37.53982300884956,292.3528761061947,324.1061946902655
12,1015,CRC,34.82330827067669,305.5864661654135,351.16541353383457
12,1016,CRC,34.81504702194357,319.55172413793105,344.8119122257053
12,1017,CRC,34.87591240875913,332.529197080292,339.05109489051097
12,1018,CRC,34.762081784386616,354.18959107806694,326.64312267657994
12,1019,CRC,34.84121621621622,367.5304054054054,322.2601351351352
12,1020,CRC,34.41818181818182,368.4863636363637,333.1409090909091
12,1021,CRC,35.84386617100372,365.46840148698885,291.7769516728625
12,1022,CRC,34.92966360856269,393.0183486238532,264.9847094801223
12,1023,CRC,34.0,390.5568181818182,286.17045454545456
12,1024,CRC,35.99731182795699,105.98387096774194,209.5349462365592
12,1025,CRC,35.0,109.44565217391305,176.8586956521739
12,1026,WT,35.92877492877493,112.55555555555556,253.03133903133903
12,1027,CRC,36.16571428571429,126.7,161.82
12,1028,CRC,35.4375,131.84375,110.609375
12,1029,WT,35.43518518518518,128.55555555555554,318.22222222222223
12,1030,WT,35.0,134.0,334.9142857142857
12,1031,CRC,36.522633744855966,139.45679012345678,132.20987654320987
12,1032,CRC,36.25523012552301,152.80962343096235,113.1694560669456
12,1033,WT,35.0,162.0,352.29411764705884
12,1034,CRC,36.443548387096776,173.46774193548387,106.69556451612904
12,1035,WT,35.0,181.9578313253012,361.9457831325301
12,1036,CRC,35.4,197.99512195121952,81.17560975609756
12,1037,WT,35.0,203.2439024390244,371.6341463414634
12,1038,CRC,35.30978260869565,215.30978260869568,76.83695652173913
12,1039,WT,35.572649572649574,221.1965811965812,362.88034188034186
12,1040,CRC,35.53508771929825,227.2982456140351,76.24122807017544
12,1041,CRC,35.792156862745095,246.5960784313725,74.06274509803922
12,1042,CRC,35.0,258.8421052631579,81.44736842105263
12,1043,CRC,36.137724550898206,297.998003992016,101.92614770459082
12,1044,CRC,35.0,321.69135802469134,105.7283950617284
12,1045,CRC,35.58490566037736,333.1477987421384,104.67924528301889
12,1046,CRC,35.0,342.3020833333333,328.4791666666667
12,1047,CRC,35.84782608695652,353.713768115942,122.09057971014492
12,1048,CRC,35.42666666666667,365.5266666666666,306.54
12,1049,CRC,35.0,369.9727891156463,126.70748299319727
12,1050,CRC,35.0,383.3692307692308,147.95384615384614
12,1051,CRC,35.0,383.9473684210527,266.0842105263158
12,1052,CRC,35.432203389830505,388.9872881355933,176.82627118644066
12,1053,CRC,35.0,396.3617021276596,233.98581560283688
12,1054,CRC,35.278985507246375,398.0217391304348,193.0760869565217
12,1055,CRC,35.0,396.8955223880597,252.13432835820896
12,1056,CRC,36.0,105.40298507462688,169.544776119403
12,1057,CRC,36.51908396946565,116.38167938931298,177.35114503816794
12,1058,CRC,36.0,117.67368421052632,149.2421052631579
12,1059,WT,36.0,124.15023474178405,264.3098591549296
12,1060,CRC,36.45106382978724,125.86808510638298,243.22978723404256
12,1061,WT,36.45728643216081,127.41708542713567,298.25125628140705
12,1062,CRC,36.0,123.93478260869566,133.7608695652174
12,1063,CRC,36.70108695652174,130.9945652173913,145.78804347826087
12,1064,WT,37.01759530791789,137.7507331378299,282.0791788856305
12,1065,CRC,36.0,142.21212121212122,154.5
12,1066,WT,36.47791164658634,139.9678714859438,301.4457831325301
12,1067,CRC,37.52549019607843,142.95294117647057,182.9392156862745
12,1068,WT,37.51503759398496,142.70112781954887,252.73496240601503
12,1069,WT,37.26966292134831,151.1325842696629,295.9752808988764
12,1070,WT,36.94946808510638,161.24202127659575,327.1276595744681
12,1071,WT,36.0,161.47826086956522,342.1630434782609
12,1072,CRC,38.73719676549865,182.41644204851752,138.4433962264151
12,1073,CRC,36.52554744525548,191.7007299270073,106.47080291970804
12,1074,WT,37.04255319148936,226.536170212766,345.1085106382979
12,1075,CRC,36.43414634146342,240.26829268292684,87.1219512195122
12,1076,WT,36.0,238.44897959183675,351.2857142857143
12,1077,WT,36.51778656126482,250.5177865612648,352.5217391304348
12,1078,CRC,36.3854748603352,261.45251396648047,88.08379888268156
12,1079,WT,36.0,263.9,355.2333333333333
12,1080,CRC,36.0,295.6,344.9428571428571
12,1081,CRC,36.0,305.1621621621622,341.0405405405405
12,1082,CRC,36.0,323.5797101449276,336.92753623188406
12,1083,CRC,37.19845360824742,325.3479381443299,122.00515463917526
12,1084,CRC,37.03378378378378,337.7601351351352,314.3344594594595
12,1085,CRC,36.804713804713806,343.3468013468013,124.71380471380472
12,1086,CRC,37.780287474332646,346.347022587269,168.74743326488706
12,1087,CRC,36.63709677419355,346.41129032258067,297.73387096774195
12,1088,CRC,36.0,347.6219512195122,313.0731707317073
12,1089,CRC,36.0,349.0,109.75
12,1090,CRC,36.94137931034483,370.2413793103448,179.54137931034484
12,1091,CRC,36.85892116182573,367.9170124481328,275.5767634854772
12,1092,CRC,36.70438799076212,377.51963048498845,202.6766743648961
12,1093,CRC,36.0,375.4827586206897,153.20689655172413
12,1094,CRC,36.44221105527638,383.4572864321608,225.39195979899492
12,1095,CRC,36.0,383.86206896551727,183.55172413793105
12,1096,CRC,36.0,386.2413793103448,204.0068965517241
12,1097,CRC,36.50314465408805,384.6163522012579,247.5786163522013
12,1098,CRC,37.51535836177474,135.68600682593856,161.8122866894198
12,1099,CRC,37.5735294117647,135.7303921568627,233.72549019607845
12,1100,CRC,37.57714285714286,139.44,200.45142857142852
12,1101,WT,37.60747663551402,138.57943925233644,263.0327102803738
12,1102,CRC,37.53142857142857,156.90857142857143,136.37714285714284
12,1103,CRC,38.52861035422343,159.83106267029973,165.7384196185286
12,1104,WT,38.01988636363637,159.28977272727272,287.2613636363636
12,1105,CRC,37.36241610738255,168.16778523489933,128.8724832214765
12,1106,WT,37.44011976047904,183.8203592814372,326.2694610778443
12,1107,WT,37.2609819121447,190.359173126615,342.8630490956072
12,1108,CRC,37.5916955017301,185.72318339100343,119.93079584775089
12,1109,CRC,37.60416666666666,202.671875,109.58333333333331
12,1110,CRC,37.0,213.18125,95.35625
12,1111,CRC,37.94736842105263,216.25062656641603,117.6641604010025
12,1112,CRC,37.0,228.58585858585857,93.66666666666669
12,1113,CRC,37.52577319587629,247.29209621993127,106.23024054982818
12,1114,CRC,37.48571428571429,266.7619047619048,106.63809523809525
12,1115,CRC,38.49445676274944,271.67849223946786,328.4235033259424
12,1116,CRC,37.0,276.609756097561,93.5609756097561
12,1117,CRC,37.51079136690648,280.1870503597122,108.5179856115108
12,1118,CRC,37.32258064516129,291.8110599078341,342.4331797235023
12,1119,CRC,38.04912280701755,299.1421052631579,127.33859649122807
12,1120,CRC,37.568527918781726,310.89340101522845,113.8984771573604
12,1121,CRC,37.88858695652174,314.6847826086956,317.6222826086956
12,1122,CRC,38.04481132075472,328.3490566037736,297.8443396226415
12,1123,CRC,38.05726872246696,341.9603524229075,154.61013215859032
12,1124,CRC,37.955357142857146,356.49107142857144,183.38988095238096
12,1125,CRC,37.0,356.9310344827586,202.22413793103448
12,1126,CRC,37.47971360381862,367.1766109785203,223.65393794749403
12,1127,CRC,37.627049180327866,368.9713114754098,240.7295081967213
12,1128,CRC,37.0,375.0070921985816,261.7517730496454
12,1129,CRC,38.0,145.5321100917431,221.5504587155964
12,1130,CRC,38.0,148.45864661654136,152.21804511278197
12,1131,WT,38.372093023255815,149.15697674418604,271.8953488372093
12,1132,CRC,38.0,150.6990291262136,206.89320388349515
12,1133,WT,38.95604395604396,149.53846153846155,238.7765567765568
12,1134,CRC,38.901315789473685,156.98355263157896,190.0296052631579
12,1135,CRC,38.40909090909091,160.53977272727272,181.0511363636364
12,1136,CRC,39.05142857142857,162.75714285714287,240.94285714285715
12,1137,WT,38.920731707317074,162.45426829268294,272.655487804878
12,1138,WT,38.9948051948052,164.52727272727273,257.1532467532468
12,1139,WT,38.497757847533634,165.02242152466368,305.390134529148
12,1140,CRC,38.48333333333333,167.7722222222222,142.2
12,1141,CRC,38.88390501319261,168.8047493403694,221.5646437994723
12,1142,CRC,38.9203187250996,169.33466135458167,206.69322709163347
12,1143,WT,38.527638190954775,172.15577889447235,312.6934673366834
12,1144,WT,38.93103448275862,175.4858934169279,289.38244514106583
12,1145,CRC,39.07805907172996,175.9662447257384,158.23417721518987
12,1146,CRC,38.85813148788928,175.41176470588235,175.04152249134947
12,1147,WT,38.0,177.61904761904762,186.8571428571429
12,1148,CRC,39.44715447154472,185.8353658536585,272.0934959349593
12,1149,WT,38.9421686746988,185.34939759036143,300.2048192771084
12,1150,WT,38.0,189.1851851851852,314.5740740740741
12,1151,WT,39.74576271186441,189.51977401129943,171.63276836158192
12,1152,WT,39.58303249097473,195.78519855595667,288.1046931407942
12,1153,WT,38.0,198.1,332.26363636363635
12,1154,CRC,39.03339517625232,199.89424860853435,129.19480519480518
12,1155,WT,38.8728323699422,202.7167630057804,310.9335260115607
12,1156,WT,38.44502617801047,213.434554973822,318.35078534031413
12,1157,CRC,39.43653846153846,225.8576923076923,137.13846153846154
12,1158,CRC,39.72639691714837,237.2177263969172,318.223506743738
12,1159,WT,38.0,233.22857142857143,346.8285714285714
12,1160,CRC,38.0,243.0483870967742,337.008064516129
12,1161,CRC,38.48967551622419,255.17994100294985,131.5457227138643
12,1162,CRC,39.1310861423221,254.14232209737827,318.34831460674155
12,1163,WT,38.0,257.0636363636364,336.1818181818182
12,1164,CRC,38.57055214723926,285.18404907975463,311.5490797546012
12,1165,CRC,39.14940239043825,303.4800796812749,298.71115537848607
12,1166,CRC,38.53711790393013,316.9781659388646,140.17467248908298
12,1167,CRC,39.22330097087379,323.1504854368932,151.80825242718447
12,1168,CRC,38.99380165289256,332.44628099173553,178.12603305785123
12,1169,CRC,39.10485933503836,330.6598465473146,283.0409207161125
12,1170,CRC,38.0,335.979797979798,138.67676767676767
12,1171,CRC,38.67684478371501,350.38676844783714,257.676844783715
12,1172,CRC,38.59027777777778,354.53472222222223,208.11111111111111
12,1173,CRC,39.48706896551724,174.79310344827587,243.40086206896552
12,1174,WT,39.7,179.55555555555554,185.4833333333333
12,1175,CRC,39.5945945945946,180.6108108108108,218.3891891891892
12,1176,CRC,39.696335078534034,184.28795811518324,255.08376963350784
12,1177,CRC,40.08012820512821,189.3782051282052,223.42628205128204
12,1178,CRC,39.81102362204725,196.18372703412072,155.38845144356955
12,1179,CRC,39.86117647058824,209.98117647058825,142.6305882352941
12,1180,WT,40.04807692307692,210.20192307692307,304.46153846153845
12,1181,WT,40.08306709265176,211.2619808306709,291.0063897763578
12,1182,CRC,40.58139534883721,223.968992248062,293.1240310077519
12,1183,CRC,40.54756380510441,227.2993039443156,155.00232018561485
12,1184,CRC,39.0,234.0533333333333,118.34
12,1185,CRC,39.88866799204772,241.324055666004,140.69781312127236
12,1186,CRC,39.45973154362416,278.6140939597315,134.35906040268458
12,1187,CRC,39.52941176470589,296.7466063348416,139.5656108597285
12,1188,CRC,39.56287425149701,314.4101796407186,170.79041916167665
12,1189,CRC,39.0,318.15909090909093,292.9886363636364
12,1190,CRC,39.955990220048896,321.4474327628362,192.33007334963324
12,1191,CRC,39.86833855799373,327.9012539184953,257.36990595611286
12,1192,CRC,39.88385269121813,338.37677053824365,226.70254957507083
12,1193,CRC,39.45783132530121,339.6907630522088,197.26506024096383
12,1194,CRC,39.0,355.15315315315314,233.67567567567568
12,1195,WT,40.47619047619048,186.0952380952381,204.7190476190476
12,1196,WT,40.0,191.3030303030303,267.030303030303
12,1197,CRC,40.44444444444444,191.69565217391303,242.58454106280195
12,1198,WT,40.48096885813149,196.0692041522492,197.15570934256056
12,1199,WT,40.48728813559322,197.77966101694915,183.8135593220339
12,1200,CRC,40.63636363636363,201.46081504702195,141.43260188087774
12,1201,WT,40.6015625,202.46875,255.796875
12,1202,WT,40.506024096385545,201.12048192771084,213.1686746987952
12,1203,WT,40.56842105263158,205.9,272.07894736842104
12,1204,WT,40.49763033175356,207.87677725118485,228.01421800947867
12,1205,WT,41.12017167381974,208.61802575107296,208.1673819742489
12,1206,WT,40.52173913043478,211.72670807453417,193.91925465838509
12,1207,WT,40.48571428571429,218.97619047619048,235.44285714285715
12,1208,CRC,40.542635658914726,219.4767441860465,253.7054263565892
12,1209,WT,40.642857142857146,218.35338345864665,275.4323308270677
12,1210,CRC,40.93589743589744,219.0544871794872,167.47115384615384
12,1211,WT,41.10215053763441,221.20430107526883,214.6451612903226
12,1212,CRC,40.46025104602511,231.2092050209205,280.40167364016736
12,1213,CRC,41.057906458797326,244.55456570155903,288.7995545657016
12,1214,CRC,40.0,251.53225806451613,134.91129032258064
12,1215,CRC,40.49689440993789,250.42857142857144,302.87577639751555
12,1216,CRC,41.08272506082725,259.0827250608273,252.992700729927
12,1217,CRC,40.95677233429395,263.8904899135447,188.0317002881844
12,1218,CRC,40.64516129032258,265.2857142857143,291.8709677419355
12,1219,CRC,40.0,276.22935779816515,146.73394495412845
12,1220,CRC,40.855555555555554,283.2361111111111,283.23055555555555
12,1221,CRC,40.0,297.14723926380367,159.87730061349694
12,1222,CRC,41.04708520179372,302.7130044843049,197.5448430493273
12,1223,CRC,40.97546012269939,314.7515337423313,212.14723926380367
12,1224,CRC,40.0,313.95454545454544,288.530303030303
12,1225,CRC,40.0,327.66153846153844,208.3538461538461
12,1226,CRC,40.42592592592592,324.7703703703704,226.3111111111111
12,1227,WT,41.0,202.7234042553192,236.95744680851064
12,1228,WT,41.0,208.37662337662337,179.9090909090909
12,1229,CRC,41.0,232.56730769230768,302.0192307692308
12,1230,CRC,41.46739130434783,236.4673913043478,198.93478260869568
12,1231,CRC,41.64426877470356,237.31620553359684,228.72727272727272
12,1232,CRC,41.0,237.1021897810219,169.4087591240876
12,1233,WT,41.49528301886792,238.1084905660377,215.0707547169812
12,1234,CRC,41.47727272727273,241.50454545454545,253.90454545454543
12,1235,CRC,41.551219512195125,242.70243902439023,184.83414634146345
12,1236,WT,41.0,244.12244897959184,226.16326530612244
12,1237,CRC,41.46122448979592,250.16734693877552,270.1142857142857
12,1238,CRC,41.0,251.01351351351352,177.1891891891892
12,1239,CRC,41.0,258.015625,153.3046875
12,1240,CRC,41.52348993288591,262.4228187919463,207.1744966442953
12,1241,CRC,41.49612403100775,261.05426356589146,219.93798449612405
12,1242,CRC,41.54,270.544,271.288
12,1243,CRC,41.506410256410255,275.04487179487177,213.5
12,1244,CRC,41.48863636363637,276.1136363636364,228.7386363636364
12,1245,CRC,41.614634146341466,277.62439024390244,243.5170731707317
12,1246,CRC,41.462311557788944,280.7437185929648,193.62311557788945
12,1247,CRC,41.0,284.3618421052632,311.75657894736844
12,1248,CRC,41.62765957446808,288.81382978723406,207.4468085106383
12,1249,CRC,41.50253807106599,287.3502538071066,264.9187817258883
12,1250,CRC,41.40394088669951,292.3694581280788,184.8128078817734
12,1251,CRC,41.0,294.6666666666667,165.19230769230768
12,1252,CRC,41.0,297.584,269.448
12,1253,CRC,41.0,298.66129032258067,253.7741935483871
12,1254,CRC,41.0,305.24528301886795,174.9245283018868
12,1255,CRC,41.0,309.44166666666666,260.56666666666666
12,1256,CRC,41.0,309.26,232.1
12,1257,CRC,41.461077844311376,311.125748502994,248.311377245509
12,1258,CRC,42.0,233.95876288659792,272.54639175257734
12,1259,CRC,42.0,239.0,241.3260869565217
12,1260,CRC,42.0,251.7887323943662,197.74647887323945
12,1261,CRC,42.0,254.96052631578948,225.25
12,1262,CRC,42.0,259.7575757575757,180.8181818181818
12,1263,CRC,42.0,272.9611650485437,179.20388349514562
13,1,CRC,2.221837088388215,114.95667244367418,303.66204506065856
13,2,CRC,3.387308533916849,80.51422319474835,311.60831509846827
13,3,CRC,3.037606837606837,135.78119658119658,235.13162393162392
13,4,WT,3.2857142857142856,147.89795918367346,294.2312925170068
13,5,WT,3.4902962206332995,157.63329928498467,312.95097037793664
13,6,WT,2.0,153.24096385542168,238.15662650602408
13,7,CRC,3.1724890829694323,157.95196506550218,175.08078602620088
13,8,WT,3.3400576368876083,155.6628242074928,228.52737752161383
13,9,WT,3.042713567839196,168.55778894472363,244.81909547738687
13,10,CRC,3.5310136157337366,170.4659606656581,355.7065052950076
13,11,WT,3.007473841554559,174.95216741405082,288.61285500747385
13,12,WT,2.903061224489796,178.02295918367346,271.7857142857143
13,13,CRC,3.120052770448549,179.24274406332455,214.2137203166227
13,14,CRC,3.093264248704663,182.678756476684,194.04922279792743
13,15,WT,3.148780487804878,179.9512195121951,256.8243902439024
13,16,WT,2.958878504672897,184.32523364485985,241.32897196261683
13,17,CRC,3.3674863387978142,188.3224043715847,355.05737704918033
13,18,WT,3.471264367816092,192.88122605363984,218.0804597701149
13,19,CRC,2.954326923076923,196.00721153846155,180.6971153846154
13,20,WT,3.142533936651584,196.5339366515837,257.0542986425339
13,21,WT,3.275092936802974,195.185873605948,276.36802973977694
13,22,WT,3.2389649923896497,201.16590563165903,301.01065449010656
13,23,WT,3.089156626506024,199.17831325301205,230.9132530120482
13,24,WT,3.25557461406518,206.23842195540308,323.3310463121784
13,25,WT,2.0,202.03125,194.96875
13,26,WT,2.9491833030853,207.50635208711435,243.2831215970962
13,27,CRC,3.582241630276565,214.35225618631733,395.55021834061137
13,28,WT,3.0819209039548023,213.1779661016949,216.98305084745763
13,29,WT,3.203809523809524,213.6495238095238,282.7504761904762
13,30,WT,3.1079429735234214,212.9755600814664,199.06313645621185
13,31,WT,3.3440677966101693,213.17966101694915,261.62881355932205
13,32,WT,3.312621359223301,216.85825242718445,182.8466019417476
13,33,CRC,2.0,217.23157894736843,354.11578947368423
13,34,WT,3.008695652173913,223.7913043478261,289.5217391304348
13,35,WT,3.386117136659436,221.55097613882864,233.7765726681128
13,36,WT,3.4249146757679183,228.8174061433447,267.73549488054607
13,37,CRC,2.9735099337748343,231.8719646799117,366.83222958057394
13,38,CRC,2.986577181208053,227.8702460850112,386.0984340044743
13,39,WT,3.3987138263665595,227.42765273311892,201.61736334405143
13,40,WT,3.196022727272727,231.07954545454547,214.8806818181818
13,41,WT,2.994764397905759,235.77661431064573,245.478184991274
13,42,CRC,3.1930116472545755,236.52745424292848,348.56905158069884
13,43,WT,3.4638447971781305,236.3880070546737,308.05820105820106
13,44,WT,2.0,241.5483870967742,269.23870967741937
13,45,WT,3.3605313092979125,239.24667931688805,279.4345351043644
13,46,WT,3.71244635193133,239.3712446351932,185.66309012875536
13,47,CRC,3.0442260442260443,240.1965601965602,385.3292383292383
13,48,WT,3.536324786324786,240.24358974358967,226.92735042735043
13,49,WT,2.87192118226601,244.0049261083744,329.1773399014778
13,50,WT,3.5277280858676208,245.9660107334526,202.50089445438283
13,51,WT,3.4419087136929463,247.0311203319502,286.4336099585062
13,52,CRC,2.7984344422700587,250.81213307240705,403.5420743639922
13,53,WT,3.086842105263158,249.86052631578949,255.66052631578947
13,54,WT,3.289855072463768,249.44927536231884,298.6128364389234
13,55,CRC,2.9101123595505616,257.23455056179773,361.5533707865168
13,56,CRC,2.7493975903614456,254.35180722891567,377.7807228915663
13,57,WT,3.327731092436975,249.6218487394958,238.8302521008404
13,58,CRC,3.0701754385964914,253.8991228070176,341.42763157894734
13,59,WT,3.379110251450677,253.6247582205029,218.96131528046425
13,60,WT,3.407949790794979,257.12133891213387,266.6338912133891
13,61,WT,3.409009009009009,260.4144144144144,286.4018018018018
13,62,WT,3.341584158415841,264.34653465346537,242.62706270627064
13,63,CRC,2.0,266.7738095238095,217.02380952380952
13,64,CRC,3.009523809523809,265.002380952381,394.6357142857143
13,65,CRC,3.522281639928699,267.58288770053474,301.7843137254902
13,66,WT,3.262975778546713,271.3615916955017,266.6695501730104
13,67,CRC,3.487858719646799,272.79028697571744,410.05298013245033
13,68,CRC,2.0,273.46153846153845,254.47115384615384
13,69,CRC,2.868235294117647,277.92,346.8
13,70,WT,3.4983164983164983,276.4057239057239,284.23400673400675
13,71,CRC,3.015463917525773,282.2835051546392,331.6855670103093
13,72,CRC,2.5594149908592323,289.2833638025594,368.908592321755
13,73,WT,3.51307847082495,285.53923541247485,267.3319919517103
13,74,WT,3.4965397923875434,292.9567474048443,218.659169550173
13,75,CRC,3.161925601750548,289.2056892778993,297.4682713347921
13,76,CRC,3.300531914893617,290.0970744680851,387.48271276595744
13,77,CRC,2.4747081712062258,290.5058365758755,319.66147859922177
13,78,WT,3.330567081604426,297.8769017980636,249.80497925311204
13,79,CRC,3.276712328767123,299.7986301369863,270.33972602739726
13,80,CRC,2.636363636363636,294.7681818181818,331.3090909090909
13,81,CRC,2.615087040618956,307.10058027079305,355.42359767891685
13,82,WT,3.526706231454006,305.13353115727006,236.7626112759644
13,83,CRC,2.9656946826758146,310.6346483704974,308.35677530017153
13,84,WT,3.1553672316384183,313.8658192090396,220.5550847457627
13,85,CRC,3.4895330112721417,316.2657004830918,251.8679549114332
13,86,CRC,2.420103092783505,322.5773195876289,353.340206185567
13,87,CRC,3.0182186234817814,316.45546558704456,382.8137651821862
13,88,CRC,3.3694779116465865,342.3815261044177,296.2570281124498
13,89,CRC,3.0,108.91304347826087,248.1304347826087
13,90,CRC,3.5923566878980893,125.61146496815287,205.5127388535032
13,91,CRC,4.039719626168225,129.1518691588785,246.177570093458
13,92,WT,4.463942307692308,136.1971153846154,317.0889423076923
13,93,WT,3.861826697892272,141.6135831381733,258.9672131147541
13,94,CRC,3.7548387096774194,141.65806451612903,219.2935483870968
13,95,CRC,3.505524861878453,152.66022099447514,196.0580110497237
13,96,WT,3.9083769633507854,156.00785340314135,278.79057591623035
13,97,WT,3.453731343283582,156.57611940298509,265.64776119402984
13,98,WT,3.898360655737705,161.82295081967214,289.4360655737705
13,99,CRC,3.0,164.55223880597015,158.73880597014926
13,100,CRC,3.524663677130045,168.9596412556054,188.085201793722
13,101,CRC,3.0,178.31472081218274,170.98477157360406
13,102,WT,3.0,178.5,308.0
13,103,WT,3.95114006514658,183.32247557003257,289.90228013029315
13,104,CRC,3.0,188.4968152866242,385.0828025477707
13,105,WT,3.0,192.1369047619048,314.7440476190476
13,106,CRC,3.6656534954407296,193.74772036474164,152.53495440729483
13,107,WT,3.505226480836237,199.602787456446,193.18466898954705
13,108,CRC,3.0,199.40140845070425,379.73943661971833
13,109,CRC,3.458715596330275,204.1422018348624,169.454128440367
13,110,CRC,3.0,206.16216216216216,151.24324324324326
13,111,CRC,3.4242424242424243,214.98181818181817,362.3818181818182
13,112,WT,3.560553633217993,218.56401384083048,308.0553633217993
13,113,WT,3.476744186046512,220.74418604651163,167.42635658914728
13,114,WT,3.427083333333333,217.8645833333333,348.47569444444446
13,115,WT,3.554878048780488,225.5121951219512,296.7865853658537
13,116,WT,3.0,223.2429906542056,325.10280373831773
13,117,WT,3.0,228.76582278481013,334.2974683544304
13,118,WT,3.575609756097561,241.21951219512195,171.05365853658537
13,119,CRC,3.629489603024575,243.2835538752363,416.3969754253308
13,120,WT,3.9739884393063583,249.58959537572247,311.9364161849711
13,121,CRC,3.772916666666666,260.89166666666665,321.04791666666665
13,122,WT,3.9039451114922814,258.7186963979417,170.8181818181818
13,123,WT,4.058091286307054,261.4419087136929,201.6597510373444
13,124,WT,3.956912028725314,272.7594254937163,251.6319569120288
13,125,CRC,3.0,267.6166666666667,210.9833333333333
13,126,WT,3.832432432432432,280.1621621621622,184.33243243243243
13,127,WT,3.0,279.9824561403509,227.56140350877192
13,128,WT,4.044859813084112,289.58691588785047,201.7663551401869
13,129,CRC,4.065420560747664,291.4330218068536,404.0093457943925
13,130,WT,4.107660455486543,299.7971014492754,189.5031055900621
13,131,CRC,3.0,317.00970873786406,322.0873786407767
13,132,CRC,3.0,328.27969348659,368.1647509578544
13,133,CRC,3.4722222222222223,329.78968253968253,277.6666666666667
13,134,CRC,3.424870466321244,332.1347150259068,333.5077720207254
13,135,CRC,3.0,334.8357142857143,258.65714285714284
13,136,CRC,3.0,352.6885245901639,294.62295081967216
13,137,CRC,3.0,351.7567567567568,309.4594594594595
13,138,CRC,4.0,103.875,258.92857142857144
13,139,CRC,4.591463414634147,107.96341463414636,242.4390243902439
13,140,WT,4.8,112.18196721311476,275.01147540983607
13,141,CRC,4.475694444444445,113.02083333333331,187.8993055555556
13,142,CRC,4.0,113.24444444444444,222.3037037037037
13,143,CRC,4.278481012658228,123.24050632911391,170.18143459915612
13,144,CRC,4.36231884057971,124.9951690821256,228.31884057971016
13,145,WT,4.524752475247524,127.003300330033,265.7392739273928
13,146,WT,4.602150537634409,125.56989247311829,292.6272401433692
13,147,WT,4.911764705882353,124.27450980392156,317.0718954248366
13,148,WT,4.698701298701299,130.77142857142857,331.1792207792208
13,149,WT,4.920398009950249,132.59203980099502,301.410447761194
13,150,WT,4.476047904191617,136.29341317365268,272.6317365269461
13,151,CRC,4.0,135.98823529411766,162.3470588235294
13,152,WT,4.393665158371041,137.289592760181,284.6651583710407
13,153,CRC,4.0,139.39080459770116,180.52298850574712
13,154,CRC,4.0,139.22222222222223,207.5
13,155,CRC,4.951923076923077,142.8653846153846,135.3153846153846
13,156,CRC,4.345679012345679,147.94135802469137,153.9814814814815
13,157,WT,5.280510018214936,148.7577413479053,337.6648451730419
13,158,WT,4.953255425709516,148.53088480801335,304.2954924874791
13,159,WT,4.300813008130081,151.46747967479675,238.6382113821138
13,160,WT,4.511363636363637,153.85511363636363,359.99147727272725
13,161,WT,4.0,159.5530303030303,254.54545454545453
13,162,CRC,4.0,160.715953307393,366.5175097276265
13,163,CRC,4.33469387755102,163.534693877551,148.30204081632652
13,164,WT,4.553398058252427,161.6504854368932,324.5145631067961
13,165,WT,4.4375,165.62890625,299.71875
13,166,CRC,4.316666666666666,166.54666666666665,381.7266666666667
13,167,CRC,4.0,169.41333333333333,125.4
13,168,WT,4.549689440993789,167.34782608695653,335.6024844720497
13,169,WT,4.434782608695652,170.59288537549406,311.6205533596838
13,170,CRC,4.0,172.38392857142858,170.13392857142858
13,171,WT,4.305389221556887,175.96407185628743,276.125748502994
13,172,CRC,4.692682926829268,174.25853658536585,404.2341463414634
13,173,WT,4.4396135265700485,177.30917874396135,325.33816425120773
13,174,WT,4.548951048951049,180.0944055944056,340.8286713286713
13,175,CRC,4.446376811594203,182.7130434782609,160.33623188405798
13,176,CRC,4.0,181.26041666666663,178.21875
13,177,WT,4.497126436781609,181.3764367816092,313.9511494252874
13,178,WT,4.462540716612378,187.1889250814332,296.35504885993487
13,179,CRC,4.375968992248062,184.5968992248062,395.3062015503876
13,180,CRC,4.536050156739812,186.30094043887144,138.2884012539185
13,181,WT,4.533057851239669,192.4090909090909,332.8264462809917
13,182,WT,4.233050847457627,194.70338983050848,321.7669491525424
13,183,CRC,4.0,187.4032258064516,376.11290322580646
13,184,WT,4.439688715953308,199.8171206225681,309.1322957198444
13,185,CRC,4.469194312796208,195.1611374407583,404.8104265402844
13,186,WT,4.0,196.03658536585365,281.5487804878049
13,187,CRC,4.510344827586207,198.06206896551728,417.6551724137931
13,188,WT,4.0,201.8698224852071,350.43195266272187
13,189,CRC,4.9719827586206895,204.35991379310343,119.8793103448276
13,190,WT,4.442724458204334,203.96594427244585,334.8730650154799
13,191,CRC,4.0,199.83216783216784,368.23776223776224
13,192,CRC,4.0,200.26470588235293,384.0
13,193,CRC,4.312280701754386,209.51929824561404,131.9543859649123
13,194,CRC,4.576470588235294,208.41764705882352,147.2941176470588
13,195,CRC,4.0,211.3333333333333,162.72727272727272
13,196,CRC,4.306273062730627,211.4022140221402,413.479704797048
13,197,WT,4.453900709219858,222.6950354609929,321.2163120567376
13,198,WT,4.416666666666667,221.1190476190476,341.2261904761905
13,199,CRC,4.650375939849624,217.7894736842105,426.3571428571428
13,200,WT,4.0,223.4313725490196,185.2156862745098
13,201,WT,4.0,230.34158415841583,325.6881188118812
13,202,CRC,4.335038363171355,232.1406649616368,147.5166240409207
13,203,CRC,4.472,228.852,418.88
13,204,WT,4.25,238.5183823529412,161.54044117647058
13,205,CRC,4.0,235.8,403.83125
13,206,WT,4.243386243386244,236.88359788359787,337.67195767195767
13,207,CRC,4.0,238.6346153846154,134.82692307692307
13,208,WT,4.335195530726257,243.2346368715084,266.99441340782124
13,209,CRC,4.596491228070176,242.18859649122808,125.83771929824562
13,210,WT,4.675115207373272,263.5622119815668,142.7995391705069
13,211,WT,4.281767955801105,264.90055248618785,222.0386740331492
13,212,WT,4.418604651162791,269.7308970099668,153.28571428571428
13,213,WT,4.4548736462093865,269.67870036101084,178.99638989169677
13,214,WT,4.4106463878327,273.62357414448667,234.98479087452472
13,215,CRC,4.547008547008547,275.79700854700855,431.04700854700855
13,216,WT,4.465201465201465,275.5897435897436,202.7692307692308
13,217,WT,4.441860465116279,279.5658914728682,162.74806201550388
13,218,WT,4.451957295373665,282.9074733096085,223.09964412811388
13,219,WT,4.390769230769231,294.0584615384616,167.32615384615386
13,220,CRC,4.0,291.8095238095238,315.42857142857144
13,221,WT,4.845911949685535,296.09119496855345,157.1761006289308
13,222,CRC,4.0,300.18390804597703,427.3333333333333
13,223,CRC,4.0,302.42857142857144,361.3730158730159
13,224,CRC,4.496103896103896,307.3558441558442,399.9948051948052
13,225,CRC,4.657458563535911,306.1270718232044,420.8232044198895
13,226,CRC,4.79083094555874,307.73925501432666,176.98567335243553
13,227,CRC,4.4524421593830334,315.46529562982005,207.62467866323908
13,228,CRC,4.0,312.5050505050505,281.22222222222223
13,229,CRC,4.0,319.43589743589746,304.78205128205127
13,230,CRC,4.381132075471698,320.9245283018868,393.3283018867925
13,231,CRC,4.378277153558052,320.80149812734084,187.95505617977528
13,232,CRC,4.0,319.60493827160496,365.8271604938272
13,233,CRC,4.748878923766816,333.80269058295966,399.2780269058296
13,234,CRC,4.0,327.6136363636364,414.75
13,235,WT,4.37037037037037,333.3703703703704,224.5488215488216
13,236,CRC,4.411764705882353,333.1235294117647,238.3823529411765
13,237,CRC,4.0,333.3716216216216,290.8716216216216
13,238,CRC,4.46606334841629,336.7782805429864,203.7556561085973
13,239,CRC,4.0,334.5217391304348,377.07608695652175
13,240,CRC,4.0,336.125,362.04545454545456
13,241,CRC,4.564516129032258,338.4225806451613,214.9741935483871
13,242,CRC,4.433962264150943,344.6352201257862,269.33962264150944
13,243,CRC,4.0,347.11347517730496,345.79432624113474
13,244,CRC,4.535502958579881,351.1804733727811,389.52366863905326
13,245,CRC,4.670833333333333,352.2916666666667,199.6708333333333
13,246,CRC,4.0,352.6144578313253,310.28915662650604
13,247,CRC,4.49685534591195,352.5503144654088,232.5974842767296
13,248,CRC,4.549645390070922,355.87943262411346,246.39361702127653
13,249,CRC,4.463815789473684,353.7861842105263,369.6940789473685
13,250,CRC,4.0,355.7251908396947,289.206106870229
13,251,CRC,4.0,356.2402234636872,330.8100558659218
13,252,CRC,4.0,359.67105263157896,259.1184210526316
13,253,CRC,4.465753424657534,363.6164383561644,279.33561643835617
13,254,CRC,5.203438395415473,371.12034383954153,238.83954154727795
13,255,CRC,4.393258426966292,373.48689138576776,318.063670411985
13,256,CRC,4.242290748898679,372.7885462555066,301.6079295154185
13,257,CRC,4.598006644518272,373.80730897009965,360.01993355481727
13,258,CRC,5.480549199084668,376.1487414187643,228.3203661327231
13,259,CRC,4.0,375.7755102040816,344.8367346938776
13,260,CRC,4.883116883116883,382.2805194805195,264.65194805194807
13,261,CRC,4.490974729241877,380.942238267148,287.40794223826714
13,262,CRC,5.0442890442890445,384.76223776223776,326.3916083916084
13,263,CRC,5.0,92.61946902654869,240.99115044247787
13,264,CRC,5.0,90.48863636363636,216.88636363636363
13,265,CRC,5.758835758835759,96.95841995841997,266.53014553014555
13,266,CRC,5.0,99.3225806451613,192.6048387096774
13,267,WT,5.303225806451613,108.26774193548388,291.2806451612903
13,268,CRC,5.0,101.17241379310344,178.60689655172413
13,269,CRC,5.453488372093023,100.74031007751938,166.07364341085272
13,270,CRC,5.0,104.7391304347826,206.27826086956523
13,271,CRC,5.0,101.71296296296296,225.00925925925927
13,272,WT,5.472222222222222,103.57407407407408,305.0833333333333
13,273,CRC,5.57,110.13333333333334,159.51333333333332
13,274,WT,5.685714285714286,117.4,325.5111111111111
13,275,WT,5.4,115.85,306.94
13,276,CRC,5.0,115.19354838709675,220.2258064516129
13,277,CRC,5.55078125,125.359375,143.1015625
13,278,WT,5.0,131.35849056603774,340.4245283018868
13,279,CRC,5.0,130.17543859649123,167.0
13,280,WT,5.3202614379084965,138.40849673202615,354.55882352941177
13,281,CRC,5.0,141.34782608695653,159.44927536231884
13,282,WT,5.0,143.18571428571428,328.75714285714287
13,283,WT,5.497716894977169,149.12785388127853,374.3972602739726
13,284,WT,6.175977653631285,147.5558659217877,396.3435754189944
13,285,WT,5.335276967930029,156.46355685131195,350.6705539358601
13,286,CRC,5.255102040816326,157.33673469387756,387.43367346938777
13,287,WT,5.0,158.78947368421052,374.8421052631579
13,288,CRC,5.552715654952077,161.1341853035144,131.741214057508
13,289,CRC,5.0,163.76190476190476,399.9333333333333
13,290,CRC,5.0,182.02238805970148,123.81343283582088
13,291,CRC,5.27,187.175,421.395
13,292,CRC,5.0,192.54098360655732,104.85245901639344
13,293,CRC,5.0,201.3958333333333,397.0416666666667
13,294,CRC,5.832579185520362,209.01357466063348,102.61990950226244
13,295,CRC,5.0,225.54037267080744,124.6583850931677
13,296,CRC,5.4125,228.31666666666663,437.7416666666667
13,297,CRC,5.459090909090909,232.22727272727272,113.83181818181818
13,298,CRC,5.0,234.1071428571429,141.17857142857142
13,299,CRC,5.0,242.21666666666667,428.7055555555556
13,300,WT,5.0,243.36111111111111,144.76388888888889
13,301,WT,5.0,244.81034482758625,161.98275862068965
13,302,CRC,6.052805280528053,251.07590759075907,103.50825082508253
13,303,CRC,5.335907335907336,258.1351351351352,124.93050193050192
13,304,CRC,5.422480620155039,258.8565891472868,441.6511627906977
13,305,WT,5.488584474885845,279.13698630136986,125.79908675799086
13,306,CRC,5.0,284.72151898734177,135.70886075949366
13,307,WT,5.580310880829016,285.2279792746114,142.87564766839378
13,308,WT,5.0,286.6216216216216,173.5
13,309,WT,5.0,290.80281690140845,215.7323943661972
13,310,CRC,5.712177121771218,295.309963099631,438.6162361623616
13,311,CRC,5.431372549019608,301.9490196078431,151.59607843137255
13,312,CRC,5.353711790393013,305.292576419214,136.9126637554585
13,313,WT,5.0,310.27868852459017,233.4918032786885
13,314,CRC,5.355263157894737,316.3157894736842,164.22368421052633
13,315,CRC,6.468916518650089,317.4262877442273,445.9609236234458
13,316,CRC,5.551724137931035,321.9413793103448,429.9344827586207
13,317,CRC,5.424581005586592,323.12849162011173,177.76536312849163
13,318,CRC,5.0,323.35643564356434,146.8910891089109
13,319,CRC,5.0,331.2019704433497,411.9064039408867
13,320,CRC,5.645502645502646,326.95238095238096,142.35978835978835
13,321,CRC,5.457746478873239,331.9964788732394,164.70070422535213
13,322,CRC,5.0,335.2181818181818,188.3909090909091
13,323,CRC,5.0,341.4054054054054,158.8108108108108
13,324,CRC,5.559386973180077,346.22222222222223,172.47892720306513
13,325,CRC,5.0,346.57142857142856,190.26530612244892
13,326,CRC,5.0,350.52777777777777,150.75
13,327,CRC,5.0,354.1592920353982,185.0265486725664
13,328,CRC,5.0,364.1985294117647,212.8235294117647
13,329,CRC,5.614583333333333,363.96875,397.69097222222223
13,330,CRC,5.586206896551724,361.92528735632186,184.82183908045977
13,331,CRC,5.0,363.2073170731707,230.1341463414634
13,332,CRC,5.441988950276243,372.8370165745856,380.853591160221
13,333,CRC,5.568888888888889,372.88444444444445,196.08444444444444
13,334,CRC,5.0,372.2206896551724,259.4344827586207
13,335,CRC,5.0,378.65277777777777,338.40277777777777
13,336,CRC,5.585106382978723,382.209219858156,207.081560283688
13,337,CRC,6.132553606237817,392.7329434697856,245.9551656920078
13,338,CRC,5.470394736842105,393.0855263157895,356.1282894736842
13,339,CRC,5.44,393.49,292.835
13,340,CRC,5.0,395.90625,309.7421875
13,341,CRC,6.560897435897436,394.4919871794872,372.84615384615387
13,342,CRC,5.0,394.7888888888889,236.9777777777778
13,343,CRC,5.0,400.1285714285714,349.54285714285714
13,344,CRC,5.520879120879121,405.167032967033,274.5054945054945
13,345,CRC,6.452830188679245,77.55471698113207,196.88679245283012
13,346,CRC,6.0,78.66666666666667,252.8583333333333
13,347,CRC,6.458483754512636,83.2202166064982,223.89891696750905
13,348,CRC,6.0,84.2992700729927,208.1897810218978
13,349,CRC,6.926829268292683,82.92870544090056,165.7392120075047
13,350,CRC,6.463414634146342,84.7560975609756,238.67317073170733
13,351,CRC,6.323008849557522,90.12389380530972,181.70353982300884
13,352,WT,7.163934426229508,84.86651053864169,275.7189695550352
13,353,WT,6.513119533527697,98.45189504373178,287.55102040816325
13,354,WT,7.105381165919282,94.17713004484304,317.86995515695065
13,355,WT,6.532374100719425,99.10071942446044,298.19424460431657
13,356,CRC,7.023769100169779,100.63667232597624,139.0679117147708
13,357,WT,7.1775,100.0225,331.2175
13,358,WT,6.273743016759776,106.90502793296088,325.3519553072626
13,359,WT,8.711840228245364,103.42368045649071,354.9885877318117
13,360,WT,6.357142857142857,114.17460317460318,302.1269841269841
13,361,WT,6.0,118.04895104895104,340.09090909090907
13,362,CRC,6.583959899749374,119.43609022556392,133.39097744360902
13,363,WT,6.966542750929368,119.40892193308552,354.2007434944238
13,364,WT,6.480263157894737,128.23026315789474,347.57894736842104
13,365,WT,6.4,130.94857142857143,358.6114285714286
13,366,WT,6.359477124183006,129.7516339869281,335.45098039215685
13,367,CRC,6.51685393258427,132.5370786516854,120.56629213483146
13,368,WT,6.952802359882006,134.35693215339234,380.4395280235988
13,369,WT,6.0,142.67605633802816,322.7464788732394
13,370,WT,6.0,143.39772727272728,364.04545454545456
13,371,CRC,6.497872340425532,150.78297872340426,112.37872340425533
13,372,CRC,6.0,150.38028169014083,137.8732394366197
13,373,CRC,6.0,161.36428571428573,107.25
13,374,CRC,6.0,163.67045454545453,405.6022727272728
13,375,WT,6.0,167.47058823529412,343.5529411764706
13,376,CRC,6.390557939914163,173.81115879828326,104.44635193133048
13,377,CRC,6.0,172.22834645669292,420.8503937007874
13,378,CRC,6.0,174.4731182795699,125.63440860215054
13,379,CRC,6.636363636363637,181.65800865800867,90.85281385281384
13,380,WT,6.0,183.3793103448276,342.0
13,381,CRC,6.324607329842932,186.95287958115185,433.9895287958115
13,382,CRC,6.0,188.6829268292683,123.15853658536584
13,383,CRC,6.447368421052632,192.3052631578948,96.75263157894736
13,384,CRC,6.0,196.42391304347825,108.6413043478261
13,385,CRC,6.361256544502618,198.3298429319372,447.0994764397906
13,386,CRC,6.65,208.33125,90.79375
13,387,CRC,6.0,207.7058823529412,435.0
13,388,CRC,6.452554744525547,213.78467153284672,445.5255474452555
13,389,CRC,6.0,216.60638297872345,110.63829787234044
13,390,CRC,7.013054830287206,224.2976501305483,87.7780678851175
13,391,CRC,6.0,229.38144329896903,108.11340206185568
13,392,CRC,6.777777777777778,238.56666666666663,92.91111111111113
13,393,CRC,6.0,239.30357142857144,443.9821428571428
13,394,CRC,6.0,247.76666666666668,117.62222222222222
13,395,CRC,6.0,250.48809523809524,93.8095238095238
13,396,CRC,6.0,256.89473684210526,116.34736842105264
13,397,CRC,6.0,264.89171974522293,448.6050955414013
13,398,CRC,6.32183908045977,266.5249042145594,103.20306513409962
13,399,WT,6.0,268.8589743589744,138.15384615384616
13,400,CRC,6.2025316455696204,271.84177215189874,115.83544303797468
13,401,CRC,7.0680628272251305,278.37958115183244,455.4371727748691
13,402,WT,6.390697674418605,292.6697674418605,118.26046511627906
13,403,CRC,6.4801324503311255,305.57615894039736,122.58940397350992
13,404,CRC,6.0,310.1458333333333,418.5833333333333
13,405,CRC,6.435064935064935,314.25324675324674,133.38311688311688
13,406,CRC,6.0,318.29126213592235,151.93203883495147
13,407,CRC,6.0,331.25925925925924,133.14074074074074
13,408,CRC,6.0,341.9739583333333,420.0052083333333
13,409,CRC,7.109792284866469,338.2759643916914,436.5519287833828
13,410,CRC,7.021428571428571,346.225,132.1107142857143
13,411,CRC,6.0,343.9428571428571,153.6952380952381
13,412,CRC,6.920512820512821,352.6025641025641,143.78205128205127
13,413,CRC,6.932170542635659,366.6453488372093,152.4031007751938
13,414,CRC,6.443946188340807,369.2242152466368,166.71748878923768
13,415,CRC,6.370535714285714,375.1071428571428,177.625
13,416,CRC,7.19283276450512,379.93515358361776,407.7201365187713
13,417,CRC,6.0,396.83798882681566,213.268156424581
13,418,CRC,6.845824411134903,399.0128479657388,231.76231263383292
13,419,CRC,6.0,393.746835443038,194.0253164556962
13,420,CRC,6.901515151515151,407.2979797979798,261.1363636363636
13,421,CRC,6.0,404.62886597938143,319.77319587628864
13,422,CRC,6.272108843537415,404.98639455782313,341.9965986394558
13,423,CRC,6.0,407.90625,303.2734375
13,424,CRC,6.639784946236559,415.72849462365593,321.77150537634407
13,425,WT,7.0,62.11764705882353,244.83529411764707
13,426,CRC,8.696501220504475,64.47030105777054,233.97721724979652
13,427,CRC,8.408053691275168,65.50872483221477,263.56107382550334
13,428,CRC,7.5,71.15492957746478,207.18309859154928
13,429,WT,8.584487534626039,69.14127423822714,292.5180055401662
13,430,CRC,7.596875,70.090625,180.9
13,431,CRC,7.0,75.07228915662651,277.1686746987952
13,432,WT,7.0,81.93478260869566,320.5434782608696
13,433,WT,7.473988439306359,99.0115606936416,309.3872832369942
13,434,WT,7.862204724409449,99.37007874015748,345.0984251968504
13,435,WT,7.0,102.14,359.99
13,436,CRC,7.662790697674419,110.9922480620155,116.37596899224806
13,437,WT,7.0,106.88,295.32
13,438,WT,7.867507886435331,116.75078864353311,369.0788643533123
13,439,WT,7.0,120.81538461538462,386.6307692307692
13,440,CRC,7.442231075697211,138.81673306772907,108.68924302788844
13,441,WT,7.594594594594595,141.3861003861004,410.4787644787645
13,442,CRC,7.400651465798045,155.8827361563518,95.72964169381108
13,443,CRC,7.0,156.7734375,413.5625
13,444,CRC,7.0,158.66,425.72
13,445,CRC,7.599009900990099,163.91336633663366,432.76237623762376
13,446,CRC,7.0,193.07407407407408,80.57407407407408
13,447,CRC,7.631818181818182,211.38636363636363,75.74090909090908
13,448,CRC,7.0,235.37241379310345,449.82758620689657
13,449,CRC,7.602977667493796,244.2605459057072,464.5285359801489
13,450,CRC,7.526570048309178,251.42512077294683,87.30917874396135
13,451,CRC,7.0,263.7375,96.9625
13,452,WT,7.526984126984127,286.56825396825394,104.2190476190476
13,453,WT,7.913173652694611,299.35928143712573,96.68562874251496
13,454,CRC,7.0,303.77142857142854,450.15
13,455,WT,7.0,303.69135802469134,106.5925925925926
13,456,CRC,7.0,321.9753086419753,115.79012345679013
13,457,CRC,7.515625,340.34375,115.00520833333331
13,458,CRC,7.0,340.9743589743589,425.0384615384616
13,459,CRC,7.851318944844125,349.20623501199043,444.0599520383693
13,460,CRC,7.3215859030837,355.9779735682819,426.0176211453745
13,461,CRC,7.725631768953068,368.2815884476534,130.67509025270758
13,462,CRC,7.9393939393939394,371.1717171717172,424.1717171717172
13,463,CRC,8.138235294117647,386.6705882352941,148.65882352941176
13,464,CRC,7.534782608695652,391.1869565217392,170.02173913043478
13,465,CRC,7.0,399.75384615384615,189.22564102564104
13,466,CRC,7.488745980707395,399.3247588424437,390.6141479099679
13,467,CRC,7.407035175879397,403.0150753768844,205.35175879396985
13,468,CRC,7.560897435897436,413.5769230769231,359.84615384615387
13,469,CRC,7.870748299319728,415.98979591836735,215.00680272108843
13,470,CRC,7.508875739644971,420.2307692307692,241.3905325443787
13,471,CRC,7.0,419.6140350877193,279.1333333333333
13,472,CRC,7.0,417.99122807017545,225.280701754386
13,473,CRC,7.573134328358209,419.9820895522388,336.9194029850746
13,474,CRC,8.21359223300971,434.1181229773463,276.40453074433657
13,475,CRC,7.0,429.3617021276596,303.06382978723406
13,476,CRC,8.49702380952381,57.61607142857143,197.70238095238096
13,477,WT,8.0,59.88372093023256,284.5581395348837
13,478,CRC,8.0,68.47619047619048,154.80272108843536
13,479,WT,9.128865979381445,63.00515463917526,311.10309278350513
13,480,WT,8.0,70.3076923076923,286.2980769230769
13,481,WT,8.996296296296297,79.87407407407407,332.9185185185185
13,482,WT,8.0,84.5,348.52
13,483,WT,9.613725490196078,87.54313725490196,353.40588235294115
13,484,CRC,8.496644295302014,84.40939597315436,132.88590604026845
13,485,CRC,8.0,85.4724409448819,150.503937007874
13,486,CRC,8.0,90.35135135135135,125.98648648648648
13,487,WT,8.942942942942944,104.10810810810813,367.8048048048048
13,488,WT,8.48,115.86,382.615
13,489,WT,9.023809523809524,116.67724867724868,397.8703703703704
13,490,WT,9.190231362467866,126.8560411311054,410.9794344473008
13,491,WT,8.0,133.0,397.87401574803147
13,492,WT,8.0,143.3452380952381,427.0
13,493,CRC,8.385714285714286,160.1392857142857,84.73928571428571
13,494,CRC,8.535714285714286,169.73979591836735,446.5969387755102
13,495,CRC,8.0,172.1122448979592,77.4795918367347
13,496,CRC,8.0,183.7,78.4
13,497,CRC,8.302919708029197,191.37591240875912,449.5729927007299
13,498,CRC,8.0,194.13636363636363,74.60606060606061
13,499,CRC,8.314893617021276,209.5404255319149,459.31489361702126
13,500,CRC,9.02510460251046,229.36192468619248,470.1234309623431
13,501,CRC,8.367469879518072,229.56626506024097,72.31927710843374
13,502,CRC,8.0,244.43956043956044,74.76923076923077
13,503,CRC,8.0,256.8673469387755,73.37755102040816
13,504,CRC,9.344537815126053,258.3557422969188,473.3235294117647
13,505,CRC,8.0,267.9017857142857,88.22321428571429
13,506,CRC,8.528776978417266,279.34892086330933,81.90287769784173
13,507,CRC,8.58128078817734,295.92118226600985,85.56650246305419
13,508,CRC,9.146017699115044,298.81637168141594,468.1061946902655
13,509,CRC,8.0,308.2227272727273,457.7363636363637
13,510,CRC,8.629107981220658,316.87089201877933,90.7887323943662
13,511,CRC,8.0,320.93506493506493,108.987012987013
13,512,CRC,8.348958333333334,327.15625,454.4427083333333
13,513,CRC,8.0,337.71232876712327,104.12328767123287
13,514,CRC,10.39877769289534,348.7066462948816,460.6631016042781
13,515,CRC,8.589958158995817,355.30543933054395,107.34309623430964
13,516,CRC,8.543778801843319,358.88018433179724,119.1336405529954
13,517,CRC,8.0,402.8625954198473,184.1984732824428
13,518,CRC,8.0,402.8222222222222,159.5888888888889
13,519,CRC,8.5625,410.5546875,171.12239583333334
13,520,CRC,8.813953488372093,416.8355481727575,186.9119601328904
13,521,CRC,8.851415094339623,417.4433962264151,376.0047169811321
13,522,CRC,8.0,422.3736263736264,204.4835164835165
13,523,CRC,8.0,424.9714285714286,314.95238095238096
13,524,CRC,8.582056892778994,432.1203501094092,250.4573304157549
13,525,CRC,8.0,429.1849315068493,264.35616438356163
13,526,CRC,8.650224215246636,429.8385650224215,223.7847533632287
13,527,CRC,8.0,432.3440366972477,304.5366972477064
13,528,CRC,8.71774193548387,433.7137096774193,335.991935483871
13,529,WT,10.329087048832273,49.8343949044586,237.80254777070064
13,530,WT,9.631067961165048,52.18932038834952,251.13106796116503
13,531,WT,9.0,57.56140350877193,270.63157894736844
13,532,WT,9.97398843930636,59.1242774566474,296.92774566473986
13,533,WT,9.465863453815262,62.092369477911646,280.30522088353416
13,534,WT,9.495,64.125,322.71
13,535,WT,11.053777208706784,67.19718309859155,338.9372599231754
13,536,WT,10.612277867528272,81.18901453957997,345.1518578352181
13,537,CRC,9.598984771573605,76.49746192893402,134.26903553299493
13,538,CRC,10.38534278959811,80.09456264775413,125.68557919621747
13,539,WT,10.76858108108108,94.20101351351352,375.0557432432432
13,540,CRC,9.0,95.46753246753246,121.62337662337664
13,541,CRC,9.5,105.05228758169936,104.25490196078432
13,542,WT,9.525291828793774,101.85603112840468,387.1322957198444
13,543,WT,9.0,108.26666666666668,352.5777777777778
13,544,CRC,9.0,115.45,110.11
13,545,CRC,9.98198198198198,132.06606606606607,88.42042042042043
13,546,WT,10.07462686567164,133.69651741293532,426.2562189054726
13,547,CRC,9.47846889952153,146.16746411483254,84.47368421052632
13,548,WT,9.533088235294118,147.95955882352942,431.6617647058824
13,549,CRC,9.590673575129534,163.13989637305698,76.23316062176166
13,550,CRC,9.0,173.8780487804878,72.28048780487805
13,551,CRC,9.0,185.94444444444449,73.26388888888889
13,552,CRC,9.0,194.88349514563103,65.67961165048544
13,553,CRC,9.508333333333333,216.44583333333333,60.72916666666666
13,554,CRC,10.006622516556291,239.47350993377484,60.84105960264901
13,555,CRC,9.0,255.4712643678161,79.98850574712644
13,556,CRC,9.459214501510576,264.65861027190334,67.83987915407855
13,557,CRC,10.4,291.4377049180328,59.56065573770492
13,558,CRC,10.231607629427794,299.94550408719346,73.7465940054496
13,559,CRC,9.646666666666668,313.7155555555556,465.9755555555556
13,560,CRC,9.0,308.40909090909093,77.88636363636364
13,561,CRC,9.0,338.687074829932,91.78231292517007
13,562,CRC,10.306967984934088,371.7627118644068,443.3107344632768
13,563,CRC,10.218997361477571,374.44063324538257,107.5065963060686
13,564,CRC,9.0,374.94505494505495,129.3846153846154
13,565,CRC,9.563636363636364,385.29545454545456,124.75909090909092
13,566,CRC,10.014362657091562,387.01077199281866,425.9766606822262
13,567,CRC,9.615094339622642,392.4264150943396,134.83018867924528
13,568,CRC,9.806506849315069,403.0667808219178,150.91609589041096
13,569,CRC,11.381625441696112,405.690812720848,414.458480565371
13,570,CRC,11.452380952380953,419.88972431077696,396.2305764411028
13,571,CRC,9.0,422.2413793103448,240.31034482758625
13,572,CRC,10.13978494623656,439.0833333333333,204.4206989247312
13,573,CRC,9.463035019455251,427.9688715953307,358.1167315175097
13,574,CRC,9.97835497835498,444.030303030303,319.1991341991342
13,575,CRC,9.281531531531533,443.52252252252254,300.259009009009
13,576,CRC,9.912806539509535,443.2179836512262,227.4632152588556
13,577,WT,16.481896991330952,28.052524222335546,249.92911779704232
13,578,WT,10.69406392694064,45.67579908675799,256.0821917808219
13,579,CRC,11.844517184942717,43.37315875613748,183.3813420621931
13,580,CRC,10.696658097686376,47.580976863753214,205.73778920308484
13,581,CRC,10.0,50.86666666666667,219.53333333333333
13,582,WT,10.489473684210529,51.95263157894737,273.4736842105263
13,583,WT,10.418848167539268,50.63350785340314,286.18848167539267
13,584,CRC,12.048143053645116,46.01513067400275,166.69050894085282
13,585,WT,11.910224438902745,49.03615960099751,318.0199501246883
13,586,CRC,10.574572127139364,56.54034229828851,152.84107579462102
13,587,CRC,10.0,58.721518987341774,184.2025316455696
13,588,CRC,10.669354838709678,63.858870967741936,136.2258064516129
13,589,CRC,10.0,67.94047619047619,150.3452380952381
13,590,WT,12.127679403541473,70.95153774464119,372.21994408201306
13,591,WT,10.66153846153846,93.21538461538462,394.1723076923077
13,592,CRC,10.733333333333333,88.51851851851852,112.29629629629628
13,593,WT,10.494163424124514,104.21400778210116,398.7937743190661
13,594,CRC,11.399563318777291,111.8056768558952,88.6877729257642
13,595,CRC,10.0,115.87878787878788,104.24242424242424
13,596,CRC,10.663157894736845,139.0421052631579,77.53684210526316
13,597,WT,10.259786476868328,161.76868327402136,446.2953736654805
13,598,CRC,10.660869565217393,163.3695652173913,70.89565217391305
13,599,CRC,10.0,175.49180327868854,458.5081967213115
13,600,CRC,10.0,177.91304347826087,69.43478260869566
13,601,CRC,10.0,185.24031007751933,59.6124031007752
13,602,CRC,10.0,189.86607142857144,463.1428571428572
13,603,CRC,10.434285714285714,207.5771428571429,57.10857142857143
13,604,CRC,10.46875,216.040625,476.58125
13,605,CRC,18.407336645013373,240.5678257546809,489.8005349636989
13,606,CRC,10.0,264.3888888888889,56.73333333333333
13,607,CRC,13.634034766697164,270.21591948764865,488.11253430924063
13,608,CRC,10.397683397683398,287.81853281853284,476.4324324324325
13,609,CRC,11.435277382645804,323.97297297297297,72.91607396870555
13,610,WT,10.478964401294498,326.4919093851133,81.14563106796116
13,611,CRC,10.261904761904765,328.9246031746032,469.3015873015873
13,612,CRC,10.0,352.3359375,448.640625
13,613,CRC,10.0,358.8728813559322,93.6186440677966
13,614,CRC,10.0,355.3617021276596,102.8936170212766
13,615,CRC,11.45278450363196,364.1622276029056,456.9273607748184
13,616,CRC,10.0,421.01408450704224,167.0281690140845
13,617,CRC,10.81728880157171,434.7485265225933,183.44793713163065
13,618,CRC,10.413636363636364,442.4795454545455,339.7409090909091
13,619,CRC,11.304635761589404,453.135761589404,250.94205298013244
13,620,CRC,10.906976744186046,450.5426356589147,279.43152454780363
13,621,CRC,10.823218997361478,453.688654353562,261.64379947229554
13,622,CRC,10.0,450.4772727272728,291.9431818181818
13,623,WT,14.179577464788732,32.692957746478875,271.0774647887324
13,624,WT,15.732326283987916,34.58972809667674,314.4513595166163
13,625,CRC,11.0,44.924731182795696,192.4731182795699
13,626,WT,12.679197994987469,51.92982456140351,332.7857142857143
13,627,WT,11.0,57.78260869565217,240.69565217391303
13,628,CRC,11.83974358974359,75.72008547008546,106.8974358974359
13,629,WT,17.23739174732552,67.65868568517575,396.62098828324
13,630,CRC,11.0,95.860103626943,101.6839378238342
13,631,CRC,13.882831570382423,91.206672091131,86.48901545972335
13,632,WT,12.097674418604653,112.30697674418604,411.48604651162793
13,633,CRC,11.0,121.33684210526316,81.34736842105264
13,634,WT,12.78292181069959,117.49897119341564,426.858024691358
13,635,WT,15.785625,140.236875,455.28875
13,636,CRC,11.3963133640553,149.38248847926266,68.97235023041475
13,637,CRC,13.552238805970148,166.1993603411514,464.3848614072495
13,638,CRC,16.856614626129826,169.99835661462612,38.81059983566146
13,639,CRC,11.0,182.45901639344265,465.2131147540984
13,640,CRC,16.453465346534653,183.55973597359736,477.4145214521452
13,641,CRC,11.461538461538462,201.5,48.746153846153845
13,642,CRC,11.0,223.5859375,53.015625
13,643,CRC,11.0,247.46875,50.125
13,644,CRC,11.345454545454546,261.83181818181816,51.73181818181818
13,645,CRC,11.0,273.30882352941177,59.9485294117647
13,646,CRC,12.344827586206897,283.03748125937034,44.74362818590705
13,647,CRC,11.0,312.421875,481.203125
13,648,CRC,18.00794551645857,322.57661748013624,486.0189178963299
13,649,CRC,11.554929577464788,341.60281690140846,77.45633802816901
13,650,CRC,11.339233038348082,354.74041297935105,85.38053097345133
13,651,CRC,12.420454545454543,374.2711038961039,90.19805194805195
13,652,CRC,11.730072463768115,395.8967391304348,117.05978260869566
13,653,CRC,11.0,403.4857142857143,136.7047619047619
13,654,CRC,12.374277456647398,420.2109826589596,135.9364161849711
13,655,CRC,11.42925659472422,427.8537170263789,159.1270983213429
13,656,CRC,11.0,423.0634920634921,171.33333333333334
13,657,CRC,12.507440476190476,438.3199404761905,374.63392857142856
13,658,CRC,12.0987012987013,444.1168831168831,354.05974025974024
13,659,CRC,11.0,445.8333333333333,255.76666666666668
13,660,CRC,12.134653465346537,455.2950495049505,217.46732673267329
13,661,CRC,11.41078838174274,453.6929460580913,230.3278008298755
13,662,CRC,18.736171639289307,473.11565538048944,289.217230975528
13,663,CRC,12.5,32.40384615384615,222.51538461538465
13,664,WT,13.016949152542374,35.97457627118644,257.8135593220339
13,665,CRC,12.26943005181347,39.35233160621762,209.2901554404145
13,666,CRC,14.372010628875111,42.79185119574845,144.70859167404782
13,667,WT,12.487179487179487,41.78846153846154,294.0128205128205
13,668,CRC,13.996978851963746,53.69033232628399,125.1012084592145
13,669,CRC,12.550420168067228,55.61764705882353,142.99579831932772
13,670,CRC,12.982188295165397,64.63613231552164,120.02798982188295
13,671,WT,12.0,63.36842105263158,326.3421052631579
13,672,CRC,12.0,75.45121951219512,115.0609756097561
13,673,WT,16.38352104327208,101.86307053941908,427.937166567872
13,674,CRC,12.452380952380953,122.18650793650794,74.4920634920635
13,675,WT,19.89193682460516,117.07370462732058,445.69853144915487
13,676,CRC,12.0,135.46938775510205,80.87755102040816
13,677,CRC,12.34375,138.61160714285714,68.84375
13,678,CRC,12.997601918465229,158.5347721822542,55.62829736211031
13,679,WT,14.30603448275862,151.66810344827587,459.0258620689655
13,680,CRC,12.0,166.9,63.15
13,681,CRC,12.0,176.60759493670886,469.4810126582278
13,682,CRC,14.149519890260631,190.6694101508916,38.15637860082305
13,683,CRC,13.117493472584856,217.97127937336813,484.6266318537859
13,684,CRC,12.922305764411028,232.13032581453635,39.16791979949875
13,685,WT,13.659137577002053,232.611909650924,485.79671457905545
13,686,CRC,12.532033426183844,250.8077994428969,42.04178272980501
13,687,CRC,14.900221729490022,291.89356984478934,490.5410199556541
13,688,CRC,12.0,302.2134831460674,56.1123595505618
13,689,WT,12.0,321.7083333333333,76.0
13,690,CRC,14.587662337662335,334.57954545454544,52.28733766233766
13,691,CRC,12.661676646706589,387.1976047904192,98.29041916167664
13,692,CRC,17.49574105621806,396.37365133446906,442.9823963657013
13,693,CRC,12.0,407.0571428571429,409.9714285714286
13,694,CRC,17.259615384615383,448.467032967033,146.55586080586082
13,695,CRC,15.3929173693086,459.1644182124789,180.9080944350759
13,696,CRC,16.957769355711964,461.1802923659989,333.1505143475907
13,697,CRC,13.537404580152671,459.48702290076335,317.57557251908395
13,698,CRC,13.0,28.57943925233645,206.5140186915888
13,699,WT,16.620278330019882,25.21570576540756,238.337972166998
13,700,WT,15.395732298739087,28.090203685742,291.0737148399612
13,701,CRC,13.0,37.73170731707317,197.2276422764228
13,702,WT,13.620805369127517,71.13758389261746,382.8456375838926
13,703,CRC,15.1856,72.344,95.048
13,704,WT,13.0,72.53846153846153,351.8589743589744
13,705,WT,13.91869918699187,79.08536585365853,370.8211382113821
13,706,WT,20.18282828282828,73.14410774410774,407.4074074074074
13,707,CRC,13.0,83.15555555555555,99.91111111111113
13,708,CRC,15.939953810623557,105.4041570438799,68.82678983833718
13,709,CRC,18.11752577319588,134.9022680412371,49.33525773195876
13,710,CRC,19.594955489614243,210.16839762611275,486.2945103857567
13,711,CRC,15.338781575037148,212.64487369985144,32.17236255572065
13,712,CRC,14.168508287292818,270.75690607734805,40.94475138121547
13,713,CRC,15.43921568627451,309.8745098039216,490.5833333333333
13,714,CRC,13.0,313.56470588235294,48.74117647058824
13,715,CRC,13.0,337.89830508474574,470.1694915254237
13,716,CRC,15.15839860748477,348.3228894691036,58.52045256744996
13,717,CRC,13.0,359.82936507936506,78.88888888888889
13,718,CRC,20.74242869744193,420.9344310496913,96.27962364010584
13,719,CRC,16.064857710125743,469.15552614162806,206.56982131039047
13,720,CRC,13.0,461.43718592964825,270.7035175879397
13,721,CRC,13.369402985074627,466.6716417910448,239.2276119402985
13,722,CRC,18.45518207282913,19.11297852474323,202.57236227824464
13,723,CRC,17.421940928270043,17.70886075949367,221.0696202531645
13,724,CRC,16.531435349940686,25.10557532621589,175.54567022538552
13,725,WT,14.0,30.431818181818183,301.17045454545456
13,726,CRC,15.735234215885948,31.78004073319756,155.58044806517313
13,727,CRC,14.0,36.19047619047619,195.52380952380952
13,728,WT,15.958387516254875,37.13784135240572,328.0351105331599
13,729,WT,17.384301732925586,39.46279306829766,349.70030581039754
13,730,WT,14.72189349112426,46.82248520710059,360.3550295857988
13,731,WT,14.0,52.49166666666667,355.46666666666664
13,732,WT,17.32183908045977,51.11724137931034,373.9873563218391
13,733,WT,14.0,63.3469387755102,351.3469387755102
13,734,WT,18.495686274509804,89.64235294117647,423.8650980392157
13,735,WT,14.0,94.72222222222224,406.4166666666667
13,736,CRC,15.53935860058309,118.44460641399417,60.91107871720117
13,737,WT,15.304824561403509,119.27412280701756,441.969298245614
13,738,CRC,14.5,131.51574803149606,56.69685039370079
13,739,CRC,14.0,246.55797101449275,34.3768115942029
13,740,CRC,17.89608269858542,282.08433079434167,25.37812840043525
13,741,CRC,14.474654377880183,297.21198156682027,41.42396313364056
13,742,CRC,18.280179674340257,314.7725996631106,32.8899494665918
13,743,CRC,18.71015228426396,351.4725888324873,477.24314720812185
13,744,CRC,14.619277108433735,372.5469879518072,71.53975903614457
13,745,CRC,17.28637770897833,381.6184210526316,457.2817337461301
13,746,CRC,15.26193724420191,389.6261937244202,81.40791268758527
13,747,CRC,14.0,420.7445255474453,125.71532846715328
13,748,CRC,17.205627705627705,429.0151515151515,112.46753246753246
13,749,CRC,14.0,433.4357798165138,142.29357798165137
13,750,CRC,18.127622377622377,438.9527972027972,393.7001748251748
13,751,CRC,15.330434782608696,451.92,363.6747826086957
13,752,CRC,17.25,459.4395734597156,347.6765402843602
13,753,CRC,14.0,466.4657534246575,221.3287671232877
13,754,CRC,16.1368909512761,474.7030162412993,248.2424593967517
13,755,CRC,14.0,473.7631578947368,270.9736842105263
13,756,CRC,18.65669700910273,55.92392717815345,105.40507152145643
13,757,WT,15.0,85.19444444444444,395.84722222222223
13,758,CRC,15.0,111.83695652173913,61.10869565217392
13,759,CRC,15.898876404494382,157.12640449438203,41.52247191011236
13,760,WT,17.171140939597315,193.9093959731544,482.0956375838926
13,761,CRC,15.450704225352112,202.7323943661972,33.309859154929576
13,762,CRC,16.83455344070278,229.0775988286969,25.997071742313324
13,763,CRC,16.071005917159763,245.7692307692308,26.201183431952664
13,764,CRC,15.416666666666666,258.4739583333333,33.182291666666664
13,765,CRC,15.84967320261438,271.46078431372547,29.431372549019606
13,766,CRC,16.1005291005291,368.82275132275134,467.484126984127
13,767,CRC,17.422093023255815,422.0709302325581,418.59418604651165
13,768,CRC,15.0,430.0,121.75454545454544
13,769,CRC,15.951162790697676,440.5,135.64186046511628
13,770,CRC,15.0,473.46280991735534,227.5619834710744
13,771,WT,21.335457151959226,23.700860146543484,288.1726664542848
13,772,CRC,18.91582491582492,43.92424242424242,125.44949494949496
13,773,WT,17.02469135802469,59.54012345679013,385.9753086419753
13,774,WT,16.0,141.01612903225808,451.8870967741936
13,775,WT,16.0,151.35294117647058,456.1911764705882
13,776,WT,17.665551839464882,226.79765886287623,492.2909698996655
13,777,CRC,19.857395403653506,271.38067177371835,492.936947554508
13,778,CRC,16.0,448.0,375.4179104477612
13,779,CRC,17.5496062992126,471.55590551181103,310.9496062992126
13,780,CRC,16.87220447284345,474.0607028753994,278.1150159744409
13,781,CRC,18.19540229885057,480.0301724137931,238.507183908046
13,782,CRC,16.949494949494948,477.2693602693603,263.4915824915825
13,783,CRC,17.0,19.175182481751825,189.8029197080292
13,784,WT,17.0,39.91208791208791,354.1098901098901
13,785,WT,18.65892857142857,44.65892857142857,363.4767857142857
13,786,WT,17.0,48.984375,354.328125
13,787,WT,17.0,84.0,418.3608247422681
13,788,CRC,19.603191489361706,89.07553191489362,70.92127659574469
13,789,CRC,19.70208023774145,114.67979197622586,56.28306092124814
13,790,CRC,18.14411247803164,148.76977152899823,37.40773286467487
13,791,WT,19.2555879494655,160.9144800777454,471.6880466472303
13,792,CRC,17.98141891891892,197.20777027027023,26.964527027027028
13,793,CRC,19.5089463220676,246.1252485089464,20.41451292246521
13,794,CRC,17.0,279.5673758865248,494.8510638297872
13,795,CRC,17.59071729957806,329.38396624472574,40.10548523206751
13,796,CRC,18.88685344827586,383.9806034482759,63.33620689655172
13,797,CRC,18.568181818181817,403.45104895104896,80.21678321678321
13,798,CRC,20.610085227272727,448.87215909090907,375.68110795454544
13,799,CRC,18.42406311637081,462.4990138067061,162.73175542406312
13,800,CRC,17.0,473.1196581196581,215.25641025641025
13,801,CRC,18.641592920353983,479.50442477876106,219.2787610619469
13,802,CRC,19.411371237458194,72.70234113712375,84.15551839464882
13,803,CRC,18.0,293.3114754098361,29.049180327868854
13,804,CRC,19.865168539325843,361.3614232209738,47.03464419475655
13,805,CRC,18.0,440.4391891891892,123.8108108108108
13,806,CRC,19.0,15.533333333333331,177.54666666666665
13,807,WT,19.5,21.34259259259259,279.6412037037037
13,808,WT,19.0,24.73611111111111,270.0208333333333
13,809,CRC,19.0,27.64375,161.09375
13,810,CRC,20.085858585858585,483.3510101010101,263.1136363636364
13,811,WT,20.554285714285715,145.2942857142857,464.8428571428572
13,812,CRC,21.561904761904763,183.4019047619048,26.662857142857145
13,813,WT,20.0,255.9145299145299,492.84615384615387
13,814,CRC,21.56969696969697,265.0060606060606,14.343434343434344
13,815,CRC,20.0,473.2040816326531,181.8571428571429
13,816,CRC,21.66468253968254,35.49801587301587,141.82539682539684
13,817,CRC,21.0,84.52631578947368,76.38157894736842
13,818,CRC,21.761904761904763,145.72857142857143,38.76904761904762
13,819,CRC,21.0,173.01769911504425,33.27433628318584
13,820,CRC,21.82730923694779,209.7168674698796,20.867469879518072
13,821,CRC,21.52380952380953,250.7922077922078,17.493506493506494
13,822,WT,22.64075993091537,266.13126079447323,490.4214162348877
13,823,CRC,21.68211920529801,299.1291390728477,24.337748344370866
13,824,CRC,22.009646302250804,469.56591639871385,321.38263665594855
13,825,WT,22.0,19.095541401273884,240.2675159235669
13,826,CRC,22.0,21.78125,175.165625
13,827,WT,22.496376811594203,37.91259057971015,350.8999094202899
13,828,WT,23.14860681114552,249.60371517027863,489.5557275541796
13,829,WT,23.743816254416963,259.52826855123675,467.1978798586573
13,830,WT,23.83582089552239,292.24751243781094,467.4676616915423
13,831,CRC,22.42960288808664,299.40072202166067,490.7725631768953
13,832,CRC,23.708571428571428,318.65714285714284,464.2714285714285
13,833,CRC,25.011507479861912,324.9907940161105,30.20253164556962
13,834,CRC,22.0,336.0574712643678,34.333333333333336
13,835,CRC,22.0,343.7542372881356,460.3474576271187
13,836,CRC,22.94756554307116,352.96629213483146,40.52808988764045
13,837,CRC,22.56353591160221,455.4696132596685,363.50828729281767
13,838,CRC,22.347826086956523,465.1304347826087,153.7463768115942
13,839,CRC,22.20817843866171,478.5334572490706,199.99628252788105
13,840,CRC,23.0,134.16666666666666,43.31481481481482
13,841,WT,23.872670807453417,144.87422360248448,463.639751552795
13,842,WT,23.94164989939637,161.9496981891348,471.2092555331992
13,843,WT,24.001256281407034,179.89698492462313,476.18467336683415
13,844,CRC,23.0,198.07738095238096,23.041666666666668
13,845,CRC,23.0,329.6804733727811,462.7455621301775
13,846,CRC,23.72493573264781,345.6478149100257,452.76863753213365
13,847,CRC,23.90031152647975,364.6760124610592,441.61682242990656
13,848,CRC,23.0,379.6630434782609,454.6630434782609
13,849,CRC,23.0,425.61538461538464,388.7307692307692
13,850,CRC,23.0,472.47222222222223,173.76388888888889
13,851,CRC,23.0,479.6546762589928,278.8345323741007
13,852,CRC,23.0,483.716814159292,223.6106194690265
13,853,CRC,23.0,483.7906976744186,248.7325581395349
13,854,CRC,24.505050505050505,20.666666666666668,194.989898989899
13,855,WT,24.0,43.85148514851485,360.0445544554456
13,856,WT,24.0,80.74038461538461,412.96153846153845
13,857,WT,24.0,124.97008547008546,451.97435897435895
13,858,WT,24.45959595959596,274.6515151515151,465.530303030303
13,859,CRC,24.0,345.56666666666666,474.6833333333333
13,860,CRC,24.0,372.88461538461536,64.5
13,861,CRC,24.0,413.0,404.9302325581396
13,862,WT,25.0,20.580246913580247,213.20987654320987
13,863,CRC,25.0,26.92391304347826,161.97826086956522
13,864,CRC,25.0,38.86915887850467,136.21495327102804
13,865,CRC,25.0,47.056179775280896,119.64044943820224
13,866,CRC,25.0,64.66129032258064,95.51612903225806
13,867,CRC,25.0,76.56989247311827,82.23655913978494
13,868,CRC,25.0,90.0561797752809,69.99438202247191
13,869,CRC,25.0,121.59292035398232,53.23008849557522
13,870,CRC,25.0,133.51724137931035,45.44827586206897
13,871,CRC,25.0,148.375,36.80555555555556
13,872,CRC,25.0,168.38571428571427,28.442857142857143
13,873,CRC,25.503401360544217,376.2789115646258,427.2517006802721
13,874,CRC,25.0,387.3333333333333,76.26666666666667
13,875,CRC,26.036253776435046,401.7764350453172,402.8006042296073
13,876,CRC,26.0,411.8850174216028,81.7595818815331
13,877,CRC,25.0,418.3380281690141,390.225352112676
13,878,CRC,25.37234042553192,424.4787234042553,375.9468085106383
13,879,CRC,25.888675623800385,456.5182341650672,136.78502879078695
13,880,CRC,25.0,454.7441860465116,357.8488372093023
13,881,CRC,25.0,478.0625,195.890625
13,882,CRC,25.0,480.0568181818182,279.25
13,883,CRC,25.0,482.624,249.32
13,884,CRC,25.0,484.0722891566265,222.19277108433727
13,885,CRC,26.0,320.6967213114754,44.8688524590164
13,886,CRC,26.0,337.63829787234044,36.12765957446808
13,887,CRC,26.0,356.28688524590166,45.467213114754095
13,888,CRC,26.59509202453988,364.39877300613495,66.69325153374233
13,889,CRC,26.641176470588235,367.4352941176471,51.38529411764706
13,890,CRC,27.316146540027137,389.7842605156038,84.92537313432835
13,891,WT,26.735714285714284,384.6071428571428,411.6285714285714
13,892,CRC,26.0,393.1489361702128,66.76595744680851
13,893,CRC,26.50228310502283,414.8812785388128,383.8036529680365
13,894,WT,27.0,307.05555555555554,451.1825396825397
13,895,CRC,27.0,403.812030075188,101.23308270676692
13,896,CRC,27.0,444.3304347826087,142.04347826086956
13,897,CRC,28.495495495495497,421.4054054054054,122.43693693693692
13,898,CRC,28.535087719298247,438.469298245614,140.78508771929825
13,899,WT,29.0,245.40983606557376,482.655737704918
13,900,WT,29.0,250.4181818181818,454.8909090909091
13,901,WT,29.0,267.7875,449.9
13,902,WT,29.0,279.0,448.3444444444444
13,903,WT,29.0,295.1688311688312,444.8961038961039
13,904,WT,30.030837004405285,309.30396475770925,436.9162995594714
13,905,WT,29.855172413793102,325.4896551724138,433.1551724137931
13,906,WT,29.0,348.2920353982301,423.6991150442478
13,907,WT,30.0,357.69303797468353,413.3481012658228
13,908,CRC,29.0,405.4343434343434,381.7676767676768
13,909,CRC,29.0,416.5,372.625
13,910,CRC,30.006960556844547,435.9187935034803,315.79814385150814
13,911,CRC,30.959633027522937,245.62201834862384,47.00917431192661
13,912,WT,30.82456140350877,285.2706766917293,437.9172932330827
13,913,WT,30.42168674698795,338.3212851405622,420.3333333333333
13,914,CRC,30.865384615384617,371.7019230769231,399.9551282051282
13,915,CRC,30.75179856115108,383.6007194244604,391.0503597122302
13,916,CRC,31.03690036900369,399.56457564575646,376.0295202952029
13,917,CRC,31.608753315649867,409.1750663129973,355.34615384615387
13,918,CRC,32.27246790299572,418.188302425107,338.20970042796006
13,919,CRC,30.34857142857143,444.3142857142857,294.42857142857144
13,920,CRC,31.42233009708738,97.44174757281552,110.8980582524272
13,921,CRC,31.28674698795181,120.47710843373494,90.50361445783132
13,922,CRC,31.39179104477612,200.3507462686567,52.149253731343286
13,923,WT,31.426573426573427,257.8111888111888,430.76223776223776
13,924,CRC,31.734411085450347,281.8013856812933,51.64203233256351
13,925,WT,34.11465892597968,293.7358490566038,408.6705370101597
13,926,WT,31.0,323.7647058823529,422.6974789915967
13,927,WT,31.457142857142856,336.3485714285714,411.9028571428572
13,928,WT,33.46666666666667,332.4066666666667,397.23
13,929,WT,33.71220930232558,344.3488372093023,386.8139534883721
13,930,WT,31.466666666666665,356.5272727272727,402.4727272727273
13,931,CRC,32.233695652173914,363.0625,388.0896739130435
13,932,CRC,32.84403669724771,371.9161205766711,93.63040629095676
13,933,CRC,32.754039497307005,379.1956912028725,372.5978456014363
13,934,CRC,31.0,421.1363636363636,352.5
13,935,CRC,32.422779922779924,423.16988416988414,319.7895752895753
13,936,CRC,31.676056338028168,424.1173708920188,136.33802816901408
13,937,CRC,32.0,93.55813953488372,123.0813953488372
13,938,CRC,32.0,215.9154929577465,55.88732394366197
13,939,CRC,32.0,225.85148514851485,51.75247524752475
13,940,CRC,32.0,266.3265306122449,51.5578231292517
13,941,WT,32.0,262.3333333333333,414.6666666666667
13,942,WT,32.0,264.9156626506024,424.2530120481928
13,943,WT,32.0,275.2,435.5571428571429
13,944,WT,32.0,282.4259259259259,422.2037037037037
13,945,WT,32.0,294.2236842105263,429.3157894736842
13,946,WT,32.0,307.6046511627907,423.8372093023256
13,947,WT,33.49753694581281,318.7832512315271,406.6600985221675
13,948,CRC,32.0,351.66336633663366,74.39603960396039
13,949,CRC,32.0,396.3071428571429,106.23571428571428
13,950,CRC,32.397683397683394,400.5057915057915,116.95366795366796
13,951,CRC,32.36842105263158,408.1503759398496,135.71804511278197
13,952,CRC,32.0,411.94827586206895,148.06034482758622
13,953,CRC,32.50731707317073,421.2731707317073,149.99512195121952
13,954,CRC,32.0,423.725,190.725
13,955,CRC,32.0,437.5121951219512,159.46341463414635
13,956,CRC,32.0,445.719512195122,212.89634146341464
13,957,CRC,32.0,444.8118811881188,193.980198019802
13,958,CRC,32.0,446.39690721649487,245.01546391752572
13,959,CRC,33.0,70.32727272727273,207.4
13,960,CRC,33.0,70.86842105263158,184.3421052631579
13,961,CRC,33.0,74.8875,164.4375
13,962,CRC,33.0,78.71428571428571,153.5625
13,963,CRC,33.0,201.96629213483143,61.38202247191011
13,964,WT,34.927342256214146,295.4015296367113,393.7495219885277
13,965,CRC,33.0,395.27941176470586,365.0
13,966,CRC,34.42490118577075,425.64229249011856,192.61462450592884
13,967,WT,34.0,88.65397631133672,250.93654822335023
13,968,CRC,34.49745676500508,85.83926754832146,161.98270600203458
13,969,WT,34.0,233.23076923076923,399.84615384615387
13,970,WT,35.2090395480226,250.28531073446328,405.8559322033898
13,971,WT,34.0,263.0882352941176,419.8382352941176
13,972,WT,34.0,265.9342105263158,411.3815789473685
13,973,WT,34.68852459016394,272.7704918032787,408.4139344262295
13,974,WT,34.0,311.0967741935484,417.3870967741936
13,975,CRC,34.99629629629629,351.02592592592595,374.6518518518519
13,976,CRC,35.6503164556962,370.00474683544303,354.50632911392404
13,977,CRC,34.0,372.3020833333333,366.6458333333333
13,978,CRC,34.0,382.3703703703704,355.7037037037037
13,979,CRC,34.93735498839907,387.91647331786544,349.70069605568443
13,980,CRC,34.85087719298246,393.6535087719298,326.6666666666667
13,981,CRC,34.0,409.04485049833886,145.17441860465115
13,982,CRC,35.08651911468813,406.7444668008048,321.2313883299799
13,983,CRC,35.02962962962963,411.4111111111111,292.0962962962963
13,984,CRC,34.0,414.6371681415929,307.60176991150445
13,985,CRC,34.0,421.5748031496063,291.1653543307087
13,986,CRC,34.445692883895134,434.4943820224719,236.56179775280896
13,987,CRC,34.0,437.2203389830509,215.29661016949152
13,988,CRC,36.19516407599309,95.13471502590671,184.28497409326425
13,989,CRC,36.15384615384615,94.05128205128206,219.84981684981685
13,990,CRC,35.43762781186094,98.31697341513292,135.03067484662577
13,991,CRC,35.0,122.42292490118577,115.17786561264822
13,992,CRC,35.42028985507246,146.54782608695652,95.56521739130434
13,993,CRC,35.516129032258064,184.37536656891496,81.19648093841643
13,994,CRC,35.61267605633803,207.8556338028169,71.28169014084507
13,995,WT,35.0,240.1311475409836,392.0
13,996,CRC,35.91970802919708,250.1362530413625,64.59610705596107
13,997,WT,36.48070739549839,254.95980707395492,382.30707395498393
13,998,WT,35.525291828793776,271.2490272373541,397.4007782101168
13,999,CRC,35.34469696969697,278.64772727272725,381.4128787878788
13,1000,CRC,37.37243735763098,292.7596810933941,353.2243735763098
13,1001,CRC,37.16666666666666,299.12280701754383,376.14912280701753
13,1002,CRC,36.17952314165498,324.1809256661992,373.4782608695652
13,1003,CRC,36.49844236760124,356.8878504672897,114.4859813084112
13,1004,CRC,36.44483362521891,382.14185639229424,143.14185639229422
13,1005,CRC,35.0,396.5092592592592,140.90740740740742
13,1006,CRC,36.02312138728324,397.7167630057804,155.3728323699422
13,1007,CRC,35.0,409.1018518518519,151.35185185185185
13,1008,CRC,36.0,83.55555555555556,190.010101010101
13,1009,WT,36.46526315789474,96.2842105263158,257.3284210526316
13,1010,WT,36.0,89.51327433628319,235.858407079646
13,1011,CRC,36.68235294117647,102.16470588235296,165.15686274509804
13,1012,CRC,36.86835443037975,99.64556962025316,200.38227848101263
13,1013,CRC,37.021865889212826,101.9533527696793,236.7594752186589
13,1014,CRC,36.0,120.21212121212122,143.5
13,1015,CRC,36.36734693877551,124.27696793002916,126.25655976676384
13,1016,CRC,36.0,133.8843537414966,111.37414965986396
13,1017,CRC,36.62776025236593,139.69400630914828,120.73186119873816
13,1018,CRC,36.99564270152506,151.25054466230938,115.5446623093682
13,1019,CRC,36.0,161.2962962962963,97.66666666666669
13,1020,CRC,36.75055679287305,173.33407572383072,101.42316258351892
13,1021,CRC,36.8609865470852,203.76233183856505,92.4439461883408
13,1022,CRC,36.36070381231672,220.1466275659824,81.05865102639297
13,1023,CRC,36.362275449101794,236.5808383233533,77.57784431137725
13,1024,WT,36.43413173652694,236.8233532934132,390.40419161676647
13,1025,CRC,36.54515050167224,265.4247491638796,73.4314381270903
13,1026,CRC,37.13864818024263,275.36568457538993,378.88214904679376
13,1027,CRC,38.03146853146853,302.17832167832165,344.52097902097904
13,1028,CRC,36.9493670886076,313.4632911392405,373.5746835443038
13,1029,WT,36.0,314.14150943396226,386.7547169811321
13,1030,CRC,37.089385474860336,335.51675977653633,109.44972067039106
13,1031,CRC,36.5448717948718,340.5833333333333,365.63461538461536
13,1032,CRC,37.55028462998102,346.86907020872866,128.05692599620494
13,1033,CRC,36.7994923857868,351.47715736040607,352.39340101522845
13,1034,CRC,36.0,362.74038461538464,345.7307692307692
13,1035,CRC,37.60233918128655,371.4093567251462,315.9122807017544
13,1036,CRC,36.39506172839506,376.6954732510288,125.89711934156378
13,1037,CRC,37.247838616714695,373.4293948126801,328.7694524495677
13,1038,CRC,36.286384976525824,380.82159624413146,338.16901408450707
13,1039,CRC,36.763698630136986,387.6472602739726,314.1164383561644
13,1040,CRC,37.11145510835913,395.2817337461301,170.89783281733747
13,1041,CRC,37.03162055335969,397.59288537549406,299.27667984189725
13,1042,CRC,36.0,406.4909090909091,299.90909090909093
13,1043,CRC,36.54268292682927,412.1280487804878,209.15548780487805
13,1044,CRC,36.0,412.32608695652175,178.8768115942029
13,1045,CRC,36.89879518072289,411.7469879518072,232.1686746987952
13,1046,CRC,37.276712328767125,130.07945205479453,145.65205479452055
13,1047,WT,37.0,198.3913043478261,381.8478260869565
13,1048,CRC,37.0,250.9512195121951,88.90243902439025
13,1049,WT,37.0,252.7230769230769,391.46153846153845
13,1050,CRC,37.0,373.15277777777777,180.08333333333334
13,1051,CRC,38.59310344827586,378.719540229885,301.6229885057471
13,1052,CRC,37.0,379.7934782608696,152.31521739130434
13,1053,CRC,37.61643835616438,387.716894977169,187.34246575342465
13,1054,CRC,38.02708803611738,398.9774266365689,219.3160270880361
13,1055,CRC,38.0,105.16,184.97333333333333
13,1056,CRC,38.0,109.22784810126582,145.25316455696202
13,1057,CRC,38.0,113.86666666666666,198.62222222222223
13,1058,WT,38.0,120.2906976744186,284.06976744186045
13,1059,WT,38.0,122.873417721519,272.6835443037975
13,1060,CRC,38.0,132.74725274725276,239.69230769230768
13,1061,CRC,38.0,132.85882352941175,220.12941176470588
13,1062,CRC,38.0,134.19354838709677,261.7096774193548
13,1063,WT,38.0,139.2,284.7555555555556
13,1064,CRC,38.0,141.7910447761194,158.46268656716418
13,1065,WT,38.0,148.09677419354838,267.1774193548387
13,1066,CRC,39.609397944199706,174.03817914831131,135.7430249632893
13,1067,WT,38.0,175.16666666666666,342.9761904761905
13,1068,CRC,38.0,184.5731707317073,110.51219512195122
13,1069,CRC,39.06060606060606,194.28138528138527,124.23593073593074
13,1070,WT,38.0,195.672131147541,354.78688524590166
13,1071,WT,38.0,200.08510638297872,332.27659574468083
13,1072,CRC,38.0,204.08219178082192,111.38356164383562
13,1073,CRC,38.0,220.44444444444449,101.33333333333331
13,1074,WT,38.0,223.5537190082645,375.97520661157023
13,1075,CRC,38.0,231.9882352941177,364.78823529411767
13,1076,CRC,38.0,242.072463768116,82.69565217391305
13,1077,WT,38.0,254.6829268292683,368.6910569105691
13,1078,CRC,39.39344262295082,265.4566744730679,359.8103044496487
13,1079,CRC,38.0,269.13235294117646,373.7647058823529
13,1080,CRC,38.0,277.17021276595744,368.0212765957447
13,1081,CRC,38.0,298.6862745098039,97.17647058823528
13,1082,CRC,38.459016393442624,306.2950819672131,366.25409836065575
13,1083,CRC,38.96,354.04,330.88444444444445
13,1084,CRC,38.41198501872659,360.5468164794008,161.55430711610487
13,1085,CRC,38.0,359.0,318.5
13,1086,CRC,39.2603550295858,361.1213017751479,298.5207100591716
13,1087,CRC,38.0,367.28767123287673,144.12328767123287
13,1088,CRC,38.523648648648646,369.1891891891892,178.77364864864865
13,1089,CRC,39.11442786069652,375.7412935323383,282.7313432835821
13,1090,CRC,39.85576923076923,378.1576923076923,226.1346153846154
13,1091,CRC,38.46638655462185,383.016806722689,178.2983193277311
13,1092,CRC,38.60377358490566,387.50943396226415,209.78773584905665
13,1093,CRC,38.41592920353983,392.1637168141593,253.6681415929204
13,1094,CRC,38.57345971563981,391.521327014218,284.41706161137444
13,1095,CRC,38.0,397.09322033898303,198.10169491525423
13,1096,CRC,38.0,403.2142857142857,263.3125
13,1097,CRC,39.69571865443425,231.5749235474006,117.7645259938838
13,1098,CRC,39.67117117117117,246.74324324324328,98.02252252252252
13,1099,CRC,39.70552147239264,265.7566462167689,112.93251533742333
13,1100,CRC,39.0,265.6355140186916,94.4392523364486
13,1101,CRC,40.71454545454545,268.2509090909091,339.97636363636366
13,1102,CRC,40.19014084507042,294.8556338028169,127.00352112676056
13,1103,CRC,39.0,305.55982905982904,109.7094017094017
13,1104,CRC,39.51298701298701,314.012987012987,350.73376623376623
13,1105,CRC,39.53179190751445,327.40462427745666,348.64739884393066
13,1106,CRC,39.5281690140845,334.7042253521127,338.3732394366197
13,1107,CRC,39.57512953367876,341.88082901554407,328.1761658031088
13,1108,CRC,40.362976406533576,344.41379310344826,308.86025408348456
13,1109,CRC,40.19501133786848,360.46485260770976,184.93650793650792
13,1110,CRC,40.01727861771058,369.9416846652268,201.3758099352052
13,1111,CRC,39.51351351351352,378.1567567567568,249.7675675675676
13,1112,CRC,39.0,392.8333333333333,241.0208333333333
13,1113,CRC,40.51204819277108,150.6024096385542,205.32530120481928
13,1114,CRC,40.94444444444444,153.92397660818713,182.94444444444449
13,1115,WT,40.50920245398773,152.84662576687117,263.3558282208589
13,1116,CRC,40.0,155.80246913580248,147.14814814814815
13,1117,CRC,41.10914454277286,172.50442477876106,197.3569321533924
13,1118,CRC,41.15608465608466,182.47089947089947,165.47883597883597
13,1119,CRC,40.47619047619048,208.2900432900433,136.7792207792208
13,1120,CRC,40.28947368421053,220.3201754385965,120.26315789473684
13,1121,CRC,40.0,224.63194444444449,141.03472222222223
13,1122,CRC,40.82113821138211,252.1910569105691,344.8739837398374
13,1123,WT,40.0,254.97619047619048,370.7380952380952
13,1124,CRC,40.0,273.5217391304348,124.6086956521739
13,1125,CRC,41.15847860538828,278.5293185419968,144.4310618066561
13,1126,CRC,40.82828282828283,282.3636363636364,340.85185185185185
13,1127,CRC,40.0,282.78409090909093,109.5909090909091
13,1128,CRC,40.96491228070175,293.24122807017545,328.8859649122807
13,1129,CRC,40.488789237668165,316.1479820627803,336.8834080717489
13,1130,CRC,40.52767527675277,333.0405904059041,321.4686346863469
13,1131,CRC,40.50243902439024,335.1951219512195,163.37073170731708
13,1132,CRC,40.0,342.4024390243902,141.85365853658536
13,1133,CRC,40.61538461538461,340.33653846153845,176.33653846153845
13,1134,CRC,40.443636363636365,347.34181818181816,156.65818181818182
13,1135,CRC,40.0,349.4965986394558,301.59183673469386
13,1136,CRC,40.32727272727273,348.6060606060606,169.5030303030303
13,1137,CRC,40.333333333333336,352.47333333333336,288.38
13,1138,CRC,40.583333333333336,361.9901960784314,215.63480392156865
13,1139,CRC,40.0,363.1739130434783,282.1449275362319
13,1140,CRC,41.13840830449827,366.5795847750865,247.29584775086505
13,1141,CRC,40.0,368.5,263.6060606060606
13,1142,CRC,40.0,382.0120481927711,231.0120481927711
13,1143,WT,41.0,143.5593220338983,269.96610169491527
13,1144,CRC,41.0,145.8048780487805,210.7926829268293
13,1145,CRC,41.0,155.73584905660377,250.4528301886793
13,1146,CRC,41.5414364640884,168.62983425414365,219.8729281767956
13,1147,CRC,41.39086294416244,172.63451776649745,177.6751269035533
13,1148,CRC,41.52674897119341,175.3621399176955,241.77777777777777
13,1149,CRC,41.0,178.33333333333334,303.07142857142856
13,1150,WT,41.55371900826447,186.53719008264463,181.2479338842975
13,1151,WT,41.58415841584159,189.6683168316832,193.28217821782172
13,1152,CRC,41.0,189.2809917355372,137.48760330578511
13,1153,CRC,41.55026455026455,192.41798941798945,156.83597883597884
13,1154,WT,41.0,193.5546875,214.6640625
13,1155,WT,41.55339805825243,193.8252427184466,261.8495145631068
13,1156,CRC,41.0,202.73563218390805,148.20689655172413
13,1157,CRC,41.49122807017544,203.32748538011697,172.03216374269005
13,1158,CRC,41.507751937984494,202.13565891472868,196.95348837209303
13,1159,WT,41.28125,202.5625,326.15625
13,1160,WT,41.57286432160804,205.26130653266333,248.13065326633165
13,1161,CRC,41.57446808510638,214.4414893617021,267.4734042553192
13,1162,CRC,41.44859813084112,218.3551401869159,143.57943925233644
13,1163,WT,41.55820105820106,219.33068783068785,166.2804232804233
13,1164,CRC,41.570093457943926,224.69158878504672,314.5093457943925
13,1165,WT,41.50636942675159,239.7611464968153,145.90127388535032
13,1166,CRC,41.0,239.77215189873417,329.2025316455696
13,1167,WT,41.0,241.2282608695652,128.97826086956522
13,1168,WT,41.5916955017301,247.91695501730104,138.34948096885813
13,1169,CRC,41.57407407407408,252.46296296296296,153.75
13,1170,CRC,41.376,260.736,323.304
13,1171,CRC,41.0,263.1195652173913,134.7173913043478
13,1172,CRC,41.0,273.5151515151515,123.88888888888889
13,1173,CRC,41.0,278.1578947368421,336.43859649122805
13,1174,CRC,41.0,286.71264367816093,145.183908045977
13,1175,CRC,41.0,300.469512195122,137.6768292682927
13,1176,CRC,41.54355400696864,309.5331010452962,310.4320557491289
13,1177,CRC,41.0,312.032,323.008
13,1178,CRC,41.0,312.41818181818184,118.45454545454544
13,1179,CRC,41.0,320.041958041958,142.27972027972027
13,1180,CRC,41.5042492917847,321.8866855524079,156.74220963172806
13,1181,CRC,41.61764705882353,323.5210084033613,175.60084033613447
13,1182,CRC,41.60431654676259,328.4568345323741,286.7985611510791
13,1183,CRC,41.48547717842324,334.87966804979254,299.4688796680498
13,1184,CRC,41.54054054054054,336.46216216216214,191.79189189189188
13,1185,CRC,41.63311688311688,344.8084415584416,239.94805194805195
13,1186,CRC,41.48669201520912,349.28897338403044,282.1102661596958
13,1187,CRC,41.53157894736842,348.4842105263158,257.7
13,1188,CRC,41.0,352.3888888888889,200.28472222222223
13,1189,WT,42.0,183.1237113402062,231.70103092783503
13,1190,WT,42.0,191.5428571428572,242.1619047619048
13,1191,WT,42.0,194.65671641791045,229.19402985074623
13,1192,CRC,42.0,220.6238532110092,254.91743119266056
13,1193,CRC,42.0,228.093567251462,145.83625730994152
13,1194,CRC,42.0,240.10476190476192,162.86666666666667
13,1195,CRC,42.0,246.66666666666663,328.4557823129252
13,1196,CRC,42.0,245.7263157894737,317.0315789473684
13,1197,CRC,42.0,275.5541401273885,315.19745222929936
13,1198,CRC,42.0,287.60674157303373,312.7752808988764
13,1199,CRC,42.0,303.6612021857924,181.59016393442624
13,1200,CRC,42.0,318.74782608695654,299.1478260869565
13,1201,CRC,42.0,329.85714285714283,207.0
13,1202,CRC,42.0,342.2911392405063,218.6518987341772
13,1203,CRC,42.0,341.17692307692306,269.81538461538463
14,1,CRC,4.670238095238095,129.99166666666667,293.15833333333336
14,2,CRC,2.984375,130.68229166666666,326.875
14,3,WT,3.4237012987012987,176.49025974025977,265.77597402597405
14,4,CRC,4.763383297644539,190.6980728051392,361.4807280513919
14,5,CRC,4.2544080604534,231.2619647355164,373.1209068010076
14,6,CRC,3.836126629422719,266.6443202979516,453.7914338919925
14,7,CRC,4.39261744966443,266.3884228187919,367.5738255033557
14,8,CRC,3.67032967032967,280.06410256410254,434.6025641025641
14,9,CRC,4.139959432048681,79.54563894523326,337.13793103448273
14,10,CRC,3.0,130.2753623188406,238.0
14,11,CRC,3.0,145.16862745098038,256.3333333333333
14,12,CRC,4.051383399209486,140.38735177865613,197.12055335968373
14,13,CRC,3.9154334038054968,144.32346723044398,211.74841437632136
14,14,CRC,3.0,144.22826086956522,221.83695652173915
14,15,CRC,3.522935779816514,147.13761467889907,270.2201834862385
14,16,CRC,3.614457831325301,152.69477911646587,290.8112449799197
14,17,CRC,3.0,159.09316770186336,329.7950310559006
14,18,CRC,3.0,161.31210191082803,380.28025477707007
14,19,CRC,3.4847775175644027,164.7423887587822,244.9953161592506
14,20,CRC,3.828326180257511,164.59227467811158,286.1266094420601
14,21,CRC,3.452747252747253,170.23296703296705,189.48131868131867
14,22,CRC,3.884555382215289,173.01560062402496,222.0780031201248
14,23,CRC,4.198364008179959,181.4069529652352,378.69120654396727
14,24,CRC,3.865979381443299,182.11340206185568,210.6726804123712
14,25,CRC,3.88,184.94,174.1
14,26,WT,3.461904761904762,188.7404761904762,240.65714285714284
14,27,CRC,3.0,193.5859375,342.85546875
14,28,CRC,3.835648148148149,192.5787037037037,203.4537037037037
14,29,WT,3.719836400817996,199.91411042944785,222.44171779141104
14,30,WT,3.5301204819277108,200.8373493975904,281.5090361445783
14,31,WT,3.0,202.093567251462,258.29824561403507
14,32,WT,3.4780701754385963,204.24122807017545,234.530701754386
14,33,CRC,3.971794871794872,204.1282051282052,386.84615384615387
14,34,CRC,3.0,210.53503184713367,381.828025477707
14,35,WT,3.883720930232558,213.8479427549195,206.3023255813953
14,36,CRC,3.4,215.0730769230769,365.6115384615385
14,37,WT,3.888412017167382,218.4549356223176,267.7510729613734
14,38,WT,3.842787682333874,225.9902755267423,223.47974068071312
14,39,WT,3.5058823529411764,221.89117647058825,240.0941176470588
14,40,WT,3.0,223.3783783783784,260.30405405405406
14,41,CRC,3.429054054054054,223.625,344.0472972972973
14,42,CRC,3.508720930232558,223.6366279069768,356.24418604651163
14,43,CRC,3.0,230.70621468926555,395.11299435028246
14,44,CRC,4.026229508196721,230.52131147540985,402.1049180327869
14,45,WT,4.404040404040404,232.7142857142857,280.5151515151515
14,46,WT,3.437125748502994,239.5508982035928,246.9011976047904
14,47,WT,5.037073170731707,237.65463414634144,293.42243902439026
14,48,CRC,4.26261319534282,237.41267787839587,329.0996119016818
14,49,CRC,4.287937743190661,237.0544747081712,432.1031128404669
14,50,WT,3.929824561403509,240.56140350877192,211.9517543859649
14,51,CRC,4.990521327014218,243.80379146919432,347.01137440758293
14,52,WT,3.844827586206896,251.29064039408868,257.53694581280786
14,53,WT,3.652259332023576,255.5815324165029,290.4695481335953
14,54,CRC,3.8032454361054766,256.2231237322515,440.7139959432049
14,55,CRC,3.8542914171656686,261.3932135728543,382.6327345309381
14,56,CRC,3.0,259.1333333333333,406.82666666666665
14,57,CRC,3.479115479115479,267.004914004914,419.5282555282556
14,58,CRC,3.9788617886178863,272.9609756097561,272.879674796748
14,59,WT,3.986915887850467,273.3626168224299,315.8467289719626
14,60,WT,3.91,279.885,238.4275
14,61,WT,3.9180952380952383,278.97523809523807,292.4457142857143
14,62,CRC,4.963282937365011,276.13390928725704,342.4622030237581
14,63,CRC,3.58974358974359,278.6089743589744,397.823717948718
14,64,CRC,3.5211267605633805,282.16901408450707,375.59154929577466
14,65,CRC,3.0,288.1341463414634,318.3414634146341
14,66,CRC,3.835920177383592,295.16407982261643,419.5144124168514
14,67,CRC,3.0,300.6112956810631,301.3720930232558
14,68,CRC,4.070496083550914,293.7728459530026,367.6135770234987
14,69,CRC,3.0,297.64516129032256,358.36290322580646
14,70,CRC,3.860655737704918,299.0360655737705,328.7590163934426
14,71,CRC,3.475206611570248,308.9607438016529,372.6590909090909
14,72,WT,4.012326656394453,313.05855161787366,271.4499229583975
14,73,CRC,3.0,312.44761904761907,359.0
14,74,CRC,4.473529411764706,311.3588235294118,408.8514705882353
14,75,WT,3.770940170940171,315.7264957264957,251.6
14,76,CRC,3.560117302052786,318.266862170088,300.2140762463343
14,77,CRC,4.219607843137255,319.40980392156865,238.4294117647059
14,78,CRC,3.510729613733905,319.79399141630904,384.725321888412
14,79,CRC,3.0,323.2538461538461,346.95384615384614
14,80,CRC,4.60078277886497,329.8493150684931,428.3913894324853
14,81,CRC,3.904231625835189,334.98440979955456,397.8396436525612
14,82,CRC,3.0,336.7365269461078,386.7365269461078
14,83,CRC,3.9625,339.32916666666665,365.475
14,84,CRC,4.65686274509804,118.00653594771242,186.91176470588235
14,85,CRC,4.429223744292237,120.3972602739726,212.8584474885845
14,86,CRC,4.424390243902439,122.71219512195124,236.26829268292684
14,87,CRC,4.0,127.71153846153848,201.59615384615384
14,88,CRC,4.638629283489097,130.68535825545172,177.89719626168224
14,89,CRC,4.0,131.20909090909092,218.7090909090909
14,90,CRC,4.0,132.3728813559322,232.45762711864407
14,91,CRC,4.55188679245283,129.0424528301887,268.8207547169811
14,92,CRC,4.0,136.2164948453608,249.6185567010309
14,93,CRC,4.0,150.54887218045113,229.91729323308272
14,94,CRC,4.3097345132743365,151.65929203539824,251.4867256637168
14,95,WT,4.0,157.6780487804878,306.5365853658537
14,96,CRC,4.477203647416413,156.09422492401217,185.98784194528875
14,97,CRC,4.0,160.34782608695653,325.39130434782606
14,98,CRC,4.232876712328767,161.7945205479452,206.8287671232877
14,99,WT,4.417910447761194,167.83582089552235,269.80223880597015
14,100,CRC,4.0,171.12121212121212,297.8181818181818
14,101,CRC,4.498098859315589,173.63117870722434,178.36882129277566
14,102,WT,4.585443037974684,180.4746835443038,286.13607594936707
14,103,CRC,4.0,184.35,339.08
14,104,WT,4.853828306264501,188.5614849187935,276.8259860788864
14,105,WT,4.395161290322581,190.96774193548387,259.21370967741933
14,106,CRC,4.648648648648648,196.1389961389961,163.8996138996139
14,107,CRC,4.364620938628159,198.4548736462094,189.7942238267148
14,108,WT,4.0,203.4848484848485,250.86666666666667
14,109,WT,4.475806451612903,205.21370967741936,265.03629032258067
14,110,CRC,4.444444444444445,204.0133333333333,326.80444444444447
14,111,CRC,5.883561643835616,205.9634703196347,348.8493150684931
14,112,WT,4.7639344262295085,204.14098360655737,286.3704918032787
14,113,WT,4.0,210.4609375,222.3828125
14,114,CRC,4.0,211.61194029850745,375.44776119402985
14,115,WT,4.386861313868613,218.5109489051095,192.1970802919708
14,116,CRC,4.0,220.1978021978022,389.94505494505495
14,117,WT,4.33976833976834,225.23938223938225,253.3204633204633
14,118,CRC,4.389891696750903,226.8664259927798,172.3826714801444
14,119,WT,4.7103174603174605,234.1547619047619,266.9761904761905
14,120,WT,4.515527950310559,236.90993788819875,184.9223602484472
14,121,CRC,4.0,236.7603305785124,392.55371900826447
14,122,WT,4.494880546075085,241.8907849829352,195.99317406143345
14,123,CRC,4.414728682170543,243.77131782945736,415.5077519379845
14,124,CRC,4.0,247.4567901234568,380.8271604938272
14,125,CRC,4.462365591397849,251.57706093189964,427.2329749103943
14,126,WT,4.455555555555556,253.42,222.84444444444443
14,127,WT,4.425655976676385,258.3615160349854,264.1661807580175
14,128,WT,4.0,258.1320754716981,282.07547169811323
14,129,CRC,4.335978835978836,256.41269841269843,397.7830687830688
14,130,WT,4.0,255.40833333333333,302.53333333333336
14,131,WT,5.620272314674735,254.1981845688351,316.79425113464447
14,132,WT,4.538653366583541,265.45137157107234,193.21695760598504
14,133,WT,4.452316076294278,265.0926430517711,246.94550408719343
14,134,WT,4.663043478260869,264.0570652173913,298.25815217391306
14,135,WT,4.458515283842795,270.6026200873362,226.58951965065503
14,136,WT,4.0,273.0503597122302,307.48201438848923
14,137,WT,4.7727272727272725,277.89204545454544,205.23295454545453
14,138,WT,4.464163822525597,288.14334470989763,252.8634812286689
14,139,CRC,4.3820512820512825,291.674358974359,310.76153846153846
14,140,WT,4.4646464646464645,292.270202020202,221.2247474747475
14,141,CRC,4.320833333333334,292.4125,350.6458333333333
14,142,WT,4.354651162790698,297.74418604651163,192.6133720930233
14,143,WT,4.488215488215488,295.1851851851852,274.25589225589226
14,144,CRC,4.37984496124031,294.18992248062017,401.3488372093023
14,145,WT,4.423728813559322,299.6900726392252,293.51573849878935
14,146,WT,4.42741935483871,299.7056451612903,243.125
14,147,WT,4.86060606060606,304.35555555555555,212.9717171717172
14,148,WT,4.371069182389937,304.5157232704403,254.76100628930817
14,149,CRC,4.0,308.76851851851853,416.4259259259259
14,150,CRC,4.719438877755511,312.1462925851704,437.2605210420842
14,151,CRC,4.0,313.54761904761904,352.34761904761905
14,152,CRC,4.0,315.531746031746,401.0238095238095
14,153,CRC,4.0,320.73571428571427,314.73571428571427
14,154,CRC,4.0,321.2386363636364,325.57954545454544
14,155,CRC,4.0,322.2809917355372,418.0082644628099
14,156,CRC,4.0,323.35,341.375
14,157,CRC,4.0,332.5054151624549,206.2454873646209
14,158,CRC,5.025179856115108,328.8129496402878,220.1258992805756
14,159,CRC,4.440389294403893,334.34063260340633,271.1411192214112
14,160,CRC,4.0,333.34831460674155,345.30337078651684
14,161,CRC,4.0,336.8269230769231,380.3012820512821
14,162,CRC,4.0,343.6872727272727,328.48727272727274
14,163,CRC,4.740112994350283,340.0254237288136,413.3813559322034
14,164,WT,4.47962382445141,339.20062695924764,257.3730407523511
14,165,CRC,4.5479452054794525,339.0502283105023,238.324200913242
14,166,CRC,4.6375,340.334375,298.43125
14,167,CRC,4.361290322580645,345.0709677419355,226.6483870967742
14,168,CRC,4.376811594202898,349.2427536231884,315.3152173913044
14,169,CRC,4.813211845102506,351.8519362186788,404.12300683371296
14,170,CRC,4.0,354.8592233009709,362.18932038834953
14,171,CRC,4.0,354.3138686131387,284.2700729927007
14,172,CRC,4.368613138686132,357.8941605839416,274.1204379562044
14,173,CRC,4.453674121405751,361.59424920127793,309.1565495207668
14,174,CRC,4.451851851851852,362.8098765432099,386.02962962962965
14,175,CRC,4.357575757575757,370.7,331.8848484848485
14,176,CRC,6.093333333333334,90.24444444444444,192.67777777777772
14,177,CRC,6.002673796791444,98.01336898395722,178.13368983957218
14,178,CRC,5.0,95.64761904761905,188.95238095238096
14,179,CRC,5.534653465346534,98.02970297029702,207.4224422442244
14,180,CRC,5.405940594059406,104.02310231023102,159.4191419141914
14,181,CRC,5.364035087719298,102.13157894736842,224.0219298245614
14,182,CRC,5.0,107.75675675675676,190.72297297297297
14,183,CRC,5.0,109.224,236.672
14,184,CRC,5.0,109.61688311688312,210.26623376623377
14,185,CRC,5.0,114.23893805309734,255.1238938053097
14,186,CRC,5.0,115.44736842105264,219.98684210526315
14,187,CRC,6.33625730994152,119.06432748538012,294.08187134502924
14,188,CRC,5.821670428893905,125.56433408577878,158.20090293453725
14,189,CRC,5.0,125.8793103448276,255.3793103448276
14,190,CRC,5.0,135.890756302521,276.1764705882353
14,191,CRC,5.0,135.29090909090908,165.97272727272727
14,192,CRC,5.0,142.05217391304348,289.6521739130435
14,193,WT,5.0,143.34065934065933,301.6263736263736
14,194,WT,5.800959232613909,148.15347721822542,309.17026378896884
14,195,CRC,5.0,145.66883116883116,162.38311688311688
14,196,CRC,5.443076923076923,151.4123076923077,137.79076923076923
14,197,WT,6.111702127659575,145.875,322.4255319148936
14,198,CRC,5.0,157.71653543307087,167.77165354330708
14,199,CRC,5.530821917808219,161.90068493150685,148.3458904109589
14,200,WT,5.613079019073569,173.56130790190736,287.99455040871936
14,201,CRC,5.412280701754386,174.8815789473684,138.1140350877193
14,202,CRC,5.0,173.04444444444445,195.3333333333333
14,203,CRC,5.453900709219858,179.93617021276594,121.53191489361704
14,204,CRC,5.0,177.34166666666667,156.90833333333333
14,205,WT,6.0830815709969785,182.8111782477341,296.6948640483384
14,206,WT,6.295202952029521,178.20664206642067,369.50553505535055
14,207,CRC,5.39622641509434,187.6075471698113,134.04905660377358
14,208,CRC,5.0,188.2276422764228,149.4878048780488
14,209,CRC,5.0,194.29850746268656,374.7761194029851
14,210,CRC,6.245378151260504,195.58823529411765,414.21512605042017
14,211,CRC,6.011111111111111,204.91944444444445,118.43888888888888
14,212,CRC,5.0,204.0608695652174,149.94782608695652
14,213,CRC,5.0,205.5,397.7
14,214,CRC,5.361111111111111,208.8095238095238,141.4801587301587
14,215,CRC,5.326530612244898,209.9795918367347,169.7295918367347
14,216,WT,5.0,206.625,186.125
14,217,WT,5.460714285714285,215.17857142857144,271.8857142857143
14,218,CRC,5.0,213.15384615384616,408.6483516483517
14,219,CRC,5.48019801980198,218.43069306930693,336.0841584158416
14,220,CRC,5.372413793103449,221.63103448275865,431.4758620689655
14,221,WT,6.015789473684211,217.91052631578947,283.0815789473684
14,222,CRC,5.378787878787879,222.76262626262627,152.85858585858583
14,223,CRC,5.0,225.2659574468085,415.32978723404256
14,224,CRC,5.64,233.16,166.93818181818182
14,225,WT,5.319066147859922,233.7626459143969,304.20622568093387
14,226,CRC,5.0,231.0481927710844,146.3975903614458
14,227,WT,5.0,238.77777777777777,171.51282051282053
14,228,CRC,5.621890547263682,238.26865671641792,142.28358208955223
14,229,CRC,5.0,242.05780346820808,390.64739884393066
14,230,CRC,5.0,245.4368932038835,159.03883495145632
14,231,CRC,5.392592592592592,244.3333333333333,374.437037037037
14,232,CRC,5.0,244.6436781609196,441.0344827586207
14,233,WT,5.0,247.84722222222223,317.44444444444446
14,234,WT,5.360703812316715,256.7302052785924,167.88269794721407
14,235,WT,5.873536299765808,250.18501170960187,330.903981264637
14,236,CRC,5.0,250.95575221238937,401.2035398230088
14,237,WT,5.0,254.0810810810811,347.7635135135135
14,238,WT,5.0,260.9085714285714,179.42857142857142
14,239,CRC,5.48936170212766,258.7836879432624,144.00709219858155
14,240,CRC,5.0,262.0810810810811,436.85135135135135
14,241,WT,5.0,265.6116504854369,311.378640776699
14,242,CRC,5.0,274.6782178217822,155.47524752475246
14,243,WT,5.0,277.4054054054054,259.22972972972974
14,244,WT,5.0,277.77,183.13
14,245,CRC,5.406169665809768,281.439588688946,458.0822622107969
14,246,WT,5.0,286.35185185185185,189.02777777777777
14,247,WT,5.514619883040936,291.0204678362573,170.4093567251462
14,248,WT,5.368421052631579,296.2631578947368,181.07368421052632
14,249,CRC,5.608695652173913,297.6304347826087,158.64347826086956
14,250,CRC,5.488584474885845,303.7899543378996,451.3013698630137
14,251,CRC,5.0,305.04285714285714,158.47142857142856
14,252,CRC,5.619565217391305,311.75,176.625
14,253,CRC,5.0,307.3125,370.2708333333333
14,254,CRC,5.0,310.9594594594595,167.33783783783784
14,255,CRC,5.495934959349594,315.3577235772358,200.6788617886179
14,256,CRC,5.405228758169935,320.9281045751634,431.84313725490193
14,257,CRC,5.503722084367245,328.545905707196,159.6724565756824
14,258,CRC,5.576530612244898,324.734693877551,190.32142857142856
14,259,CRC,5.883408071748879,327.7488789237668,451.3856502242152
14,260,CRC,5.73943661971831,329.9507042253521,175.77464788732394
14,261,CRC,5.480851063829787,338.0085106382979,186.2765957446809
14,262,CRC,5.412162162162162,347.6317567567568,199.73986486486487
14,263,CRC,5.437299035369775,348.4951768488746,245.56913183279744
14,264,CRC,5.332268370607029,354.44728434504793,423.3738019169329
14,265,CRC,5.0,351.5686274509804,361.4705882352941
14,266,CRC,5.375757575757576,356.42424242424244,258.1030303030303
14,267,CRC,5.0,361.8456375838926,195.79194630872485
14,268,CRC,5.368589743589744,363.93910256410254,210.47435897435892
14,269,CRC,5.549180327868853,361.5491803278688,227.04098360655732
14,270,CRC,5.0,360.97938144329896,350.1340206185567
14,271,CRC,5.0,362.6377952755906,367.40944881889766
14,272,CRC,5.0,370.69473684210527,272.0105263157895
14,273,CRC,5.387543252595155,370.3114186851211,292.35640138408303
14,274,CRC,5.492248062015504,372.4612403100775,264.6434108527132
14,275,CRC,5.477611940298507,375.1044776119403,235.8507462686567
14,276,CRC,5.628415300546448,372.103825136612,385.5655737704918
14,277,CRC,5.0,376.2061855670103,347.0515463917526
14,278,CRC,5.479905437352246,378.5531914893617,411.5957446808511
14,279,CRC,5.0,378.50387596899225,358.1085271317829
14,280,CRC,5.89769820971867,383.3248081841433,256.9514066496164
14,281,CRC,5.453389830508475,382.2372881355933,294.08898305084745
14,282,CRC,5.45945945945946,383.4155405405405,312.7601351351352
14,283,CRC,5.432584269662922,384.3932584269663,339.6573033707865
14,284,CRC,5.375291375291376,393.3333333333333,372.995337995338
14,285,CRC,5.407079646017699,392.7905604719764,279.1710914454277
14,286,CRC,5.0,390.4634146341463,253.9837398373984
14,287,CRC,5.406976744186046,392.9127906976744,331.2093023255814
14,288,CRC,5.649305555555555,394.7048611111111,221.9375
14,289,CRC,5.877284595300261,402.08616187989554,243.2454308093995
14,290,CRC,5.543778801843318,399.405529953917,296.0046082949309
14,291,CRC,5.239837398373984,411.1463414634146,357.9308943089431
14,292,CRC,6.0,81.40243902439025,206.35365853658536
14,293,CRC,6.991596638655462,84.69747899159664,168.5546218487395
14,294,CRC,6.0,88.375,230.91666666666663
14,295,CRC,6.0,90.83495145631068,217.495145631068
14,296,CRC,6.470948012232416,95.46788990825688,249.63302752293572
14,297,CRC,6.350574712643678,107.28735632183908,262.8764367816092
14,298,CRC,6.469072164948454,108.18556701030928,163.62886597938143
14,299,CRC,6.565836298932385,109.88256227758008,277.2526690391459
14,300,CRC,6.3,121.34318181818182,135.3
14,301,CRC,6.0,117.92857142857144,176.5952380952381
14,302,WT,6.0,124.47252747252747,299.0659340659341
14,303,CRC,6.407563025210084,136.4915966386555,139.97899159663865
14,304,WT,6.680811808118081,143.260147601476,341.52583025830256
14,305,CRC,7.0512195121951216,140.06585365853658,118.59756097560977
14,306,CRC,6.497512437810945,154.3233830845771,120.32835820895522
14,307,WT,6.0,152.79591836734693,297.53061224489795
14,308,CRC,6.425714285714286,166.66571428571427,115.18857142857142
14,309,WT,7.058419243986254,164.9725085910653,334.4707903780069
14,310,WT,6.0,164.48314606741573,362.6741573033708
14,311,WT,6.727027027027027,172.95675675675676,342.4054054054054
14,312,WT,7.024774774774775,173.07207207207207,318.56306306306305
14,313,WT,6.9527777777777775,180.20277777777773,397.4666666666666
14,314,WT,6.0,178.70149253731344,384.3432835820896
14,315,CRC,6.0,184.29577464788733,418.7183098591549
14,316,WT,6.0,188.87142857142857,398.85
14,317,CRC,6.353260869565218,196.05434782608697,128.1086956521739
14,318,CRC,6.717948717948718,200.1239316239316,108.32051282051282
14,319,WT,6.571428571428571,206.93142857142857,291.80857142857144
14,320,CRC,6.0,206.74311926605503,427.3302752293578
14,321,CRC,6.0,211.1688311688312,134.44155844155844
14,322,CRC,6.407725321888412,218.450643776824,449.55364806866953
14,323,CRC,6.642857142857143,223.9679802955665,109.78325123152707
14,324,WT,6.851674641148326,217.755980861244,313.6267942583732
14,325,CRC,6.31875,221.8125,124.7125
14,326,WT,6.497109826589595,226.78612716763007,324.53757225433526
14,327,CRC,6.0,226.125,442.4326923076923
14,328,CRC,6.5,231.9068965517241,457.4068965517241
14,329,CRC,6.0,231.859649122807,132.8684210526316
14,330,WT,6.0,237.8855721393035,359.8706467661692
14,331,CRC,6.302452316076295,244.0,122.33514986376022
14,332,CRC,6.420792079207921,241.94554455445544,457.6237623762376
14,333,WT,6.0,248.984496124031,296.52713178294573
14,334,WT,6.0,252.20382165605096,305.2611464968153
14,335,CRC,6.39922480620155,254.02325581395348,467.62015503875966
14,336,CRC,6.400793650793651,259.22222222222223,126.2936507936508
14,337,WT,6.0,267.8130841121495,162.88785046728972
14,338,CRC,6.0,272.5109489051095,136.24087591240877
14,339,CRC,6.0,269.4578313253012,150.3855421686747
14,340,WT,6.235897435897436,282.65641025641025,152.97948717948717
14,341,WT,6.52442996742671,288.4885993485342,137.10423452768728
14,342,CRC,6.473498233215548,304.13427561837455,470.98586572438165
14,343,CRC,6.8931506849315065,306.4986301369863,139.33698630136988
14,344,CRC,6.0,312.13157894736844,157.85087719298247
14,345,CRC,6.0,323.23364485981307,486.4672897196262
14,346,CRC,6.0,329.3659793814433,138.35051546391753
14,347,CRC,6.0,340.6698113207547,443.688679245283
14,348,CRC,6.0,339.8382352941176,205.8823529411765
14,349,CRC,6.0,343.1764705882353,462.15686274509807
14,350,CRC,6.30940594059406,361.8019801980198,170.80693069306932
14,351,CRC,6.4149377593361,352.72614107883817,443.4564315352697
14,352,CRC,6.0,357.04285714285714,186.0142857142857
14,353,CRC,6.0,363.0,235.875
14,354,CRC,6.0,367.56666666666666,257.24444444444447
14,355,CRC,6.0,369.9473684210527,419.9561403508772
14,356,CRC,6.0,370.02777777777777,201.09259259259252
14,357,CRC,6.0,374.8867924528302,220.49056603773585
14,358,CRC,6.997354497354498,385.2037037037037,186.2116402116402
14,359,CRC,6.551330798479087,385.1178707224335,203.32699619771864
14,360,CRC,6.0,393.1209677419355,388.9274193548387
14,361,CRC,6.473429951690822,395.5072463768116,249.56038647343
14,362,CRC,6.0,391.3809523809524,345.54761904761904
14,363,CRC,6.649746192893401,396.3045685279188,404.9492385786802
14,364,CRC,6.0,400.3833333333333,334.925
14,365,CRC,6.862637362637362,401.6785714285714,268.35164835164835
14,366,CRC,6.0,399.6810344827586,317.2155172413793
14,367,CRC,6.0,402.8909090909091,398.0090909090909
14,368,CRC,6.0,405.8151260504202,369.781512605042
14,369,CRC,7.13030303030303,408.8333333333333,229.35454545454544
14,370,CRC,6.0,410.6131386861314,289.5036496350365
14,371,CRC,6.0,408.0,304.2678571428572
14,372,CRC,6.0,411.0413223140496,329.6776859504132
14,373,CRC,6.0,410.2112676056338,255.64788732394365
14,374,CRC,6.423913043478261,411.4402173913044,271.3695652173913
14,375,CRC,7.023684210526316,419.1368421052632,356.91315789473686
14,376,CRC,8.103092783505154,63.60481099656357,226.9037800687285
14,377,CRC,7.0,76.42944785276073,203.478527607362
14,378,CRC,7.0,79.85546875,254.421875
14,379,CRC,7.414141414141414,75.92424242424242,216.3636363636364
14,380,CRC,7.489270386266094,77.6137339055794,233.5450643776824
14,381,CRC,7.534883720930233,87.22591362126246,269.85714285714283
14,382,CRC,7.545454545454546,91.90118577075098,145.35177865612647
14,383,CRC,7.0,99.15789473684212,286.51674641148327
14,384,CRC,7.748554913294797,101.27745664739884,294.4248554913295
14,385,CRC,7.452702702702703,98.52702702702705,160.58783783783784
14,386,CRC,7.942073170731708,105.70731707317071,134.27134146341464
14,387,WT,7.857971014492754,109.7536231884058,313.1101449275362
14,388,WT,8.169278996865204,102.4514106583072,324.0344827586207
14,389,CRC,7.0,108.89411764705882,149.41176470588235
14,390,WT,7.59375,117.38541666666669,335.78125
14,391,WT,7.0,120.8671875,308.5625
14,392,WT,9.067961165048544,122.49514563106796,361.62985436893206
14,393,WT,7.414746543778802,127.44700460829492,327.66820276497697
14,394,CRC,7.0,127.22131147540983,124.78688524590164
14,395,WT,8.120967741935484,126.0994623655914,346.26612903225805
14,396,CRC,7.0,129.7962962962963,146.85185185185185
14,397,WT,7.31413612565445,132.81675392670158,317.7958115183246
14,398,WT,7.321428571428571,136.32589285714286,335.63839285714283
14,399,WT,8.023809523809524,136.83333333333334,355.2551020408163
14,400,WT,8.205696202531646,141.93354430379748,365.6708860759493
14,401,CRC,7.670025188916877,154.7531486146096,96.28211586901764
14,402,WT,7.8354430379746836,157.70569620253164,377.253164556962
14,403,CRC,7.0,156.5929203539823,109.09734513274336
14,404,WT,7.554744525547445,160.67883211678833,359.75182481751824
14,405,WT,7.0,160.84684684684686,345.02702702702703
14,406,WT,7.560209424083769,159.27748691099475,323.1151832460733
14,407,WT,7.3949044585987265,165.64968152866243,369.7643312101911
14,408,WT,7.561111111111111,166.7888888888889,394.77777777777777
14,409,WT,7.653061224489796,166.43367346938774,408.4948979591837
14,410,WT,7.0,167.34375,309.1953125
14,411,WT,7.558139534883721,169.65116279069767,351.2267441860465
14,412,WT,7.0,172.31132075471697,386.2547169811321
14,413,CRC,7.63265306122449,176.62099125364432,90.07580174927114
14,414,WT,7.429411764705883,173.8470588235294,362.0117647058824
14,415,WT,7.494152046783626,177.42690058479533,416.65204678362574
14,416,CRC,7.322869955156951,183.7443946188341,100.27354260089686
14,417,WT,7.232727272727272,185.26181818181817,309.09090909090907
14,418,CRC,7.45372460496614,193.15349887133183,437.80361173814896
14,419,CRC,7.47565543071161,204.5767790262172,91.21348314606742
14,420,CRC,7.0,209.65346534653463,447.2772277227723
14,421,WT,7.516129032258065,212.45698924731184,328.8709677419355
14,422,WT,7.338582677165355,215.3740157480315,349.62992125984255
14,423,CRC,7.671641791044776,216.089552238806,466.7910447761194
14,424,WT,7.454148471615721,218.21397379912665,298.2576419213974
14,425,CRC,7.537878787878788,222.0530303030303,93.90530303030305
14,426,WT,7.0,224.57777777777773,313.7111111111111
14,427,WT,7.0,225.0,297.0
14,428,CRC,7.311004784688995,235.88516746411483,103.63157894736842
14,429,WT,7.362068965517241,236.27011494252875,316.7471264367816
14,430,CRC,7.368200836820083,245.73221757322176,97.11297071129708
14,431,WT,7.0,245.0144927536232,338.7971014492754
14,432,CRC,7.0,251.8534482758621,116.93103448275862
14,433,CRC,7.40251572327044,264.8805031446541,477.2547169811321
14,434,CRC,7.591194968553459,262.251572327044,119.31446540880503
14,435,CRC,7.672,268.02,103.664
14,436,CRC,7.3544303797468356,273.0168776371308,114.35864978902954
14,437,CRC,7.0,272.94117647058823,332.5
14,438,CRC,7.390510948905109,281.7043795620438,120.96715328467154
14,439,WT,7.45398773006135,292.3680981595092,126.49079754601227
14,440,WT,7.0,295.72058823529414,113.44117647058825
14,441,WT,7.0,301.56756756756755,120.36036036036036
14,442,CRC,7.0,309.3541666666667,115.13541666666669
14,443,CRC,7.457013574660634,312.9547511312217,136.4162895927602
14,444,CRC,7.273239436619718,321.7830985915493,470.7830985915493
14,445,CRC,7.47463768115942,322.8695652173913,123.89855072463769
14,446,CRC,7.435714285714286,338.05,147.7
14,447,CRC,7.0,346.0833333333333,458.5833333333333
14,448,CRC,7.585858585858586,348.27777777777777,132.26262626262627
14,449,CRC,8.06,351.446,469.566
14,450,CRC,7.0,355.2676056338028,163.3450704225352
14,451,CRC,7.357142857142857,354.90909090909093,147.77272727272728
14,452,CRC,7.613043478260869,364.7304347826087,140.13478260869564
14,453,CRC,7.429078014184397,368.38652482269504,158.95390070921985
14,454,CRC,7.0,369.2638888888889,441.0625
14,455,CRC,7.0,376.54477611940297,424.7835820895522
14,456,CRC,7.411149825783972,385.2404181184669,169.1602787456446
14,457,CRC,7.517142857142857,392.7342857142857,430.8257142857143
14,458,CRC,7.0,392.03125,373.625
14,459,CRC,7.0,402.5818965517241,209.396551724138
14,460,CRC,7.483582089552239,402.6268656716418,194.1074626865672
14,461,CRC,7.400696864111498,404.198606271777,391.787456445993
14,462,CRC,7.0,404.390625,375.46875
14,463,CRC,8.236144578313253,407.16626506024096,414.7301204819277
14,464,CRC,7.378486055776892,410.8844621513944,251.22709163346613
14,465,CRC,7.454976303317536,416.0663507109005,284.8957345971564
14,466,CRC,7.384328358208955,416.5298507462687,372.5410447761194
14,467,CRC,7.462745098039216,420.0980392156863,267.2156862745098
14,468,CRC,7.492012779552716,421.55271565495207,329.6709265175719
14,469,CRC,7.965608465608466,424.75396825396825,238.5978835978836
14,470,CRC,7.491452991452991,425.9273504273504,308.8162393162393
14,471,CRC,7.9171597633136095,429.5917159763314,255.4023668639053
14,472,CRC,7.525,427.2583333333333,297.75416666666666
14,473,CRC,8.37037037037037,65.07407407407408,239.0888888888889
14,474,CRC,8.0,68.44295302013423,200.6510067114094
14,475,CRC,8.0,72.1980198019802,178.64356435643563
14,476,CRC,9.422516556291392,75.57350993377483,255.5205298013245
14,477,CRC,8.0,77.39473684210526,200.6315789473684
14,478,CRC,8.474654377880185,81.72811059907833,155.8847926267281
14,479,CRC,8.0,85.0,187.8571428571429
14,480,CRC,8.458333333333334,90.3425925925926,279.18055555555554
14,481,WT,9.10576923076923,97.37692307692308,306.0557692307692
14,482,WT,9.205980066445182,95.93687707641196,326.0598006644518
14,483,CRC,8.459016393442623,99.97814207650272,124.22950819672133
14,484,WT,8.529702970297029,111.87623762376238,346.480198019802
14,485,CRC,8.0,113.17582417582418,138.41758241758242
14,486,CRC,8.585227272727273,116.32386363636364,111.82386363636364
14,487,CRC,8.359116022099448,116.7182320441989,125.28729281767956
14,488,WT,8.0,119.58823529411764,302.47058823529414
14,489,CRC,8.458563535911603,129.88950276243094,117.01104972375693
14,490,CRC,8.59235668789809,131.5095541401274,105.69426751592356
14,491,WT,9.037735849056604,136.2012578616352,390.45911949685535
14,492,CRC,8.511111111111111,140.73888888888888,97.7611111111111
14,493,WT,8.515151515151516,146.8874458874459,378.4199134199134
14,494,WT,8.0,147.9875,335.6875
14,495,WT,8.387596899224807,149.2093023255814,347.73643410852713
14,496,WT,8.41340782122905,151.37988826815644,358.5977653631285
14,497,WT,8.426829268292684,157.7439024390244,405.5365853658537
14,498,WT,8.317880794701987,156.88741721854305,392.6291390728477
14,499,WT,8.61276595744681,162.7659574468085,421.64255319148936
14,500,CRC,8.591269841269842,170.15873015873015,80.84920634920636
14,501,WT,8.463054187192117,172.11330049261085,431.7635467980296
14,502,WT,8.956375838926174,176.08053691275168,446.1476510067114
14,503,WT,8.0,178.76315789473685,333.5
14,504,WT,8.394871794871795,182.44102564102565,433.4974358974359
14,505,WT,8.0,183.6176470588236,316.0098039215686
14,506,WT,8.0,186.96052631578948,302.5263157894737
14,507,CRC,8.0,194.49253731343285,79.09701492537313
14,508,WT,8.0,191.3483146067416,323.8988764044944
14,509,WT,8.0,195.81690140845072,313.07042253521126
14,510,CRC,8.452488687782806,195.66515837104072,452.13574660633486
14,511,WT,8.0,199.98765432098764,332.22222222222223
14,512,WT,8.226086956521739,200.8521739130435,302.7391304347826
14,513,CRC,8.659763313609467,204.8402366863905,461.1272189349112
14,514,CRC,8.0,213.8717948717949,81.28205128205128
14,515,CRC,9.814064362336117,227.70083432657927,68.13230035756854
14,516,CRC,8.0,239.8,81.58461538461539
14,517,CRC,8.0,235.2158273381295,92.6546762589928
14,518,CRC,8.0,246.03846153846155,474.4230769230769
14,519,CRC,8.0,254.6952380952381,106.87619047619047
14,520,CRC,8.40782122905028,258.24581005586595,91.98882681564244
14,521,CRC,8.453551912568306,271.8251366120219,488.5191256830601
14,522,CRC,8.82967032967033,281.04945054945057,96.66483516483515
14,523,CRC,8.0,285.0308641975309,482.2283950617284
14,524,WT,8.727272727272727,297.09090909090907,108.16528925619836
14,525,WT,8.0,299.9795918367347,115.6938775510204
14,526,CRC,8.0,305.75409836065575,480.2295081967213
14,527,CRC,8.853868194842407,315.1461318051576,109.58452722063038
14,528,CRC,8.513833992094861,312.39130434782606,489.6877470355731
14,529,CRC,8.755725190839694,336.5458015267176,480.1412213740458
14,530,CRC,8.0,336.51666666666665,128.85
14,531,CRC,8.54275092936803,344.85873605947955,119.62453531598511
14,532,CRC,9.242758620689656,357.80827586206897,477.41379310344826
14,533,CRC,8.0,356.24,163.68
14,534,CRC,8.0,367.2991452991453,453.87179487179486
14,535,CRC,8.514893617021277,380.4212765957447,144.51063829787233
14,536,CRC,8.464566929133857,384.0511811023622,446.1181102362205
14,537,CRC,8.0,383.525,462.35
14,538,CRC,8.581673306772908,391.8685258964143,154.36653386454182
14,539,CRC,8.423423423423424,398.0945945945946,170.3423423423423
14,540,CRC,8.501742160278745,408.6376306620209,180.8989547038328
14,541,CRC,8.0,413.4666666666666,354.22222222222223
14,542,CRC,8.0,416.39130434782606,248.0652173913044
14,543,CRC,8.292592592592593,421.2111111111111,391.8666666666667
14,544,CRC,8.63963963963964,420.0135135135135,190.99099099099092
14,545,CRC,8.0,423.6583850931677,210.0062111801242
14,546,CRC,8.302752293577981,428.14373088685016,371.6819571865444
14,547,CRC,9.08688245315162,436.41567291311753,219.12095400340715
14,548,CRC,8.433476394849786,435.9957081545064,281.6094420600858
14,549,CRC,8.421052631578947,438.7105263157895,268.3421052631579
14,550,CRC,8.53211009174312,441.70642201834863,325.0703363914373
14,551,CRC,8.82122905027933,444.5642458100559,349.6405959031657
14,552,CRC,8.586872586872587,443.5366795366795,303.4015444015444
14,553,CRC,9.520491803278688,54.64754098360656,221.7131147540984
14,554,CRC,10.335892514395391,60.89059500959693,258.91170825335894
14,555,WT,10.035830618892508,65.49511400651465,272.65798045602605
14,556,CRC,9.0,63.40268456375839,179.08053691275168
14,557,CRC,9.446969696969695,62.29545454545455,206.71969696969697
14,558,CRC,9.48125,72.58125,155.4
14,559,WT,9.40926640926641,79.14671814671814,278.9343629343629
14,560,CRC,9.483660130718954,77.34640522875817,139.1437908496732
14,561,WT,9.96551724137931,80.60344827586206,294.7413793103448
14,562,WT,9.0,85.09917355371901,299.44628099173553
14,563,WT,9.91566265060241,90.29317269076306,316.8192771084337
14,564,CRC,9.493617021276595,92.46808510638296,120.5063829787234
14,565,CRC,9.3,93.59166666666668,136.83333333333334
14,566,WT,10.148379052369076,95.28179551122194,342.6172069825436
14,567,WT,10.933952528379772,99.02889576883383,382.0278637770898
14,568,WT,10.202146690518784,124.58676207513416,376.83184257602863
14,569,WT,10.02391304347826,128.3282608695652,401.62391304347824
14,570,WT,9.49171270718232,131.8011049723757,367.3259668508287
14,571,CRC,9.602339181286547,132.66666666666666,90.17543859649123
14,572,WT,9.553571428571429,138.83928571428572,374.3392857142857
14,573,WT,10.029776674937963,146.16377171215882,415.8362282878412
14,574,WT,9.0,149.26612903225808,396.4596774193548
14,575,CRC,9.978260869565217,151.04830917874395,81.09661835748793
14,576,CRC,9.314878892733564,196.8892733564014,73.07266435986159
14,577,CRC,9.0,225.8991596638656,477.1764705882353
14,578,CRC,9.812925170068027,241.656462585034,490.5816326530612
14,579,CRC,9.51792828685259,247.27091633466136,71.87649402390439
14,580,CRC,9.0,257.35971223021585,490.7122302158273
14,581,CRC,9.604761904761904,260.6047619047619,78.71428571428571
14,582,CRC,9.695754716981131,277.2051886792453,80.55424528301887
14,583,CRC,9.0,279.69565217391306,108.43478260869566
14,584,CRC,9.0,290.91509433962267,490.37735849056605
14,585,CRC,9.0,300.7669902912621,93.62135922330096
14,586,CRC,9.0,308.7959183673469,97.75510204081633
14,587,CRC,9.0,320.3736263736264,94.7912087912088
14,588,CRC,9.38121546961326,323.4917127071824,488.414364640884
14,589,CRC,9.0,328.44055944055947,102.87412587412588
14,590,CRC,9.0,344.64444444444445,106.08888888888887
14,591,CRC,9.0,357.98571428571427,114.15714285714286
14,592,CRC,9.0,366.7398843930636,122.18497109826588
14,593,CRC,9.387387387387388,383.490990990991,136.6081081081081
14,594,CRC,9.88256880733945,385.9908256880734,460.57981651376144
14,595,CRC,9.364372469635628,397.0242914979757,440.2429149797571
14,596,CRC,9.0,404.1142857142857,160.9142857142857
14,597,CRC,9.710982658959535,416.9479768786128,172.60115606936415
14,598,CRC,9.0,419.9047619047619,430.1904761904762
14,599,CRC,9.0,423.2146892655367,407.0056497175141
14,600,CRC,9.378947368421052,428.9859649122807,201.45263157894732
14,601,CRC,9.278947368421052,434.39473684210526,386.15263157894736
14,602,CRC,9.48375451263538,445.7797833935018,244.44404332129963
14,603,CRC,9.794059405940594,445.44752475247526,367.1267326732673
14,604,CRC,9.0,444.5,226.58823529411765
14,605,CRC,9.547770700636942,452.5923566878981,259.79936305732485
14,606,CRC,10.035789473684211,456.3936842105263,282.21684210526314
14,607,CRC,11.742732558139537,44.11918604651163,235.03197674418604
14,608,CRC,10.634538152610444,46.71887550200803,198.5220883534137
14,609,CRC,12.186813186813186,41.10329670329671,213.9967032967033
14,610,CRC,10.0,55.377049180327866,182.37704918032787
14,611,CRC,10.0,54.03296703296704,195.35164835164835
14,612,CRC,10.798013245033111,53.847682119205295,264.387417218543
14,613,WT,11.033834586466163,63.03383458646616,281.9661654135338
14,614,CRC,10.0,64.71186440677967,164.03389830508473
14,615,CRC,10.96127562642369,66.37585421412301,143.44646924829158
14,616,WT,11.003937007874017,68.4724409448819,292.8070866141732
14,617,CRC,11.52319587628866,70.49484536082474,127.5180412371134
14,618,WT,10.319444444444445,74.44444444444444,287.38194444444446
14,619,WT,10.778082191780822,79.06301369863014,307.75616438356167
14,620,CRC,11.181651376146789,77.2697247706422,119.36146788990824
14,621,CRC,10.0,81.11111111111111,263.90277777777777
14,622,WT,10.0,82.84126984126983,321.6666666666667
14,623,WT,10.601769911504425,101.7632743362832,348.3030973451328
14,624,CRC,10.0,104.16161616161617,110.9090909090909
14,625,WT,10.936454849498327,115.05016722408028,403.5919732441472
14,626,WT,10.640449438202246,111.53183520599252,352.73408239700376
14,627,CRC,10.0,119.0846153846154,98.06153846153846
14,628,WT,11.026373626373626,130.62637362637363,414.3032967032967
14,629,WT,10.0,154.70967741935485,426.0516129032258
14,630,WT,10.775818639798487,161.4382871536524,440.5743073047859
14,631,CRC,10.529032258064516,163.99139784946237,72.10967741935484
14,632,WT,10.977477477477477,168.94144144144144,453.6373873873874
14,633,CRC,10.552238805970148,181.71144278606965,459.70646766169153
14,634,CRC,10.0,187.00943396226413,465.688679245283
14,635,CRC,10.0,186.3947368421053,61.5
14,636,CRC,10.0,190.05714285714285,454.5142857142857
14,637,CRC,11.05,194.94333333333333,480.2466666666666
14,638,CRC,10.0,209.1529411764706,480.0352941176471
14,639,CRC,10.675,211.845,58.0375
14,640,CRC,10.648,220.472,490.352
14,641,CRC,10.64720194647202,249.70316301703164,60.04136253041362
14,642,CRC,10.0,260.2413793103448,498.0804597701149
14,643,CRC,10.46376811594203,268.19565217391306,68.93478260869566
14,644,CRC,10.0,273.4824561403509,498.7631578947368
14,645,CRC,10.951167728237792,295.14649681528664,72.04033970276008
14,646,CRC,10.48780487804878,301.1544715447154,85.33333333333333
14,647,CRC,10.0,299.52830188679246,99.0754716981132
14,648,CRC,10.479338842975206,302.7314049586777,501.504132231405
14,649,CRC,10.295154185022026,316.19383259911893,497.1938325991189
14,650,CRC,10.534313725490197,319.1274509803921,89.44607843137256
14,651,CRC,11.017857142857142,328.4494047619048,83.30952380952381
14,652,CRC,10.472826086956522,327.44565217391306,97.2445652173913
14,653,CRC,10.517985611510792,341.15107913669067,492.8129496402878
14,654,CRC,10.881508078994614,347.689407540395,92.94614003590664
14,655,CRC,11.233480176211454,356.3303964757709,490.3281938325992
14,656,CRC,10.309941520467836,358.8187134502924,107.95906432748538
14,657,CRC,10.0,372.10769230769233,106.99230769230768
14,658,CRC,10.418181818181818,379.96623376623376,118.1974025974026
14,659,CRC,10.646198830409356,395.3421052631579,131.03801169590642
14,660,CRC,10.401234567901234,406.2160493827161,147.31172839506172
14,661,CRC,12.327944572748269,426.2043879907621,434.2078521939954
14,662,CRC,10.873239436619718,422.1807511737089,158.33802816901408
14,663,CRC,10.99753086419753,426.3530864197531,422.7358024691358
14,664,CRC,10.283216783216783,429.6468531468532,186.6958041958042
14,665,CRC,10.361022364217252,431.7252396166134,411.5271565495208
14,666,CRC,10.966887417218542,446.0419426048565,196.7328918322296
14,667,CRC,11.61119293078056,446.6966126656848,395.9572901325479
14,668,CRC,10.67337807606264,456.53691275167785,228.89485458612967
14,669,CRC,10.437142857142858,455.89714285714285,338.3257142857143
14,670,CRC,10.0,452.910447761194,271.4925373134328
14,671,CRC,10.0,455.3985507246377,297.2028985507246
14,672,CRC,10.448160535117056,456.9966555183947,361.5117056856187
14,673,CRC,10.675742574257423,460.220297029703,319.16584158415844
14,674,CRC,10.566137566137566,464.32804232804233,265.1375661375661
14,675,CRC,12.244698205546491,44.66068515497553,171.7047308319739
14,676,CRC,11.357575757575756,49.65757575757576,161.9878787878788
14,677,CRC,11.0,50.208333333333336,248.54166666666663
14,678,CRC,11.258474576271189,58.88135593220339,153.77118644067798
14,679,WT,11.416666666666666,62.851851851851855,299.64351851851853
14,680,WT,11.44973544973545,63.92063492063492,311.04232804232805
14,681,WT,11.0,72.61904761904762,317.3015873015873
14,682,WT,11.467455621301776,77.42011834319527,349.4556213017751
14,683,CRC,11.241847826086955,86.25815217391305,110.94021739130434
14,684,CRC,11.0,101.301652892562,102.89669421487604
14,685,WT,11.4811320754717,106.938679245283,394.85849056603774
14,686,WT,12.662650602409638,105.3734939759036,407.9116465863454
14,687,CRC,11.285140562248996,112.23694779116464,94.1726907630522
14,688,CRC,11.0,122.77777777777776,86.87301587301587
14,689,WT,11.420765027322403,124.72677595628416,391.1967213114754
14,690,CRC,11.0,136.27227722772278,78.53960396039604
14,691,WT,12.816939890710383,138.6693989071038,442.620218579235
14,692,WT,11.0,153.32903225806453,437.3290322580645
14,693,WT,12.53900709219858,155.45744680851064,456.8191489361702
14,694,WT,11.576923076923077,172.0,466.6043956043956
14,695,CRC,11.279863481228668,185.9692832764505,60.34470989761092
14,696,CRC,11.0,231.710843373494,493.6144578313253
14,697,CRC,11.0,264.3333333333333,502.4268292682927
14,698,CRC,12.485355648535563,280.734309623431,55.65481171548117
14,699,CRC,11.0,286.3363636363636,505.6181818181818
14,700,CRC,11.472103004291846,312.47210300429185,103.1716738197425
14,701,CRC,12.640625,322.8125,510.7388392857143
14,702,CRC,11.0,329.16438356164383,503.3972602739726
14,703,CRC,11.0,345.6666666666667,506.77777777777777
14,704,CRC,12.020588235294118,350.8029411764706,501.2941176470589
14,705,CRC,11.681632653061223,369.1020408163265,484.7020408163265
14,706,CRC,11.416666666666666,371.8043478260869,99.18840579710144
14,707,CRC,13.826040554962647,392.4172892209178,477.2966915688367
14,708,CRC,11.663755458515285,398.8340611353712,119.1877729257642
14,709,CRC,12.29080675422139,400.9399624765479,463.53470919324576
14,710,CRC,11.582608695652176,411.6478260869565,137.6
14,711,CRC,11.45922746781116,414.6137339055794,447.2832618025751
14,712,CRC,11.0,419.4074074074074,173.33333333333334
14,713,CRC,11.548837209302324,437.3767441860465,170.72558139534885
14,714,CRC,11.51528384279476,443.0480349344978,180.70305676855887
14,715,CRC,11.615384615384617,442.2307692307692,409.7963800904977
14,716,CRC,11.540350877192983,456.5894736842105,208.7438596491228
14,717,CRC,11.68032786885246,455.87704918032784,378.5327868852459
14,718,CRC,11.0,458.2413793103448,352.8850574712644
14,719,CRC,12.139162561576354,473.0652709359606,296.4433497536946
14,720,CRC,11.536290322580646,466.858870967742,243.6733870967742
14,721,CRC,12.082758620689654,470.8574712643678,336.9747126436782
14,722,CRC,13.012919896640827,35.84496124031008,227.8242894056848
14,723,CRC,13.093283582089551,34.3115671641791,187.4720149253732
14,724,CRC,12.469325153374234,38.45092024539877,201.36503067484665
14,725,CRC,14.715800636267232,36.60657476139979,262.2417815482503
14,726,CRC,12.0,44.66666666666666,244.6747967479675
14,727,CRC,12.944903581267218,45.96694214876033,152.52617079889808
14,728,WT,13.61732283464567,44.78267716535433,271.1511811023622
14,729,CRC,12.0,56.5377358490566,140.28301886792454
14,730,WT,13.652977412731008,53.81108829568789,312.1006160164271
14,731,WT,12.520361990950226,57.72850678733032,290.2217194570136
14,732,WT,12.0,67.44791666666667,322.4583333333333
14,733,WT,12.0,71.59302325581395,344.8255813953488
14,734,WT,13.30241935483871,79.93951612903226,385.008064516129
14,735,WT,12.0,80.4375,313.375
14,736,WT,12.987261146496817,83.59235668789809,368.45541401273886
14,737,WT,12.0,91.03669724770644,354.4403669724771
14,738,CRC,12.803986710963455,93.55813953488372,95.55481727574752
14,739,WT,12.962025316455696,99.36708860759494,395.0664556962025
14,740,WT,12.0,102.53333333333332,355.8
14,741,WT,13.018292682926829,108.02134146341464,417.2225609756098
14,742,WT,12.0,114.2135922330097,358.378640776699
14,743,CRC,13.125461254612546,114.7269372693727,80.30996309963099
14,744,WT,12.896,116.72533333333334,423.7893333333333
14,745,CRC,12.43979057591623,127.63350785340316,79.1151832460733
14,746,WT,12.75064935064935,129.06753246753246,431.8831168831169
14,747,WT,12.0,126.67567567567568,368.05405405405406
14,748,WT,12.0,138.47402597402598,424.77272727272725
14,749,CRC,12.0,141.3235294117647,72.12745098039215
14,750,CRC,15.057843996494304,140.77388255915864,54.24802804557406
14,751,CRC,12.0,153.28301886792454,73.73584905660377
14,752,CRC,12.0,167.8034188034188,58.495726495726494
14,753,CRC,13.026666666666667,176.14857142857142,475.8342857142857
14,754,CRC,12.75,187.45192307692307,50.90384615384615
14,755,CRC,13.2018779342723,191.7723004694836,490.6056338028169
14,756,CRC,14.22360953461975,209.8467650397276,41.53007945516458
14,757,CRC,12.0,210.56451612903223,493.258064516129
14,758,CRC,12.0,217.91304347826087,57.60869565217392
14,759,CRC,12.0,232.92857142857144,51.69642857142857
14,760,CRC,15.787508486082825,237.0868974881195,512.0278343516633
14,761,CRC,12.751851851851852,246.53333333333333,50.05925925925926
14,762,CRC,12.0,243.73076923076923,59.57692307692308
14,763,CRC,12.0,260.4623655913978,58.43010752688172
14,764,CRC,12.0,268.7109375,509.3984375
14,765,CRC,12.0,289.0857142857143,71.28571428571429
14,766,CRC,12.294797687861273,294.34104046242777,62.64161849710983
14,767,CRC,12.0,305.90361445783134,62.91566265060241
14,768,CRC,12.95221843003413,312.4061433447099,509.9556313993174
14,769,CRC,12.23225806451613,312.61290322580646,93.71612903225808
14,770,CRC,12.546031746031746,324.8222222222222,74.17460317460318
14,771,CRC,12.540229885057473,334.32183908045977,503.0
14,772,CRC,12.428571428571429,340.7755102040816,85.59863945578232
14,773,CRC,12.573705179282868,353.3585657370518,82.25099601593625
14,774,CRC,12.55744680851064,367.4595744680851,89.54042553191489
14,775,CRC,12.387820512820513,387.12179487179486,104.20192307692308
14,776,CRC,16.25889741800419,422.572923935799,457.3803210048849
14,777,CRC,13.671709531013615,420.1134644478064,122.25416036308624
14,778,CRC,12.871980676328503,436.21014492753625,152.02173913043478
14,779,CRC,12.0,440.3695652173913,370.10869565217394
14,780,CRC,12.0,463.6239316239317,358.55555555555554
14,781,CRC,12.895774647887324,466.0394366197183,368.225352112676
14,782,CRC,12.506756756756756,469.3885135135135,220.65878378378372
14,783,CRC,12.0,470.83549783549785,273.0
14,784,CRC,12.0,470.7578125,258.3203125
14,785,CRC,15.755681818181818,483.948051948052,344.39772727272725
14,786,CRC,14.045955882352942,485.5680147058824,309.99632352941177
14,787,CRC,16.75627440044618,27.52091466815393,175.35303959843836
14,788,CRC,14.0,31.081364829396325,243.2992125984252
14,789,CRC,13.0,38.85981308411215,161.6728971962617
14,790,WT,13.552380952380952,47.67142857142857,286.94761904761907
14,791,WT,14.23913043478261,49.37826086956522,297.4826086956522
14,792,WT,13.957605985037407,56.0423940149626,327.47381546134665
14,793,CRC,15.446640316205531,47.96837944664031,127.62977602108036
14,794,CRC,13.589473684210526,58.09473684210526,120.12631578947368
14,795,WT,14.145015105740182,57.220543806646525,340.6223564954683
14,796,WT,13.88138686131387,66.77189781021897,360.8996350364964
14,797,WT,13.997395833333334,64.0,348.8697916666667
14,798,WT,14.451428571428572,72.43142857142857,377.3742857142857
14,799,CRC,16.985122210414453,69.38097768331562,96.83687566418703
14,800,WT,13.0,87.58823529411765,353.97058823529414
14,801,CRC,13.338658146964857,101.85623003194888,75.53993610223642
14,802,WT,14.66606498194946,90.59386281588448,414.91696750902526
14,803,CRC,13.0,105.76146788990826,90.6788990825688
14,804,WT,13.434554973821989,107.2565445026178,381.8062827225131
14,805,CRC,15.090289608177171,125.14139693356049,64.3594548551959
14,806,WT,13.545197740112997,161.64689265536722,468.1638418079096
14,807,CRC,15.994499449944994,167.0781078107811,44.064906490649065
14,808,CRC,13.0,177.63846153846154,49.07692307692308
14,809,CRC,14.661991584852736,200.7882187938289,499.1963534361851
14,810,CRC,14.5739837398374,220.3821138211382,507.3756097560976
14,811,CRC,13.39247311827957,235.1290322580645,43.82258064516129
14,812,CRC,14.904376012965963,252.2155591572123,514.1863857374392
14,813,CRC,13.46875,263.46875,43.5859375
14,814,CRC,13.225,267.50625,50.88125
14,815,CRC,14.896491228070175,272.2315789473684,517.6894736842105
14,816,CRC,13.393939393939394,300.1161616161616,512.9040404040404
14,817,CRC,13.0,302.55263157894734,58.10526315789474
14,818,CRC,13.0,305.0,70.52941176470588
14,819,CRC,13.0,311.81481481481484,102.48148148148148
14,820,CRC,13.0,329.8695652173913,60.93478260869565
14,821,CRC,13.0,338.8814814814815,69.07407407407408
14,822,CRC,14.642384105960264,346.8189845474613,509.8763796909493
14,823,CRC,13.736842105263158,368.46537396121886,496.7451523545706
14,824,CRC,13.916666666666666,383.99038461538464,485.0576923076923
14,825,CRC,14.10178117048346,382.8473282442748,86.9796437659033
14,826,CRC,13.326923076923077,403.1442307692308,114.21153846153848
14,827,CRC,13.0,424.1714285714286,135.3904761904762
14,828,CRC,13.2890625,448.82421875,409.2578125
14,829,CRC,14.042821158690176,451.29219143576825,161.0831234256927
14,830,CRC,13.0,455.3333333333333,180.9712643678161
14,831,CRC,13.3048128342246,459.8475935828877,385.7807486631016
14,832,CRC,17.622524052065646,475.509337860781,182.25636672325976
14,833,CRC,13.426791277258568,476.0,234.0809968847352
14,834,CRC,13.377708978328174,480.6749226006192,272.7894736842105
14,835,CRC,16.162935323383085,18.809701492537314,220.66169154228857
14,836,CRC,14.0,43.78688524590164,253.327868852459
14,837,CRC,14.369668246445498,49.96682464454976,140.5165876777251
14,838,WT,18.45431472081218,70.08248730964468,398.2366751269036
14,839,CRC,15.388329979879275,89.33199195171026,80.73038229376257
14,840,WT,14.0,99.34210526315788,418.1184210526316
14,841,WT,14.0,122.33035714285714,432.2321428571428
14,842,WT,16.25752855659398,120.23468328141226,447.66251298027
14,843,CRC,14.0,137.08333333333334,61.48333333333333
14,844,WT,14.0,144.23489932885906,456.9328859060402
14,845,WT,14.523255813953488,145.31976744186048,467.0755813953488
14,846,CRC,14.0,153.32857142857142,59.72857142857143
14,847,CRC,19.383158742949234,178.61200644641417,33.2566478646253
14,848,CRC,14.0,255.23809523809524,40.73809523809524
14,849,CRC,14.0,281.05172413793105,46.82758620689656
14,850,CRC,15.602409638554215,289.9879518072289,520.7168674698795
14,851,CRC,14.0,293.5625,49.078125
14,852,CRC,14.0,302.2307692307692,52.75384615384616
14,853,CRC,16.054208273894435,335.095577746077,50.796005706134096
14,854,CRC,14.406542056074766,348.5327102803738,67.91588785046729
14,855,CRC,14.0,355.89,503.38
14,856,CRC,15.714893617021277,361.0234042553191,65.79787234042553
14,857,CRC,14.5929203539823,367.92477876106193,78.26548672566372
14,858,CRC,14.0,394.5078125,96.5859375
14,859,CRC,14.47549019607843,448.4362745098039,418.4166666666667
14,860,CRC,15.053627760252366,461.64668769716087,173.39432176656152
14,861,CRC,14.0,462.6666666666667,374.7878787878788
14,862,CRC,15.613778705636744,464.4509394572025,398.1043841336117
14,863,CRC,14.0,471.08653846153845,344.49038461538464
14,864,CRC,14.0,475.8648648648648,315.3063063063063
14,865,CRC,15.872958257713249,482.05263157894734,209.28130671506352
14,866,CRC,16.307219662058372,490.1090629800307,323.852534562212
14,867,CRC,14.0,482.67289719626166,262.06542056074767
14,868,CRC,19.262541806020067,496.9877369007804,235.78205128205127
14,869,CRC,14.96345514950166,489.51495016611295,288.2990033222591
14,870,CRC,15.0,21.13978494623656,239.40860215053763
14,871,CRC,15.0,24.85889570552148,181.55828220858896
14,872,CRC,15.267241379310343,30.370689655172413,201.80603448275863
14,873,WT,17.986749805144193,33.643803585346845,287.4512860483242
14,874,WT,15.570833333333333,41.7875,306.8
14,875,WT,15.0,46.175324675324674,320.76623376623377
14,876,CRC,17.805300713557596,53.211009174311926,112.47910295616718
14,877,WT,15.436090225563907,62.74436090225564,374.18045112781954
14,878,WT,17.56422018348624,96.37522935779816,433.4678899082569
14,879,WT,18.23391215526047,107.04902962206332,443.13483146067415
14,880,WT,18.044936284372906,138.50838363514418,466.28303152246815
14,881,WT,15.496153846153844,151.9269230769231,473.26153846153846
14,882,CRC,18.07407407407408,147.2991452991453,42.75213675213675
14,883,WT,17.146110056925995,167.69829222011384,486.0284629981024
14,884,WT,15.51015228426396,178.4517766497462,487.9517766497462
14,885,CRC,15.0,195.25,39.30263157894737
14,886,CRC,17.948192771084337,219.13975903614457,28.50361445783133
14,887,CRC,19.930644019816,233.8733191790517,24.951875442321303
14,888,CRC,15.413978494623656,249.3172043010753,34.46236559139785
14,889,CRC,15.25301204819277,261.82530120481925,37.77710843373494
14,890,CRC,15.695364238410596,277.66887417218544,40.17218543046358
14,891,CRC,15.427835051546392,292.96907216494844,42.64948453608248
14,892,CRC,16.967851099830796,301.5939086294416,524.8409475465313
14,893,CRC,15.311023622047244,306.8346456692913,47.47244094488189
14,894,CRC,16.636197440585008,322.18098720292505,522.2522851919562
14,895,CRC,16.67170626349892,341.6760259179265,516.7537796976242
14,896,CRC,19.16908773968623,349.44218477629283,47.03660662405578
14,897,CRC,17.35890410958904,364.9506849315068,507.5794520547945
14,898,CRC,15.0,381.3768115942029,492.4927536231884
14,899,CRC,18.99118165784833,405.120811287478,81.34656084656085
14,900,CRC,17.849631966351208,415.8748685594112,93.29232386961094
14,901,CRC,15.0,437.56050955414014,134.45859872611464
14,902,CRC,17.640811455847256,443.7649164677805,439.1742243436754
14,903,CRC,15.0,451.0759493670886,145.83544303797467
14,904,CRC,15.0,458.8865979381444,405.9484536082474
14,905,CRC,18.78951486697965,479.61189358372457,375.0446009389672
14,906,CRC,16.263157894736842,487.9592529711375,226.97623089983023
14,907,CRC,17.827083333333334,499.3864583333333,268.9791666666667
14,908,CRC,17.343023255813954,16.97093023255814,188.4738372093024
14,909,CRC,18.8882863340564,15.901301518438178,198.75162689804773
14,910,CRC,18.85586924219911,20.417533432392272,258.17236255572067
14,911,CRC,18.24,29.038260869565217,160.93217391304347
14,912,CRC,16.434466019417474,39.89563106796116,143.39320388349515
14,913,WT,17.765834932821498,48.396353166986565,342.77063339731285
14,914,WT,17.32111692844677,55.19546247818499,362.2757417102967
14,915,CRC,16.40909090909091,80.45454545454545,87.39090909090909
14,916,CRC,17.338954468802697,110.69308600337268,60.73693086003372
14,917,CRC,16.376623376623378,206.04329004329009,506.0
14,918,CRC,20.06061776061776,248.5660231660232,517.4084942084942
14,919,CRC,18.189771197846568,268.62584118438764,27.21668909825033
14,920,CRC,17.844155844155843,300.2900432900433,36.004329004329
14,921,CRC,20.07994289793005,374.1684511063526,56.54532476802285
14,922,CRC,18.495652173913044,412.02086956521737,473.8
14,923,CRC,16.451776649746193,424.98984771573606,109.26395939086296
14,924,CRC,16.0,433.1609195402299,121.67816091954025
14,925,CRC,17.024324324324326,440.6270270270271,124.24324324324324
14,926,CRC,16.0,457.561797752809,157.13483146067415
14,927,CRC,19.432242990654206,464.4423676012461,411.1510903426792
14,928,CRC,18.622998544395923,487.8195050946143,355.2998544395924
14,929,CRC,19.33797909407665,17.89547038327526,231.41254355400696
14,930,CRC,18.581709145427286,32.64017991004498,143.93403298350825
14,931,CRC,17.0,98.24444444444444,64.37777777777778
14,932,CRC,17.0,103.3,68.03333333333333
14,933,WT,19.557951482479783,119.78975741239891,461.0404312668464
14,934,CRC,20.373665480427047,252.0062277580072,21.86120996441281
14,935,CRC,20.48968512486428,284.686210640608,24.14875135722041
14,936,CRC,17.43820224719101,317.7415730337079,41.70037453183521
14,937,CRC,17.0,356.53225806451616,511.258064516129
14,938,CRC,19.00904522613065,386.72361809045225,494.0321608040201
14,939,CRC,20.78108581436077,391.015761821366,66.28809106830123
14,940,CRC,17.0,388.9024390243902,489.5365853658537
14,941,CRC,17.0,453.9237668161435,140.82959641255604
14,942,CRC,19.1444099378882,471.90683229813664,162.416149068323
14,943,CRC,17.0,489.54285714285714,308.6857142857143
14,944,CRC,17.506493506493506,499.77272727272725,284.8246753246753
14,945,CRC,17.692307692307693,499.85641025641024,302.1230769230769
14,946,WT,19.00433839479393,34.81995661605206,300.0759219088937
14,947,WT,19.695172413793102,37.32,313.0358620689655
14,948,WT,19.68961038961039,39.19090909090909,328.6688311688312
14,949,WT,20.16222570532916,52.76332288401254,372.55799373040753
14,950,WT,19.684100418410043,58.46861924686193,388.34728033472805
14,951,WT,18.55721393034825,74.16417910447761,409.3830845771144
14,952,WT,24.011982128350933,82.98984565393988,422.2542648253453
14,953,CRC,19.1129363449692,87.00616016427105,71.39014373716633
14,954,CRC,18.566666666666663,104.28888888888888,54.91851851851852
14,955,CRC,21.53700657894737,122.97491776315788,48.35855263157895
14,956,WT,20.29747899159664,152.9966386554622,480.9268907563025
14,957,WT,21.060855908912448,190.5131527287004,499.9544562230074
14,958,CRC,18.0,367.009009009009,57.03603603603604
14,959,CRC,19.336283185840703,434.2778761061947,106.7929203539823
14,960,CRC,20.673340358271865,455.90621707060063,128.60379346680716
14,961,CRC,18.88538681948424,463.8452722063037,147.6733524355301
14,962,CRC,21.07509881422925,488.1669960474308,190.649209486166
14,963,CRC,21.41811527904849,494.52058554437326,207.43000914913085
14,964,CRC,19.43715846994536,40.04918032786885,129.40437158469945
14,965,WT,19.43312101910828,127.12101910828024,469.04458598726114
14,966,WT,19.60135135135135,164.90202702702703,485.4695945945946
14,967,WT,19.0,209.5075757575757,507.20454545454544
14,968,WT,19.0,223.37007874015748,511.2755905511811
14,969,CRC,21.051638530287985,317.1578947368421,31.25124131082423
14,970,CRC,19.0,398.2260869565217,484.0
14,971,CRC,19.46524064171123,445.49732620320856,114.28877005347591
14,972,CRC,20.17727272727273,471.5863636363636,392.0636363636364
14,973,CRC,19.0,472.0238095238095,401.7261904761905
14,974,WT,20.628664495114005,44.24755700325733,353.06514657980455
14,975,WT,20.62753036437247,76.91093117408907,415.4696356275304
14,976,WT,20.0,91.41772151898734,427.5949367088608
14,977,CRC,21.83333333333333,198.12946428571428,25.55059523809524
14,978,CRC,20.698814655172413,321.36206896551727,521.9493534482758
14,979,CRC,23.20953237410072,430.4352517985611,93.16546762589928
14,980,CRC,20.483018867924528,461.6,136.83396226415095
14,981,CRC,22.458571428571428,502.94,319.0628571428571
14,982,CRC,22.455459770114945,506.382183908046,290.9295977011494
14,983,CRC,21.99236641221374,505.8885496183206,260.2045801526718
14,984,CRC,21.0,16.479338842975206,213.37190082644628
14,985,CRC,21.54984894259819,357.619335347432,512.5513595166163
14,986,CRC,21.0,397.9718309859155,486.0845070422535
14,987,CRC,21.0,501.4084507042253,332.90140845070425
14,988,CRC,22.0,112.02941176470588,49.97058823529412
14,989,CRC,23.540298507462687,274.34328358208955,16.15223880597015
14,990,CRC,22.0,284.4852941176471,505.2058823529412
14,991,CRC,22.0,289.6923076923077,524.75
14,992,CRC,23.0,302.64179104477614,29.13432835820896
14,993,CRC,24.606606606606608,334.1811811811812,34.42042042042042
14,994,CRC,23.0,445.9933333333333,110.99333333333334
14,995,CRC,24.25475687103594,463.26427061310784,132.25475687103594
14,996,CRC,23.0,501.5,332.0
14,997,CRC,23.516129032258064,505.6827956989248,239.2741935483871
14,998,CRC,24.0,19.587360594795538,180.2416356877324
14,999,CRC,24.0,35.42786069651741,135.15174129353233
14,1000,CRC,24.0,54.95045045045045,100.60810810810813
14,1001,CRC,24.0,73.86687306501548,84.6439628482972
14,1002,CRC,24.0,91.02369668246446,68.48341232227489
14,1003,CRC,24.0,147.23423423423424,38.369369369369366
14,1004,CRC,24.0,213.0,20.33333333333333
14,1005,CRC,24.0,266.98591549295776,20.450704225352112
14,1006,CRC,24.0,486.8161434977578,366.1928251121077
14,1007,CRC,24.54724409448819,506.0196850393701,270.8267716535433
14,1008,WT,25.0,117.74915254237288,459.3627118644068
14,1009,WT,25.0,144.135,475.3475
14,1010,WT,25.0,165.2086956521739,488.89565217391305
14,1011,CRC,25.0,481.0,161.94193548387096
14,1012,WT,26.0,20.918465227817745,256.2661870503597
14,1013,WT,26.0,26.45017182130584,285.22680412371136
14,1014,WT,26.0,36.8974358974359,319.84798534798534
14,1015,WT,26.0,50.287694974003465,363.6967071057192
14,1016,WT,26.0,272.9059405940594,491.65841584158414
14,1017,WT,26.0,293.21232876712327,491.86986301369865
14,1018,CRC,26.35172413793104,315.82068965517243,48.82758620689656
14,1019,WT,27.0,118.928,457.516
14,1020,WT,27.0,175.11796246648794,490.0536193029491
14,1021,WT,28.056451612903224,314.9435483870968,481.4562211981567
14,1022,WT,27.0,346.2207792207792,481.8467532467532
14,1023,CRC,27.0,389.3482142857143,463.32142857142856
14,1024,CRC,28.84897959183673,397.4843537414966,441.0952380952381
14,1025,CRC,27.0,406.55555555555554,452.41975308641975
14,1026,CRC,29.7944099378882,413.2608695652174,421.7937888198758
14,1027,CRC,27.536184210526315,432.8125,415.8157894736842
14,1028,CRC,28.0,246.0597014925373,19.152985074626866
14,1029,CRC,28.0,280.05945945945945,22.85675675675676
14,1030,WT,28.6869918699187,293.3719512195122,482.2784552845528
14,1031,CRC,28.0,322.77031802120143,50.487632508833926
14,1032,CRC,28.0,332.6090534979424,35.99588477366255
14,1033,WT,28.6776750330251,346.7833553500661,470.0303830911493
14,1034,WT,28.55036855036855,369.1228501228501,457.6879606879607
14,1035,WT,29.50853242320819,262.938566552901,476.9863481228669
14,1036,WT,29.0,274.8157894736842,482.0
14,1037,WT,29.0,381.7761904761905,448.1857142857143
14,1038,WT,30.60483870967742,287.01612903225805,472.758064516129
14,1039,WT,31.56357388316152,273.79037800687286,466.9243986254296
14,1040,WT,31.0,307.56666666666666,471.2888888888889
14,1041,WT,31.0,320.8435754189944,463.5139664804469
14,1042,WT,31.542857142857144,340.3265306122449,455.3387755102041
14,1043,CRC,31.0,364.3636363636364,71.8080808080808
14,1044,CRC,32.04113475177305,373.69219858156026,437.1078014184397
14,1045,CRC,31.562146892655367,380.9180790960452,82.0677966101695
14,1046,CRC,32.317738791423004,410.5828460038986,108.8869395711501
14,1047,CRC,31.0,421.4518518518519,411.05185185185184
14,1048,CRC,31.0,448.0571428571429,378.37142857142857
14,1049,CRC,31.49808429118774,456.455938697318,167.8544061302682
14,1050,CRC,31.771929824561404,465.5363408521303,259.0200501253133
14,1051,CRC,31.0,471.3144876325088,290.2190812720848
14,1052,CRC,31.911167512690355,466.5532994923858,328.7157360406092
14,1053,CRC,31.53333333333333,473.1638888888889,239.86388888888888
14,1054,CRC,31.0,475.0357142857143,224.6071428571429
14,1055,CRC,33.72441860465116,286.1941860465116,62.080232558139535
14,1056,WT,32.0,297.69642857142856,464.7678571428572
14,1057,WT,32.0,322.02702702702703,457.3474903474904
14,1058,WT,32.50218340611354,360.68995633187774,438.9912663755459
14,1059,CRC,33.6546052631579,450.1743421052632,317.2105263157895
14,1060,CRC,33.675,83.665,150.84
14,1061,CRC,33.0,113.26027397260276,102.21917808219176
14,1062,CRC,33.0,144.73469387755102,72.5204081632653
14,1063,CRC,33.0,187.5157894736842,58.42105263157895
14,1064,CRC,33.61614730878187,429.8866855524079,143.71813031161474
14,1065,CRC,33.64018691588785,422.2943925233645,384.6028037383177
14,1066,CRC,33.0,451.7916666666667,335.125
14,1067,CRC,33.0,456.8888888888889,180.5555555555556
14,1068,CRC,33.0,462.0722891566265,312.3734939759036
14,1069,CRC,33.42702702702703,468.0810810810811,289.07027027027027
14,1070,CRC,33.5799522673031,468.7565632458234,268.527446300716
14,1071,CRC,34.0,60.85333333333333,205.97333333333333
14,1072,CRC,34.0,70.26666666666667,165.15555555555557
14,1073,CRC,34.0,89.26428571428572,138.42857142857142
14,1074,CRC,34.0,97.04166666666669,124.78472222222224
14,1075,CRC,34.0,190.6326530612245,63.13605442176871
14,1076,CRC,35.50481430536451,252.5873452544704,59.75103163686382
14,1077,WT,34.0,269.75,451.34615384615387
14,1078,CRC,34.49145299145299,357.87179487179486,418.0769230769231
14,1079,CRC,35.53093812375249,379.5239520958084,103.26047904191616
14,1080,CRC,34.0,394.89166666666665,408.575
14,1081,CRC,34.375,404.8064516129032,392.1612903225807
14,1082,CRC,34.574585635359114,407.3038674033149,125.71270718232044
14,1083,CRC,34.40485829959514,437.0728744939272,162.31174089068827
14,1084,CRC,34.26767676767677,452.07828282828285,189.51262626262627
14,1085,CRC,34.77622377622377,460.4638694638695,228.1934731934732
14,1086,CRC,34.0,472.5736842105263,240.11052631578949
14,1087,CRC,35.0,187.04088050314465,71.27358490566037
14,1088,CRC,35.0,221.2255639097744,62.40601503759399
14,1089,WT,35.0,279.9807692307692,451.8269230769231
14,1090,WT,35.0,294.48571428571427,448.04285714285714
14,1091,CRC,35.0,304.76630434782606,75.7554347826087
14,1092,CRC,35.0,346.07092198581563,79.28368794326241
14,1093,CRC,35.0,362.0842105263158,408.578947368421
14,1094,CRC,36.23091976516634,379.3776908023484,401.9980430528376
14,1095,CRC,35.516949152542374,408.8347457627119,139.25423728813558
14,1096,CRC,35.44776119402985,412.7985074626866,378.97014925373134
14,1097,CRC,35.95569620253165,420.2310126582278,158.0094936708861
14,1098,CRC,35.55555555555556,423.77407407407406,352.5148148148148
14,1099,CRC,35.0,427.0632911392405,361.34177215189874
14,1100,CRC,36.051987767584095,430.039755351682,172.24770642201835
14,1101,CRC,35.0,449.0175438596491,324.2280701754386
14,1102,CRC,36.47433264887064,74.22997946611909,215.7700205338809
14,1103,CRC,36.28285077951002,76.47661469933185,186.4231625835189
14,1104,CRC,36.46540880503144,72.50943396226415,165.06289308176102
14,1105,CRC,36.5141065830721,85.60501567398119,158.1191222570533
14,1106,CRC,36.0,96.72136222910216,141.20123839009287
14,1107,CRC,36.0,118.33043478260868,103.82608695652172
14,1108,CRC,36.0,119.41353383458646,113.28571428571428
14,1109,CRC,36.86201298701299,150.95454545454547,98.46753246753246
14,1110,CRC,37.43920595533499,273.9528535980149,73.92555831265508
14,1111,WT,36.52554744525548,323.6350364963504,423.1532846715328
14,1112,WT,36.0,342.6666666666667,429.9411764705882
14,1113,CRC,36.0,349.7241379310345,80.41379310344827
14,1114,CRC,36.60846560846561,366.7407407407408,97.76719576719576
14,1115,CRC,36.0,372.90697674418607,412.5348837209302
14,1116,CRC,37.11372549019608,385.6745098039216,386.1725490196079
14,1117,CRC,36.55868544600939,394.5023474178404,119.30985915492958
14,1118,CRC,36.5234375,396.5703125,380.28515625
14,1119,CRC,36.22680412371134,413.8556701030928,364.9484536082474
14,1120,CRC,37.705078125,417.193359375,325.82421875
14,1121,CRC,37.47326732673268,440.5089108910891,218.6118811881188
14,1122,CRC,36.5792349726776,450.9344262295082,242.66666666666663
14,1123,CRC,37.0,156.61363636363637,109.33333333333331
14,1124,CRC,37.91690544412607,175.7249283667622,98.77650429799426
14,1125,CRC,37.275720164609055,185.0781893004115,80.12345679012346
14,1126,CRC,37.0,186.60119047619048,59.94047619047619
14,1127,CRC,37.90425531914894,195.9290780141844,96.28014184397163
14,1128,CRC,37.0,202.9928057553957,79.02158273381295
14,1129,CRC,37.91419656786272,217.25117004680183,90.39313572542902
14,1130,CRC,37.0,214.52447552447552,73.13986013986013
14,1131,CRC,37.99337748344371,239.19646799117,84.07726269315673
14,1132,WT,37.64016736401673,289.1757322175732,415.5271966527197
14,1133,WT,37.0,294.5079365079365,410.8253968253968
14,1134,CRC,37.33173076923077,303.7067307692308,80.1826923076923
14,1135,CRC,37.0,317.0935251798561,84.27338129496403
14,1136,CRC,37.44753086419753,330.01851851851853,93.70061728395062
14,1137,CRC,37.0,345.13829787234044,103.01063829787236
14,1138,CRC,37.50717703349282,347.26794258373207,96.16746411483254
14,1139,CRC,38.02977667493796,356.91315136476425,113.35235732009926
14,1140,CRC,37.62352941176471,358.5882352941176,404.3490196078432
14,1141,CRC,38.34626865671642,366.1432835820896,392.355223880597
14,1142,CRC,38.84200385356455,371.40077071290943,125.504816955684
14,1143,CRC,37.0,377.1388888888889,379.5
14,1144,CRC,37.347417840375584,387.8591549295775,129.92957746478874
14,1145,CRC,37.0,397.1650485436893,353.58252427184465
14,1146,CRC,37.45021645021645,398.7445887445887,149.2077922077922
14,1147,CRC,37.0,402.68,135.53333333333333
14,1148,CRC,37.0,402.6043956043956,164.57142857142858
14,1149,CRC,37.54618473895582,408.5140562248996,160.16867469879517
14,1150,CRC,37.52857142857143,421.2761904761905,171.56666666666666
14,1151,CRC,37.9539641943734,424.7570332480818,197.3682864450128
14,1152,CRC,37.0,429.2525252525252,310.52525252525254
14,1153,CRC,37.0,436.5578947368421,198.7052631578948
14,1154,CRC,37.41317365269461,447.92814371257487,231.64071856287424
14,1155,CRC,38.0,101.44594594594597,148.86486486486487
14,1156,CRC,38.414414414414416,132.8963963963964,129.518018018018
14,1157,CRC,38.0,137.4156626506024,114.65060240963857
14,1158,CRC,39.02265372168285,145.789644012945,126.31715210355988
14,1159,CRC,39.13659793814433,173.96907216494844,115.88659793814432
14,1160,CRC,38.60909090909091,192.3272727272727,106.64090909090908
14,1161,WT,38.0,242.97894736842105,413.10526315789474
14,1162,CRC,38.0,267.92890995260666,416.0189573459716
14,1163,CRC,38.0,297.17333333333335,368.6
14,1164,CRC,38.442567567567565,302.90202702702703,407.0574324324325
14,1165,CRC,38.0,323.7089552238806,406.3880597014925
14,1166,CRC,39.50891089108911,343.35247524752475,391.1485148514852
14,1167,CRC,38.0,346.02666666666664,408.3066666666667
14,1168,CRC,38.456647398843934,364.1791907514451,379.16184971098266
14,1169,CRC,38.0,370.8051948051948,133.5194805194805
14,1170,CRC,39.20976491862568,384.9746835443038,344.5352622061483
14,1171,CRC,39.21104536489152,388.2741617357002,154.83629191321498
14,1172,CRC,38.0,391.6477987421384,369.0691823899371
14,1173,CRC,39.11627906976744,400.8656330749354,167.98708010335918
14,1174,CRC,38.49803921568628,421.8921568627451,308.6490196078431
14,1175,CRC,38.86120996441281,427.6850533807829,276.3950177935943
14,1176,CRC,38.0,431.5194805194805,184.4675324675325
14,1177,CRC,38.59722222222222,441.0601851851852,250.27777777777777
14,1178,CRC,39.0,118.73333333333332,152.82222222222222
14,1179,CRC,40.035928143712574,145.65868263473052,143.57185628742516
14,1180,CRC,40.163677130044846,160.58520179372198,132.38116591928252
14,1181,CRC,40.00582524271845,193.37087378640777,119.25631067961164
14,1182,CRC,39.84272997032641,209.50445103857567,111.0919881305638
14,1183,CRC,40.22754491017964,237.50698602794407,105.86826347305389
14,1184,CRC,39.0,260.3974358974359,83.8076923076923
14,1185,CRC,39.24293785310734,283.02259887005647,96.22033898305084
14,1186,CRC,39.0,298.0888888888889,91.57777777777778
14,1187,CRC,39.36645962732919,351.0745341614907,382.4596273291925
14,1188,CRC,39.9448275862069,370.9896551724138,351.1275862068965
14,1189,CRC,39.35849056603774,376.2169811320755,373.2924528301887
14,1190,CRC,39.0,385.7056074766355,135.46728971962617
14,1191,CRC,39.41666666666666,388.6212121212121,354.52272727272725
14,1192,CRC,39.63948497854077,400.44635193133047,187.1212446351932
14,1193,CRC,40.19104084321476,404.9604743083004,211.5111989459816
14,1194,CRC,40.659574468085104,408.3262411347518,234.84255319148937
14,1195,CRC,40.48372781065089,412.1272189349112,253.3343195266272
14,1196,CRC,39.92992700729927,420.807299270073,221.8642335766424
14,1197,CRC,39.0,428.49122807017545,242.96491228070167
14,1198,CRC,39.0,432.6456692913386,206.7007874015748
14,1199,CRC,39.0,440.5681818181818,268.1818181818182
14,1200,CRC,41.06077348066298,156.0939226519337,150.71270718232043
14,1201,CRC,40.0,290.93333333333334,409.67333333333335
14,1202,CRC,40.42962962962963,325.34444444444443,112.9925925925926
14,1203,CRC,40.0,347.6223404255319,114.29255319148936
14,1204,CRC,40.48249027237354,350.1284046692607,375.55252918287937
14,1205,CRC,40.0,359.4035087719298,127.5701754385965
14,1206,CRC,40.83895131086143,362.5430711610487,362.5505617977528
14,1207,CRC,40.497854077253216,412.9184549356223,276.9785407725322
14,1208,CRC,41.4125,149.3625,166.725
14,1209,CRC,41.39455782312925,168.89115646258503,146.18367346938774
14,1210,CRC,42.17508417508417,176.2087542087542,161.34680134680136
14,1211,CRC,41.0,190.04864864864865,138.2
14,1212,CRC,41.586854460093896,246.30516431924883,122.49295774647888
14,1213,CRC,41.0,264.2708333333333,393.4583333333333
14,1214,CRC,41.0,266.38235294117646,104.76470588235294
14,1215,CRC,41.0,281.5492957746479,109.12676056338027
14,1216,CRC,41.68595041322314,307.05785123966945,123.29752066115702
14,1217,CRC,41.65843621399177,321.93004115226336,136.66255144032922
14,1218,CRC,41.57093425605537,346.83391003460207,350.5916955017301
14,1219,CRC,41.47368421052632,348.85714285714283,140.1203007518797
14,1220,CRC,41.47317073170732,361.9073170731708,149.78536585365853
14,1221,CRC,41.73504273504273,362.1111111111111,331.34615384615387
14,1222,CRC,41.98375870069606,370.66821345707655,200.65197215777263
14,1223,CRC,41.0,375.54761904761904,338.5
14,1224,CRC,41.990990990990994,385.5833333333333,231.7297297297297
14,1225,CRC,41.0,385.3555555555556,321.26666666666665
14,1226,CRC,41.43161094224924,389.5987841945289,185.90273556231003
14,1227,CRC,41.553903345724905,393.1598513011152,310.86245353159853
14,1228,CRC,41.25886524822696,394.6489361702128,198.2340425531915
14,1229,CRC,41.61276595744681,390.9404255319149,322.5063829787234
14,1230,CRC,41.49339207048458,397.9140969162996,295.24229074889865
14,1231,CRC,41.90683229813665,397.3333333333333,271.167701863354
14,1232,CRC,42.0,209.86,148.54
14,1233,CRC,42.0,216.0,132.109756097561
14,1234,CRC,42.68979591836735,229.4734693877551,145.6122448979592
14,1235,CRC,42.0,228.1090909090909,116.69090909090907
14,1236,CRC,42.0,277.4415584415584,125.95454545454544
14,1237,CRC,42.39705882352941,342.5612745098039,170.4093137254902
14,1238,CRC,42.49484536082474,342.24226804123714,146.55154639175257
14,1239,CRC,42.42916666666667,350.99583333333334,188.1208333333333
14,1240,CRC,42.54545454545455,360.20454545454544,204.69886363636363
14,1241,CRC,42.0,363.183908045977,162.28735632183907
14,1242,CRC,42.0,372.1511627906977,176.3081395348837
14,1243,CRC,42.55445544554456,372.8069306930693,247.3762376237624
14,1244,CRC,42.0,373.6548672566372,304.4867256637168
14,1245,CRC,42.532934131736525,390.1616766467066,249.24550898203591
14,1246,CRC,42.0,394.8507462686568,226.5522388059701
14,1247,CRC,43.0,169.65168539325842,222.6966292134832
14,1248,CRC,43.0,187.7572815533981,157.36893203883494
14,1249,CRC,43.0,188.75,181.84615384615384
14,1250,CRC,43.0,193.4805194805195,170.55844155844156
14,1251,CRC,43.0,198.85454545454544,155.61818181818182
14,1252,WT,43.0,229.0503597122302,165.74100719424462
14,1253,CRC,43.0,245.7357142857143,149.78571428571428
14,1254,CRC,43.0,285.5375,139.8
14,1255,CRC,43.0,298.57894736842104,142.92105263157896
14,1256,CRC,43.0,310.56976744186045,146.96511627906978
14,1257,CRC,43.0,320.5,145.90540540540542
14,1258,CRC,43.0,340.97849462365593,182.8279569892473
14,1259,CRC,43.0,343.2637362637363,197.021978021978
14,1260,CRC,43.0,368.38,236.08
14,1261,CRC,43.0,372.1782178217822,223.84158415841583
14,1262,CRC,43.0,380.86046511627904,265.4418604651163
14,1263,CRC,43.0,385.9736842105263,275.94736842105266
14,1264,CRC,43.0,395.4418604651163,295.4418604651163
1,1,WT,3.543859649122807,29.13377192982456,167.12280701754386
1,2,CRC,3.265765765765766,42.898648648648646,81.87387387387388
1,3,WT,3.425,57.79895833333333,176.29583333333332
1,4,CRC,3.17504835589942,97.9274661508704,34.02804642166344
1,5,CRC,3.2256410256410257,182.6282051282052,75.28461538461538
1,6,WT,7.307161345987921,26.459879206212253,198.32398619499568
1,7,CRC,3.0,33.27710843373494,95.80722891566263
1,8,WT,3.3088607594936708,39.40253164556962,144.6126582278481
1,9,WT,4.80844793713163,44.417485265225935,207.1011787819253
1,10,WT,3.421911421911422,52.22144522144522,121.8065268065268
1,11,WT,3.583465818759936,55.25119236883943,151.4880763116057
1,12,WT,3.0,56.85057471264368,101.9080459770115
1,13,WT,3.5939086294416245,59.88578680203046,208.9086294416244
1,14,WT,3.454780361757106,63.974160206718345,110.82945736434108
1,15,WT,3.480637813211845,71.56947608200456,153.44191343963553
1,16,CRC,3.4617224880382773,71.5311004784689,74.75837320574162
1,17,WT,3.426966292134832,74.84044943820224,185.17752808988763
1,18,WT,3.5376884422110555,75.55025125628141,104.58793969849246
1,19,WT,3.4849137931034484,76.04956896551724,127.6875
1,20,WT,5.172310756972111,75.9621513944223,203.5179282868526
1,21,WT,3.424107142857143,84.61830357142857,161.86160714285714
1,22,CRC,3.564755838641189,84.48619957537154,59.43524416135881
1,23,WT,3.50836820083682,88.57322175732217,85.11924686192468
1,24,WT,7.313717188823031,98.94665537679931,203.69729043183744
1,25,WT,3.675,95.42,136.815
1,26,WT,3.576301615798923,101.9766606822262,111.0754039497307
1,27,WT,3.6230529595015577,102.4859813084112,175.3613707165109
1,28,WT,3.0,107.40322580645162,149.3709677419355
1,29,WT,3.61231884057971,111.90217391304348,140.19565217391303
1,30,WT,3.5831622176591376,115.19712525667352,73.14784394250513
1,31,WT,3.5631399317406145,117.6877133105802,97.71672354948804
1,32,WT,3.519191919191919,117.17777777777778,164.6727272727273
1,33,CRC,3.784380305602717,127.616298811545,182.11714770797963
1,34,WT,3.5192604006163326,128.66255778120183,54.52234206471495
1,35,CRC,3.553610503282276,131.32166301969366,158.94748358862145
1,36,CRC,3.5963756177924218,137.8830313014827,28.192751235584844
1,37,WT,3.4833333333333334,143.06363636363636,110.39242424242424
1,38,WT,3.591289782244556,141.07202680067002,71.87437185929649
1,39,CRC,3.711484593837535,149.2408963585434,174.3109243697479
1,40,CRC,3.0,151.8254716981132,159.50471698113208
1,41,CRC,3.451541850220264,154.2511013215859,84.55947136563877
1,42,CRC,3.0,156.22282608695653,135.4836956521739
1,43,CRC,3.6906976744186046,157.5906976744186,122.0906976744186
1,44,WT,4.48,24.65333333333333,243.34
1,45,WT,6.253409906676239,24.58578607322326,222.6877243359656
1,46,WT,5.031111111111112,33.19777777777778,137.3111111111111
1,47,WT,4.350993377483444,34.52317880794702,264.0419426048565
1,48,WT,7.87862950058072,30.88617886178862,120.5609756097561
1,49,WT,6.654974946313529,42.40085898353615,102.61560486757335
1,50,WT,4.485507246376812,53.98309178743961,229.79951690821247
1,51,WT,4.442244224422442,53.148514851485146,93.02640264026402
1,52,WT,4.0,77.59919028340082,82.30364372469636
1,53,CRC,5.869300911854103,80.79331306990882,47.0354609929078
1,54,WT,4.0,95.0,176.54330708661416
1,55,CRC,4.948387096774193,118.44516129032256,19.53978494623656
1,56,CRC,7.531093638313081,140.97283774124375,179.79342387419587
1,57,WT,4.412280701754386,154.8830409356725,34.30409356725146
1,58,CRC,4.0,159.6206896551724,157.2551724137931
1,59,CRC,4.0,163.12280701754386,70.40350877192982
1,60,CRC,4.0,168.29591836734693,138.73469387755102
1,61,WT,5.0,13.947368421052632,229.8421052631579
1,62,WT,5.0,17.74137931034483,206.8879310344828
1,63,WT,6.441501103752759,26.39514348785872,160.86313465783664
1,64,WT,8.418296089385475,23.868016759776538,147.2423184357542
1,65,WT,5.0,41.04528301886793,256.9811320754717
1,66,WT,6.564028776978417,50.879136690647485,241.75827338129497
1,67,WT,5.958847736625515,59.22427983539095,222.63374485596708
1,68,WT,5.0,61.67164179104478,80.32089552238806
1,69,WT,6.503154574132492,64.42271293375394,61.27129337539432
1,70,WT,5.0,71.75,194.9318181818182
1,71,CRC,7.510552763819096,91.3507537688442,28.511557788944724
1,72,WT,9.033816425120772,120.18219461697724,192.58454106280195
1,73,WT,5.0,113.14728682170542,176.64341085271317
1,74,CRC,5.0,148.95698924731184,25.06451612903226
1,75,CRC,5.0,168.54255319148936,62.87234042553192
1,76,WT,5.0,169.3790322580645,77.90322580645162
1,77,CRC,5.0,170.07865168539325,145.1685393258427
1,78,CRC,6.065359477124183,172.7995642701525,45.35511982570806
1,79,WT,6.374468085106383,32.56170212765957,243.0276595744681
1,80,WT,6.578341013824885,59.24654377880184,200.5967741935484
1,81,WT,6.366197183098592,84.69295774647887,212.5295774647888
1,82,CRC,6.0,134.51923076923077,23.23076923076923
1,83,CRC,8.883763837638377,158.61746617466176,163.389913899139
1,84,CRC,7.341353383458647,189.6751879699248,104.35338345864662
1,85,WT,7.349710982658959,22.38439306358381,173.83236994219652
1,86,WT,7.0,41.44897959183673,229.8265306122449
1,87,WT,7.414925373134328,50.05671641791045,80.15223880597014
1,88,WT,8.19047619047619,47.73015873015873,228.989417989418
1,89,WT,7.0,59.08791208791209,212.021978021978
1,90,WT,7.254752851711027,66.84410646387833,220.7680608365019
1,91,WT,9.378802747791951,82.00785083415113,220.93228655544647
1,92,WT,8.0,30.202247191011235,204.6292134831461
1,93,WT,9.34314980793854,57.15364916773368,70.18181818181819
1,94,WT,10.013977128335451,61.29097839898348,221.90216010165184
1,95,CRC,8.934131736526947,121.39720558882236,12.379241516966069
1,96,CRC,9.961883408071747,178.5201793721973,136.32286995515696
1,97,WT,10.88546255506608,25.41629955947137,168.9229074889868
1,98,WT,11.3796992481203,47.43609022556391,187.16917293233084
1,99,WT,10.642998027613412,55.64891518737672,101.93688362919131
1,100,WT,10.931398416886545,72.2796833773087,77.44854881266491
1,101,CRC,11.049618320610689,105.9618320610687,36.11450381679389
1,102,CRC,10.973316391359594,177.11817026683607,47.681067344345614
1,103,CRC,10.90818363273453,183.3792415169661,118.48303393213573
1,104,WT,11.309941520467836,46.058479532163744,135.06432748538012
1,105,WT,11.0,47.79545454545455,87.93181818181819
1,106,WT,12.0,41.53763440860215,161.95698924731184
1,107,WT,12.561338289962825,49.75836431226766,145.15985130111525
1,108,WT,13.05379746835443,62.41455696202532,166.21835443037975
1,109,WT,12.417525773195877,61.70618556701031,199.2164948453608
1,110,WT,12.884892086330936,62.61510791366906,117.74460431654676
1,111,WT,12.0,63.567567567567565,88.48648648648648
1,112,WT,13.428198433420366,65.51174934725849,132.10182767624022
1,113,WT,12.0,67.21052631578948,64.5
1,114,WT,12.0,68.81818181818181,171.0568181818182
1,115,WT,12.0,74.15789473684211,213.59649122807016
1,116,WT,12.40928270042194,77.84388185654008,194.9662447257384
1,117,WT,13.091778202676863,84.96175908221797,78.36902485659655
1,118,WT,12.55,89.85,185.4884615384616
1,119,WT,13.192307692307692,99.64423076923076,174.65192307692308
1,120,CRC,12.835849056603774,103.63396226415094,57.5811320754717
1,121,CRC,13.695259593679458,99.84650112866817,229.2663656884876
1,122,WT,12.0,105.66666666666669,202.0
1,123,CRC,12.601123595505618,116.35393258426966,177.47191011235955
1,124,CRC,13.016611295681065,126.7641196013289,159.24252491694352
1,125,CRC,12.427807486631016,149.25133689839572,150.27807486631016
1,126,CRC,12.358823529411763,168.0441176470588,136.31470588235294
1,127,CRC,13.15079365079365,170.2876984126984,96.2936507936508
1,128,WT,13.0,52.29896907216495,168.05154639175257
1,129,WT,13.495440729483285,58.993920972644375,146.5835866261398
1,130,WT,13.0,65.84285714285714,181.72857142857143
1,131,WT,13.441558441558442,68.03896103896103,96.4090909090909
1,132,WT,13.99652777777778,75.09722222222223,117.44097222222224
1,133,WT,14.01628664495114,72.1172638436482,147.28338762214983
1,134,WT,13.507507507507508,81.1921921921922,94.91591591591592
1,135,WT,13.844067796610169,84.37288135593221,168.25762711864408
1,136,CRC,14.54331864904552,132.8575624082232,64.431718061674
1,137,CRC,13.613981762917932,154.09118541033433,133.10030395136778
1,138,CRC,13.553755522827688,158.28865979381445,64.93372606774669
1,139,WT,14.0,81.45205479452055,155.6164383561644
1,140,WT,14.859504132231406,83.95867768595042,134.08264462809916
1,141,CRC,14.63888888888889,89.13333333333334,156.7888888888889
1,142,CRC,15.254491017964073,97.47305389221556,142.3622754491018
1,143,CRC,14.453531598513012,105.56133828996282,69.39776951672863
1,144,CRC,15.35685210312076,104.72862957937583,88.34328358208955
1,145,CRC,15.153846153846152,111.27863247863247,154.17094017094018
1,146,CRC,14.47222222222222,138.64444444444445,147.68333333333334
1,147,CRC,14.941534713763703,149.373934226553,89.02679658952496
1,148,CRC,15.08,150.1553846153846,111.95692307692308
1,149,WT,15.56910569105691,90.16260162601624,124.34146341463416
1,150,WT,15.801724137931034,98.6293103448276,113.72413793103448
1,151,CRC,15.36,113.7764705882353,121.03058823529412
1,152,CRC,15.79886685552408,112.19830028328612,138.52974504249292
1,153,CRC,15.0,117.2051282051282,81.7948717948718
1,154,CRC,15.573891625615763,125.628078817734,97.3743842364532
1,155,CRC,15.0,120.64383561643837,147.3013698630137
1,156,CRC,15.516666666666667,132.06296296296296,127.14814814814817
1,157,CRC,16.0,117.83211678832116,112.32846715328468
2,1,WT,9.822393822393822,29.998069498069498,207.0173745173745
2,2,WT,10.441478439425053,32.24537987679671,182.2053388090349
2,3,WT,9.454112038140645,35.851013110846246,145.8414779499404
2,4,CRC,9.221748400852878,38.61620469083156,74.59275053304904
2,5,WT,9.14074074074074,43.812345679012346,115.02962962962962
2,6,WT,9.01354401805869,46.53047404063206,129.70880361173815
2,7,WT,8.570143884892087,55.32014388489208,161.57014388489208
2,8,WT,8.811011904761905,62.6875,98.7842261904762
2,9,WT,9.118489583333334,67.6953125,129.20703125
2,10,WT,8.0,66.81060606060606,141.25
2,11,WT,9.160278745644598,75.97386759581882,149.59059233449477
2,12,WT,9.172093023255814,79.16744186046512,170.82790697674417
2,13,WT,9.564593301435409,85.62679425837321,83.103668261563
2,14,WT,9.471518987341772,94.29430379746836,110.05696202531644
2,15,CRC,9.717391304347826,99.25063938618926,21.282608695652176
2,16,WT,9.413735343383584,101.2646566164154,166.57621440536013
2,17,WT,9.22242314647378,109.15370705244123,116.89330922242314
2,18,CRC,10.02627939142462,120.59336099585062,185.7731673582296
2,19,WT,9.04633920296571,125.39759036144578,131.3002780352178
2,20,CRC,9.852201257861635,133.88836477987422,172.0817610062893
2,21,WT,9.790598290598291,136.25925925925927,77.83618233618233
2,22,CRC,9.071428571428571,182.86428571428573,65.91904761904762
2,23,CRC,9.0,13.441558441558442,191.11688311688312
2,24,CRC,9.0,33.45,91.21666666666668
2,25,WT,10.41486603284356,54.03370786516854,192.22299049265345
2,26,WT,9.0,51.05263157894737,243.4736842105264
2,27,WT,10.026813880126182,55.79179810725552,217.97476340694007
2,28,CRC,9.53258426966292,80.17977528089888,56.75056179775281
2,29,WT,9.576315789473684,76.53421052631579,195.0236842105263
2,30,WT,9.739229024943311,80.77324263038548,94.48299319727892
2,31,CRC,9.506276150627617,87.5397489539749,41.87656903765691
2,32,WT,10.069327731092438,92.7016806722689,65.29201680672269
2,33,WT,9.520787746170678,97.109409190372,145.3457330415755
2,34,WT,9.387543252595156,110.78546712802768,64.31487889273356
2,35,CRC,13.008716323296357,120.12916006339144,25.48811410459588
2,36,WT,9.63430420711974,113.72815533980582,159.14239482200648
2,37,WT,9.981818181818182,114.9060606060606,44.224242424242426
2,38,WT,9.669473684210526,116.17263157894736,87.11368421052632
2,39,WT,9.979253112033197,130.14730290456433,57.690871369294605
2,40,WT,9.506297229219143,135.43324937027708,97.07304785894206
2,41,WT,9.0,137.9624060150376,49.57142857142857
2,42,CRC,9.438805970149254,138.7462686567164,154.98805970149257
2,43,WT,9.0,144.46385542168676,135.2289156626506
2,44,WT,9.541884816753926,146.60732984293193,107.065445026178
2,45,WT,9.950236966824644,149.14928909952607,54.55924170616114
2,46,CRC,9.594752186588922,150.6268221574344,128.37609329446065
2,47,CRC,9.995505617977528,155.0292134831461,164.51011235955056
2,48,CRC,9.27930174563591,161.79551122194513,82.98503740648378
2,49,CRC,9.835990888382687,166.72892938496582,151.15261958997723
2,50,CRC,9.232835820895522,174.01791044776118,115.16716417910447
2,51,CRC,9.43063583815029,174.72543352601156,135.11271676300578
2,52,CRC,10.348076923076922,192.39807692307693,119.69423076923076
2,53,WT,10.940613026819925,32.64367816091954,125.76819923371647
2,54,WT,12.829113924050631,34.8878842676311,220.2368896925859
2,55,WT,11.41509433962264,41.060796645702304,92.75052410901468
2,56,WT,10.0,43.82786885245902,138.55737704918033
2,57,WT,11.414746543778802,51.555299539170505,235.75806451612905
2,58,WT,10.0,51.81325301204819,150.14457831325302
2,59,WT,10.512820512820513,60.99430199430199,77.75783475783476
2,60,WT,10.0,57.98809523809524,134.47619047619048
2,61,WT,10.315960912052118,64.39087947882736,160.78175895765472
2,62,WT,10.0,66.86046511627907,138.63565891472868
2,63,WT,10.60843373493976,66.56927710843374,55.90963855421687
2,64,WT,10.0,67.90697674418605,89.92248062015504
2,65,WT,10.234463276836156,96.41525423728814,185.16666666666663
2,66,WT,10.372549019607844,105.54901960784314,72.75980392156863
2,67,WT,10.0,118.64192139737992,130.9301310043668
2,68,WT,10.428571428571429,127.0295566502463,155.52216748768473
2,69,WT,10.34,138.052,43.58
2,70,CRC,10.467924528301888,162.66415094339624,74.31320754716981
2,71,CRC,10.605809128630703,168.43153526970954,60.448132780082986
2,72,CRC,10.42560553633218,174.68512110726644,79.88581314878893
2,73,WT,14.236600306278714,24.64624808575804,193.21745788667687
2,74,WT,15.320479862896317,21.0719794344473,136.92973436161097
2,75,WT,11.583606557377047,27.38032786885245,227.91147540983607
2,76,WT,11.0,27.6,153.45714285714286
2,77,WT,11.42687747035573,30.24505928853755,239.4189723320158
2,78,WT,11.0,30.8125,139.97916666666666
2,79,WT,12.046594982078853,31.40860215053764,101.20071684587812
2,80,WT,11.0,39.74107142857143,105.65178571428572
2,81,WT,11.0,38.698113207547166,117.73584905660375
2,82,WT,11.0,47.62698412698413,207.0952380952381
2,83,WT,11.0,48.15254237288136,135.6271186440678
2,84,WT,11.0,49.87837837837838,80.89189189189189
2,85,WT,11.0,54.92783505154639,92.85567010309278
2,86,WT,11.0,55.85,104.4125
2,87,CRC,11.412,72.372,37.372
2,88,WT,12.465909090909092,69.4715909090909,214.9886363636364
2,89,WT,11.0,67.56626506024097,168.0120481927711
2,90,CRC,14.062443438914029,83.04343891402715,29.114027149321267
2,91,WT,12.024340770791076,83.76673427991886,203.2231237322515
2,92,CRC,11.0,81.22222222222223,48.96296296296296
2,93,WT,11.0,107.4153846153846,185.48461538461532
2,94,WT,11.0,117.0,166.0
2,95,WT,11.0,132.05,33.95
2,96,WT,12.141868512110726,148.4152249134948,40.54325259515571
2,97,CRC,15.991448118586089,159.14994298745725,175.23660205245153
2,98,CRC,12.23003194888179,162.44888178913737,49.96645367412141
2,99,WT,12.506616257088847,25.53497164461248,160.87712665406428
2,100,WT,12.596958174904945,23.368821292775664,202.5893536121673
2,101,WT,12.0,49.92857142857143,74.55882352941177
2,102,WT,14.314063848144952,50.3330457290768,57.883520276100086
2,103,WT,14.623871614844534,65.46639919759278,219.8264794383149
2,104,CRC,14.661982825917253,66.23497267759562,46.69242779078844
2,105,WT,12.0,66.51470588235294,205.8235294117647
2,106,WT,12.0,86.69444444444444,189.5833333333333
2,107,WT,12.594444444444443,115.17777777777778,192.5638888888889
2,108,CRC,12.254480286738351,185.59498207885304,70.415770609319
2,109,WT,15.411089866156788,22.075525812619503,175.7017208413002
2,110,WT,14.514030612244898,19.214285714285715,152.9158163265306
2,111,WT,15.193620178041543,23.29154302670624,110.06083086053413
2,112,WT,14.870472008781558,29.88693743139408,91.33150384193196
2,113,WT,15.803225806451612,38.43763440860215,75.43978494623656
2,114,WT,14.085011185682326,51.48993288590604,227.0380313199105
2,115,WT,13.0,83.41111111111111,215.74444444444444
2,116,WT,16.07671601615074,104.38088829071332,206.24091520861373
2,117,CRC,13.46788990825688,137.9051987767584,31.6605504587156
2,118,WT,16.61345987920621,138.94564279551338,187.82484900776527
2,119,CRC,13.329268292682928,172.04268292682926,168.7591463414634
2,120,CRC,17.00530303030303,190.3371212121212,148.28030303030303
2,121,CRC,13.486646884272997,194.26706231454008,75.57566765578635
2,122,CRC,13.48235294117647,199.3058823529412,100.82352941176472
2,123,WT,15.58298755186722,49.11825726141079,214.6701244813278
2,124,WT,16.452151009657594,85.4161545215101,213.07638279192275
2,125,WT,14.0,123.0843373493976,195.6024096385542
2,126,CRC,17.404191616766468,175.27145708582833,46.532934131736525
2,127,WT,15.479508196721312,28.03688524590164,207.344262295082
2,128,CRC,15.802139037433156,148.0133689839572,32.52139037433155
2,129,CRC,16.512096774193548,206.3125,96.08266129032258
2,130,CRC,15.0,202.6917808219178,125.013698630137
2,131,CRC,16.595070422535212,97.79577464788731,29.274647887323944
2,132,WT,17.100263852242744,116.34300791556728,201.13456464379948
2,133,WT,16.0,122.85416666666669,198.29166666666663
2,134,WT,16.579908675799086,130.41552511415526,194.69406392694063
2,135,CRC,16.89453125,205.01953125,116.25390625
2,136,WT,17.43125,20.19375,169.8625
2,137,WT,17.0,69.89473684210526,52.44736842105263
2,138,CRC,17.0,171.83838383838383,169.53535353535352
2,139,CRC,17.0,202.1967213114754,84.27868852459017
2,140,WT,18.0,24.5,162.5483870967742
2,141,WT,18.514792899408285,34.75739644970414,126.8343195266272
2,142,WT,19.126373626373628,49.19230769230769,173.9065934065934
2,143,WT,18.75669099756691,66.79318734793188,69.60827250608273
2,144,WT,18.0,70.8359375,195.359375
2,145,WT,19.0,34.3448275862069,90.6206896551724
2,146,WT,19.0,42.405660377358494,113.47169811320757
2,147,WT,19.81868131868132,45.37087912087912,144.80769230769232
2,148,WT,19.41176470588235,48.48823529411764,97.48823529411764
2,149,WT,19.490683229813666,55.32919254658385,80.38509316770187
2,150,WT,20.0161662817552,57.13394919168592,109.9769053117783
2,151,WT,20.132716049382715,63.16666666666666,172.4969135802469
2,152,WT,20.92797783933518,67.69667590027701,89.7825484764543
2,153,WT,19.89405684754522,74.31266149870801,186.9560723514212
2,154,WT,19.502645502645503,74.2010582010582,62.7037037037037
2,155,WT,20.489690721649485,92.81615120274914,179.6958762886598
2,156,CRC,20.444444444444443,94.37103174603176,230.26388888888889
2,157,WT,19.404761904761905,92.48809523809524,189.35119047619048
2,158,WT,19.94050343249428,122.02059496567506,174.02974828375287
2,159,WT,19.0,118.31111111111112,193.3111111111111
2,160,CRC,19.808457711442784,174.17412935323384,165.06218905472636
2,161,CRC,20.58031088082901,181.52849740932643,112.4041450777202
2,162,CRC,19.0,198.66822429906543,119.2570093457944
2,163,WT,21.034324942791763,51.5720823798627,153.47597254004577
2,164,WT,20.857142857142858,52.62698412698413,129.66931216931218
2,165,WT,21.27956989247312,78.76344086021506,168.7284946236559
2,166,WT,20.0,87.64814814814815,58.78703703703704
2,167,CRC,20.62962962962963,92.13271604938272,67.79938271604938
2,168,CRC,20.996753246753247,122.73809523809524,52.33549783549783
2,169,WT,20.8969696969697,133.87272727272727,164.76161616161616
2,170,CRC,20.502673796791445,178.9625668449198,72.80213903743315
2,171,CRC,20.0,190.06410256410257,86.32051282051282
2,172,CRC,20.0,199.98,127.72
2,173,WT,21.945179584120982,66.17958412098298,119.3742911153119
2,174,WT,21.61258278145696,69.76821192052981,104.29470198675496
2,175,WT,21.903614457831324,72.49638554216868,135.23373493975905
2,176,WT,22.031413612565444,73.58900523560209,147.48167539267016
2,177,WT,21.905511811023626,85.42125984251969,80.54133858267717
2,178,WT,22.18458781362008,87.69354838709677,136.03405017921148
2,179,WT,22.104779411764707,108.29963235294116,151.84742647058823
2,180,CRC,21.651282051282053,109.27692307692308,61.98461538461538
2,181,CRC,21.58139534883721,151.68372093023257,154.3674418604651
2,182,CRC,21.0,157.50980392156862,171.5686274509804
2,183,CRC,21.0,181.03125,89.88541666666667
2,184,WT,22.40384615384616,91.77136752136752,111.08547008547008
2,185,WT,22.0,96.005291005291,159.5873015873016
2,186,CRC,22.705128205128204,100.75320512820512,74.73717948717949
2,187,WT,23.10019267822736,109.33140655105971,129.8651252408478
2,188,WT,22.0,110.5045871559633,167.5321100917431
2,189,WT,23.72266973532796,113.64787111622556,92.44073647871116
2,190,CRC,22.920529801324506,118.14238410596026,72.09271523178808
2,191,CRC,23.07286432160804,122.35175879396984,140.9246231155779
2,192,CRC,22.414691943127963,133.1824644549763,149.13033175355451
2,193,CRC,23.218818380743983,146.12472647702407,74.77899343544858
2,194,CRC,23.79240506329113,151.15443037974683,98.00379746835443
2,195,CRC,22.0,162.37410071942446,68.61151079136691
2,196,CRC,22.0,162.38372093023256,140.65697674418604
2,197,CRC,22.318885448916408,165.6501547987616,92.07430340557276
2,198,WT,24.05671296296296,99.67824074074076,106.86921296296296
2,199,CRC,24.3,132.96923076923076,141.78846153846155
2,200,CRC,23.52409638554217,156.83132530120483,125.3012048192771
2,201,CRC,23.52734375,163.9140625,83.7265625
2,202,CRC,24.39047619047619,131.87238095238095,119.65714285714286
2,203,CRC,24.528358208955225,130.87761194029852,101.46268656716418
3,1,WT,8.968190854870775,33.72166998011929,183.50497017892644
3,2,CRC,10.355140186915888,34.66822429906542,84.11495327102804
3,3,WT,6.963782696177063,49.08651911468813,131.88128772635815
3,4,WT,7.46875,40.94618055555556,136.09027777777777
3,5,WT,7.119850187265918,49.264044943820224,107.23408239700376
3,6,WT,7.205,48.785,168.3275
3,7,WT,7.931567328918322,62.31567328918322,195.378587196468
3,8,WT,7.245238095238095,63.17142857142857,135.4690476190476
3,9,WT,6.994666666666666,60.296,147.30933333333334
3,10,WT,7.238023952095808,62.16167664670659,110.00299401197604
3,11,WT,7.727659574468085,71.55035460992907,176.91347517730495
3,12,WT,6.996146435452794,76.0693641618497,74.34874759152216
3,13,WT,7.887417218543046,64.84635761589404,162.21059602649007
3,14,WT,7.079338842975207,77.91570247933885,112.50247933884296
3,15,WT,7.175283732660782,79.81588902900378,138.05044136191677
3,16,WT,7.197916666666667,83.55208333333333,183.62760416666663
3,17,WT,6.0,85.5,94.05813953488372
3,18,CRC,7.56,95.62333333333332,23.476666666666667
3,19,WT,7.042410714285714,93.88616071428572,167.61830357142858
3,20,WT,7.057356608478803,93.8129675810474,57.31920199501247
3,21,WT,7.157439446366782,96.83217993079585,120.51384083044982
3,22,WT,7.089743589743589,101.15384615384616,140.6076923076923
3,23,WT,6.0,104.88636363636364,63.03409090909091
3,24,WT,7.191489361702128,106.94970986460348,91.34429400386848
3,25,WT,7.176744186046512,109.39302325581396,173.2046511627907
3,26,WT,7.24236641221374,117.47137404580153,151.837786259542
3,27,CRC,7.1493848857645,117.67838312829524,31.59226713532513
3,28,WT,7.215223097112861,118.2992125984252,71.20734908136482
3,29,WT,6.0,123.03296703296704,153.9120879120879
3,30,WT,7.115646258503402,133.53061224489795,131.96938775510205
3,31,WT,7.159613059250303,147.2079806529625,76.66747279322854
3,32,WT,7.2451923076923075,140.96153846153845,153.30528846153845
3,33,WT,7.067495559502665,142.67495559502663,114.32859680284191
3,34,CRC,6.0,143.19736842105263,37.42105263157895
3,35,WT,6.0,151.35526315789474,80.08552631578948
3,36,CRC,6.640186915887851,152.89252336448598,25.14018691588785
3,37,CRC,7.0786948176583495,157.05758157389636,156.6257197696737
3,38,CRC,6.972835314091681,169.06451612903226,115.6213921901528
3,39,CRC,6.751381215469613,173.6740331491713,151.98618784530387
3,40,CRC,6.72700296735905,182.7566765578635,75.96439169139465
3,41,CRC,6.0,193.1505376344086,143.10752688172042
3,42,CRC,7.0,29.33333333333333,111.72463768115942
3,43,WT,8.40046838407494,44.38173302107728,195.1990632318501
3,44,WT,7.829652996845426,50.82018927444795,179.48895899053628
3,45,WT,8.425959780621572,55.22851919561243,89.48080438756855
3,46,WT,9.23477564102564,75.12660256410257,218.37740384615384
3,47,WT,7.554517133956386,80.3208722741433,201.0218068535825
3,48,WT,7.0,81.33333333333333,157.3063063063063
3,49,CRC,8.45945945945946,80.06265356265357,38.41891891891892
3,50,WT,7.418803418803419,89.12820512820512,83.61823361823362
3,51,WT,7.445520581113802,100.81113801452784,196.26634382566587
3,52,WT,7.463291139240506,109.11645569620254,50.04810126582279
3,53,WT,7.507082152974505,117.58073654390935,122.87252124645892
3,54,WT,7.615555555555556,127.80222222222224,96.83555555555556
3,55,WT,7.87087912087912,125.4478021978022,176.8434065934066
3,56,CRC,7.0,144.42424242424244,32.525252525252526
3,57,CRC,7.348441926345609,149.18696883852692,177.17847025495752
3,58,WT,7.515695067264574,159.19955156950672,103.13452914798206
3,59,WT,7.6953125,167.65625,84.2265625
3,60,CRC,7.616379310344827,181.68103448275863,98.57112068965516
3,61,CRC,7.0,194.89705882352945,132.41544117647058
3,62,CRC,8.0,30.6875,109.8125
3,63,WT,9.652291105121291,33.703504043126685,211.7533692722372
3,64,WT,9.346808510638295,40.36595744680851,150.66170212765957
3,65,WT,8.0,53.47441860465116,221.5953488372093
3,66,CRC,8.570247933884298,63.70247933884298,64.95592286501378
3,67,WT,8.0,71.46902654867256,80.27433628318585
3,68,WT,8.220779220779221,74.46103896103897,158.71428571428572
3,69,WT,8.519125683060109,73.71584699453553,167.81967213114754
3,70,CRC,8.0,77.56976744186046,59.95348837209303
3,71,WT,8.0,80.69064748201438,95.30935251798562
3,72,WT,8.26530612244898,86.21938775510205,153.76530612244898
3,73,WT,8.0,103.3828125,186.2109375
3,74,WT,8.0,107.7593984962406,62.46616541353384
3,75,WT,8.0,108.26818181818182,107.5
3,76,WT,8.0,110.96052631578948,147.78947368421052
3,77,WT,8.0,114.80254777070064,197.0127388535032
3,78,CRC,9.55256064690027,131.05256064690028,200.68194070080864
3,79,WT,8.0,134.1317365269461,77.39520958083833
3,80,WT,8.0,136.24034334763948,54.07296137339056
3,81,WT,8.406666666666666,137.05,174.32
3,82,CRC,8.0,138.59574468085106,193.17021276595744
3,83,WT,8.0,144.11049723756906,68.89502762430939
3,84,WT,8.0,147.79545454545453,167.7840909090909
3,85,CRC,8.358895705521473,152.51533742331287,47.86503067484663
3,86,CRC,9.282474226804124,165.20618556701032,182.4061855670103
3,87,CRC,8.45360824742268,181.91752577319588,74.83505154639175
3,88,CRC,8.576344086021505,200.94623655913972,143.2451612903226
3,89,WT,12.701200252684776,21.4301958307012,156.2962728995578
3,90,WT,12.163816381638163,21.004500450045004,140.86408640864087
3,91,WT,9.604060913705585,30.18274111675127,129.06091370558374
3,92,WT,9.0,33.082352941176474,156.28235294117647
3,93,WT,9.51048951048951,37.03846153846154,101.05944055944056
3,94,WT,9.955,39.725,227.38
3,95,WT,9.0,40.0,120.08910891089108
3,96,WT,9.0,43.36,177.04
3,97,WT,12.874295377677566,46.6217587373168,65.5749718151071
3,98,WT,12.49438202247191,54.60079312623926,229.89821546596167
3,99,WT,9.0,58.41428571428571,218.27142857142857
3,100,WT,10.093023255813954,67.7463002114165,52.69978858350952
3,101,WT,9.0,74.4375,144.4125
3,102,CRC,10.486033519553072,87.0391061452514,30.91433891992552
3,103,WT,9.407523510971789,86.07836990595611,191.1943573667712
3,104,WT,10.427312775330396,113.08722466960351,211.91629955947133
3,105,CRC,9.0,107.06451612903226,44.67741935483871
3,106,WT,9.42622950819672,133.8,43.87868852459017
3,107,WT,9.0,143.8968253968254,54.15873015873016
3,108,CRC,9.44529262086514,147.5674300254453,192.14249363867685
3,109,WT,9.0,150.25714285714287,171.54285714285714
3,110,WT,9.0,159.08125,65.6875
3,111,CRC,10.921259842519683,175.2800899887514,57.87289088863892
3,112,CRC,9.0,176.25465838509317,84.22981366459628
3,113,CRC,11.50875386199794,180.8578784757981,182.63439752832133
3,114,CRC,11.43009708737864,207.85533980582525,109.18349514563108
3,115,WT,12.699376947040498,29.493769470404985,201.59190031152647
3,116,WT,11.927102803738318,26.05981308411215,191.13644859813084
3,117,WT,10.484848484848484,34.163636363636364,204.6969696969697
3,118,WT,11.311827956989248,58.49193548387097,106.72043010752688
3,119,WT,10.91891891891892,96.68339768339769,218.91119691119687
3,120,WT,10.0,95.8074074074074,201.56296296296296
3,121,CRC,12.985598559855983,164.006300630063,50.64356435643565
3,122,CRC,10.509578544061302,199.3563218390805,156.32183908045977
3,123,WT,14.43956043956044,21.56410256410257,123.23626373626374
3,124,WT,12.003401360544215,22.06122448979592,175.42857142857142
3,125,WT,12.453623188405798,26.35072463768116,102.17536231884058
3,126,WT,11.0,27.08510638297872,224.936170212766
3,127,WT,11.0,45.784946236559136,164.55913978494624
3,128,CRC,12.945664739884393,58.69595375722543,52.24046242774566
3,129,WT,11.0,57.024096385542165,112.65060240963857
3,130,WT,11.0,57.60869565217392,160.08695652173913
3,131,WT,12.392764857881136,68.66279069767442,231.6808785529716
3,132,WT,14.46795952782462,89.21922428330522,230.65851602023608
3,133,CRC,12.230352303523036,102.0189701897019,29.848238482384826
3,134,CRC,12.195710455764075,135.01072386058982,25.98659517426273
3,135,CRC,11.8840206185567,157.090206185567,34.26288659793814
3,136,WT,12.544256120527306,159.64030131826743,198.3032015065913
3,137,CRC,12.957182320441987,195.7596685082873,167.15469613259668
3,138,WT,13.320723684210526,35.463815789473685,218.21875
3,139,WT,15.274330502939256,118.27759634225995,218.8203788373612
3,140,WT,12.0,109.48529411764706,219.48529411764707
3,141,WT,12.90566037735849,138.90051457975986,210.7392795883362
3,142,WT,12.61352657004831,150.56038647342996,42.81159420289855
3,143,WT,12.0,172.8875,190.1
3,144,CRC,13.726837060702875,192.0415335463259,63.58626198083067
3,145,CRC,13.0,199.93421052631572,150.14473684210526
3,146,CRC,13.317596566523603,207.1416309012876,135.1845493562232
3,147,CRC,15.915291529152915,206.98899889989,80.83938393839384
3,148,WT,14.583756345177664,74.99238578680203,233.6776649746193
3,149,WT,14.0,103.26829268292684,226.21951219512195
3,150,WT,15.53781512605042,156.10399159663865,202.7878151260504
3,151,WT,16.89057239057239,180.2138047138047,183.0993265993266
3,152,CRC,14.0,207.6854838709677,153.65322580645162
3,153,WT,15.225653206650833,26.96437054631829,178.56769596199524
3,154,CRC,15.512110726643598,111.1833910034602,25.38235294117647
3,155,CRC,17.003225806451614,160.49354838709678,42.09139784946237
3,156,CRC,15.93607305936073,216.16438356164383,97.23744292237444
3,157,WT,16.0,22.56198347107438,108.85123966942147
3,158,WT,17.236318407960198,31.33084577114428,93.0721393034826
3,159,WT,16.511627906976745,33.70697674418604,81.53953488372093
3,160,CRC,16.449122807017545,61.16491228070176,38.74736842105264
3,161,WT,16.0,93.1842105263158,233.6184210526316
3,162,WT,16.97530864197531,108.1687242798354,221.38683127572017
3,163,WT,17.375838926174495,71.81879194630872,223.6979865771812
3,164,WT,18.702662721893493,95.79585798816568,198.7869822485207
3,165,CRC,17.546610169491526,99.8686440677966,247.38983050847452
3,166,WT,18.499241274658573,118.38846737481032,197.5751138088012
3,167,WT,18.691382765531063,138.7935871743487,188.40280561122245
3,168,WT,18.0,145.3374613003096,204.7739938080496
3,169,CRC,17.94626168224299,186.05373831775705,70.61915887850468
3,170,CRC,17.60333333333333,208.57333333333327,149.69333333333333
3,171,WT,18.0,40.05555555555556,125.37962962962963
3,172,WT,18.95484949832776,53.60702341137124,138.314381270903
3,173,WT,18.64630225080386,51.138263665594856,122.2379421221865
3,174,WT,19.35641547861508,59.74541751527495,80.73116089613035
3,175,CRC,19.36056338028169,71.17183098591549,69.6112676056338
3,176,WT,18.0,67.64615384615385,193.1692307692308
3,177,WT,18.0,73.95098039215686,204.0196078431373
3,178,WT,18.563333333333333,155.25666666666666,177.98333333333332
3,179,WT,18.0,166.94074074074075,192.76296296296297
3,180,CRC,18.41035856573705,191.195219123506,171.55378486055776
3,181,CRC,18.57178841309824,214.6675062972292,113.04785894206547
3,182,WT,20.364406779661017,68.64745762711864,155.7
3,183,WT,19.0,96.21,207.63
3,184,WT,20.0,105.17319587628866,179.47628865979382
3,185,CRC,19.0,131.2972972972973,47.94594594594594
3,186,CRC,19.0,170.76470588235293,171.23529411764707
3,187,CRC,19.51923076923077,175.37692307692308,76.4
3,188,CRC,20.02387267904509,188.20689655172413,132.93633952254643
3,189,CRC,20.27676767676768,190.6909090909091,111.4
3,190,CRC,19.0,196.24615384615385,87.3076923076923
3,191,CRC,19.0,206.02380952380952,152.38095238095238
3,192,CRC,19.0,210.5625,136.9875
3,193,WT,20.0,57.76576576576576,97.45045045045045
3,194,WT,21.162587412587413,65.65034965034965,127.8986013986014
3,195,WT,21.125,73.09593023255815,108.72383720930232
3,196,WT,21.01851851851852,71.8425925925926,89.97685185185185
3,197,WT,20.0,82.34615384615384,191.6153846153846
3,198,WT,21.37833333333333,83.74333333333334,140.93333333333334
3,199,WT,20.0,84.71844660194175,179.49514563106797
3,200,WT,20.94779116465864,88.24497991967871,163.3734939759036
3,201,CRC,20.688172043010752,99.29032258064515,247.9784946236559
3,202,WT,20.0,109.96,169.49333333333334
3,203,CRC,20.566844919786096,109.62032085561498,57.85828877005348
3,204,CRC,20.0,118.96039603960396,70.53465346534654
3,205,WT,21.07049608355092,123.83028720626632,175.1462140992167
3,206,CRC,21.76073619631902,123.74355828220858,70.78895705521472
3,207,WT,21.483498349834985,134.6138613861386,167.13861386138615
3,208,CRC,20.0,186.46052631578948,95.8157894736842
3,209,WT,21.0,75.66233766233766,119.32467532467533
3,210,WT,22.064066852367688,84.83008356545962,92.38440111420611
3,211,WT,22.132075471698112,100.38490566037736,150.84150943396227
3,212,WT,21.88157894736842,110.60197368421052,161.85197368421052
3,213,WT,22.70719178082192,128.0,146.4914383561644
3,214,CRC,21.0,142.5625,85.75
3,215,CRC,21.49746192893401,160.01522842639594,75.15736040609137
3,216,CRC,21.535714285714285,174.0595238095238,87.06547619047619
3,217,CRC,21.67111111111111,176.88888888888889,122.39555555555556
3,218,CRC,22.118616144975288,173.3014827018122,104.31136738056011
3,219,CRC,21.0,184.5076923076923,145.8
3,220,WT,22.53809523809524,79.30952380952381,119.93809523809524
3,221,WT,23.05,91.775,118.2475
3,222,WT,22.944111776447105,102.5369261477046,109.19560878243512
3,223,WT,22.726546906187625,101.96806387225548,134.5808383233533
3,224,CRC,22.54811715481172,112.09832635983264,86.40585774058577
3,225,WT,22.98066783831283,117.63796133567662,112.50263620386644
3,226,CRC,22.0,119.5625,94.57142857142856
3,227,WT,23.14736842105264,125.7157894736842,129.84473684210528
3,228,CRC,22.76807980049876,134.46134663341647,96.63092269326684
3,229,CRC,22.452830188679247,143.8176100628931,82.5
3,230,CRC,23.06393861892583,139.4475703324808,113.91048593350384
3,231,CRC,22.0,156.84756097560975,156.89634146341464
3,232,CRC,23.046413502109704,157.5210970464135,128.85443037974684
3,233,CRC,22.831144465290805,160.65290806754223,116.46904315196998
3,234,WT,23.48813559322034,111.65084745762712,134.0813559322034
3,235,CRC,23.329457364341085,147.34302325581396,143.19573643410854
4,1,CRC,4.0,38.52282157676349,154.50207468879668
4,2,CRC,4.654891304347826,38.11413043478261,92.80434782608695
4,3,WT,5.561475409836065,51.77663934426229,192.74590163934425
4,4,WT,4.825962910128388,50.975748930099854,125.49928673323824
4,5,WT,4.631799163179917,65.31380753138075,146.50836820083683
4,6,WT,4.847727272727273,66.175,159.46136363636364
4,7,WT,4.445086705202312,59.70520231213873,110.3815028901734
4,8,WT,4.0,62.539906103286384,187.6150234741784
4,9,CRC,4.8463414634146345,65.13170731707316,87.30975609756098
4,10,WT,5.043032786885246,67.18442622950819,218.719262295082
4,11,WT,4.960093896713615,71.72769953051643,97.75821596244133
4,12,WT,4.4,75.57283950617284,173.21234567901234
4,13,WT,4.0,76.6984126984127,114.42857142857144
4,14,WT,4.573232323232324,80.26010101010101,77.18939393939394
4,15,WT,5.729425028184893,83.46786922209695,199.83765501691093
4,16,WT,5.092063492063492,81.20952380952382,122.15555555555557
4,17,WT,4.827371695178849,88.61897356143079,145.81804043545878
4,18,WT,4.46969696969697,88.39015151515152,179.5909090909091
4,19,WT,4.673563218390805,91.0712643678161,159.79770114942528
4,20,WT,4.960079840319361,94.95808383233532,119.8502994011976
4,21,WT,4.905241935483871,95.89112903225806,212.39112903225808
4,22,WT,4.5,101.0625,76.5375
4,23,WT,4.938230383973289,102.23539232053422,96.4457429048414
4,24,CRC,4.0,104.1076923076923,41.92307692307692
4,25,WT,4.9784172661870505,108.08453237410072,116.41187050359711
4,26,WT,5.004273504273504,102.40811965811966,175.4059829059829
4,27,WT,4.858719646799117,106.79470198675496,149.87637969094922
4,28,WT,4.517808219178082,108.71780821917808,64.21643835616439
4,29,WT,4.558024691358025,107.720987654321,192.4987654320988
4,30,WT,4.867617107942974,112.949083503055,136.9002036659878
4,31,WT,5.086776859504132,118.11776859504133,211.95454545454547
4,32,WT,5.020594965675057,120.62471395881006,162.94736842105263
4,33,WT,4.34971098265896,134.73410404624278,87.77745664739885
4,34,WT,5.156488549618321,129.66603053435114,151.793893129771
4,35,WT,4.0,128.69747899159665,183.65546218487395
4,36,WT,5.151041666666667,137.54947916666666,100.1015625
4,37,WT,4.380743982494529,142.04814004376368,124.57330415754925
4,38,CRC,4.0,143.56028368794327,22.8581560283688
4,39,WT,4.870175438596491,150.14385964912282,154.81052631578947
4,40,CRC,4.0,150.7258064516129,65.65322580645162
4,41,WT,4.833333333333333,155.66858237547893,117.73946360153256
4,42,CRC,4.75249500998004,160.44111776447104,170.84031936127744
4,43,CRC,4.408624229979466,162.95277207392198,186.35728952772075
4,44,WT,4.818984547461369,161.7130242825607,96.52317880794702
4,45,WT,4.482658959537572,178.6387283236994,117.0057803468208
4,46,CRC,4.0,177.10294117647058,154.77941176470588
4,47,CRC,4.613691931540342,183.3422982885085,148.3080684596577
4,48,CRC,4.498817966903073,191.2174940898345,161.47044917257682
4,49,CRC,4.716292134831461,193.96067415730337,121.60955056179776
4,50,CRC,4.68125,205.15,89.7375
4,51,CRC,4.924914675767918,206.1160409556314,137.38907849829351
4,52,CRC,5.917613636363637,212.61789772727272,149.2755681818182
4,53,CRC,5.0,26.57575757575757,152.12121212121212
4,54,CRC,5.0,28.307692307692307,129.1846153846154
4,55,WT,6.9013333333333335,38.04666666666667,186.88933333333333
4,56,WT,6.218274111675127,38.1015228426396,136.98477157360406
4,57,WT,6.309623430962343,44.06276150627615,157.46443514644352
4,58,WT,5.0,45.09558823529412,148.52941176470588
4,59,WT,5.0,49.34965034965035,214.15384615384616
4,60,WT,5.0,50.13131313131313,201.8080808080808
4,61,WT,5.531835205992509,54.31086142322097,104.1685393258427
4,62,WT,5.0,57.80152671755725,159.01526717557252
4,63,WT,5.0,59.07079646017699,139.4070796460177
4,64,WT,5.0,59.49618320610687,196.4732824427481
4,65,WT,5.0,61.795918367346935,182.08163265306123
4,66,WT,5.0,63.55696202531646,121.70886075949367
4,67,WT,5.0,74.62566844919786,183.02673796791444
4,68,WT,5.537234042553192,76.78191489361703,108.3936170212766
4,69,WT,5.0,82.61658031088083,137.9896373056995
4,70,CRC,5.0,100.23118279569891,52.876344086021504
4,71,CRC,5.0,104.1904761904762,38.23809523809524
4,72,WT,5.665689149560118,117.20527859237536,88.42228739002933
4,73,WT,5.0,125.23737373737374,177.6818181818182
4,74,WT,5.495081967213115,129.23934426229508,83.98360655737704
4,75,WT,5.422442244224422,131.26072607260727,189.24422442244224
4,76,WT,5.550522648083624,129.74912891986062,126.50174216027877
4,77,WT,5.695014662756599,133.16129032258064,63.62756598240469
4,78,WT,5.371647509578544,137.1992337164751,198.5823754789272
4,79,WT,5.574534161490683,146.15217391304347,129.1086956521739
4,80,CRC,5.0,144.0,19.5
4,81,WT,5.560165975103734,147.0207468879668,175.75103734439833
4,82,CRC,6.326797385620915,154.48529411764707,206.73366013071896
4,83,CRC,5.0,150.38095238095238,42.095238095238095
4,84,CRC,5.0,150.8846153846154,61.19230769230769
4,85,WT,5.584302325581396,152.6627906976744,77.42441860465117
4,86,CRC,5.42910447761194,165.1679104477612,193.3992537313433
4,87,WT,5.0,166.20574162679426,118.90430622009568
4,88,CRC,5.49290780141844,179.35106382978722,128.57801418439718
4,89,WT,5.578461538461538,183.9876923076923,100.98461538461538
4,90,WT,11.335125448028672,26.20848267622461,119.77359617682198
4,91,WT,6.583333333333333,34.245370370370374,151.13425925925927
4,92,WT,11.373299748110831,32.45743073047859,200.382871536524
4,93,WT,6.0,40.52586206896552,144.57758620689654
4,94,WT,7.081206496519721,40.39907192575406,105.87470997679814
4,95,WT,11.132641291810842,50.96193771626297,228.8148788927336
4,96,WT,6.425531914893617,52.39716312056738,92.8900709219858
4,97,CRC,6.0,56.53508771929825,84.02631578947368
4,98,CRC,6.444805194805195,65.6461038961039,73.60064935064935
4,99,WT,6.0,65.3132530120482,115.60240963855422
4,100,CRC,6.43125,73.565625,52.64375
4,101,WT,6.0,75.0,163.59166666666667
4,102,WT,7.31722428748451,76.86864931846344,228.6109045848823
4,103,WT,6.592156862745098,77.29019607843138,133.1607843137255
4,104,WT,6.0,78.73958333333333,177.20833333333334
4,105,WT,6.0,84.62162162162163,186.3310810810811
4,106,WT,6.0,86.88059701492537,65.19402985074628
4,107,CRC,6.0,92.66666666666669,46.56613756613756
4,108,WT,6.0,96.79569892473118,79.81720430107526
4,109,WT,7.595744680851064,101.72872340425532,223.3063829787234
4,110,WT,6.0,107.97222222222224,56.86666666666667
4,111,WT,6.0,108.97894736842105,67.07368421052631
4,112,CRC,6.0,110.66310160427808,45.10160427807487
4,113,CRC,6.0,134.17821782178217,214.7920792079208
4,114,WT,6.0,147.3684210526316,194.73684210526315
4,115,WT,6.391666666666667,151.28333333333333,63.325
4,116,WT,6.0,160.561797752809,178.17977528089887
4,117,WT,6.55,163.43,98.77
4,118,WT,6.572438162544169,168.6042402826855,75.39575971731449
4,119,CRC,6.0,174.93191489361703,67.28510638297873
4,120,WT,6.0,171.91304347826087,116.71014492753623
4,121,CRC,11.917085427135678,181.2575376884422,207.3785594639866
4,122,CRC,7.261484098939929,190.85865724381625,69.71024734982332
4,123,CRC,7.01423487544484,197.55871886121,187.5017793594306
4,124,CRC,6.370909090909091,195.4872727272728,99.93818181818182
4,125,CRC,6.0,205.3265306122449,157.77551020408163
4,126,CRC,6.0,204.83018867924528,88.62264150943396
4,127,CRC,6.0,207.82781456953643,110.98675496688742
4,128,WT,11.35445205479452,22.14383561643836,135.9820205479452
4,129,WT,11.481711525189786,29.536231884057973,105.99447895100069
4,130,WT,7.638613861386139,28.60643564356436,159.62871287128712
4,131,WT,7.0,35.141843971631204,197.1914893617021
4,132,WT,7.660574412532637,47.391644908616186,81.96083550913838
4,133,CRC,11.59326563335115,45.753607696419024,67.4404061998931
4,134,WT,7.0,56.15555555555556,96.44444444444444
4,135,WT,7.237154150197629,61.87351778656127,171.4189723320158
4,136,WT,7.514018691588785,70.5202492211838,206.20872274143304
4,137,CRC,7.60431654676259,75.12589928057554,38.97841726618705
4,138,WT,7.0,90.44144144144144,201.3333333333333
4,139,CRC,7.413612565445026,93.717277486911,35.167539267015705
4,140,WT,7.0,100.88607594936708,214.8481012658228
4,141,CRC,7.413559322033898,119.1186440677966,38.37627118644068
4,142,WT,7.866180048661801,127.7785888077859,223.7785888077859
4,143,WT,7.646209386281589,145.3826714801444,48.25631768953068
4,144,WT,7.522222222222222,148.27777777777777,216.0222222222222
4,145,CRC,7.69364161849711,219.66281310211943,107.26396917148362
4,146,CRC,12.982825917252146,234.2357533177205,124.18969555035127
4,147,WT,9.648471615720524,27.86244541484716,189.8231441048035
4,148,WT,8.623376623376624,33.701298701298704,142.5064935064935
4,149,WT,10.685661764705882,36.744485294117645,178.16544117647058
4,150,WT,8.0,56.84297520661157,232.8264462809917
4,151,CRC,9.382581648522551,62.06531881804044,46.79471228615863
4,152,WT,10.96244131455399,70.93333333333334,240.44413145539903
4,153,CRC,8.217898832684824,170.52529182879377,56.72762645914397
4,154,CRC,9.035398230088497,219.16519174041292,90.53097345132744
4,155,CRC,12.880462079357107,228.33852335509795,158.81064791562028
4,156,WT,12.951584507042254,20.176056338028168,149.3987676056338
4,157,WT,12.373086220789686,40.52296535052377,215.59548751007253
4,158,WT,12.980625931445603,34.70193740685544,84.5715350223547
4,159,WT,9.0,42.5,168.90322580645162
4,160,WT,10.463178294573645,57.29651162790697,237.1220930232558
4,161,WT,12.593959731543624,95.18791946308724,240.07802013422813
4,162,WT,12.678725236864771,127.00602928509905,233.46942291128337
4,163,WT,10.04109589041096,144.1013698630137,226.13424657534247
4,164,CRC,9.943488943488944,151.33660933660934,30.137592137592137
4,165,CRC,11.915576694411415,172.5755053507729,35.66468489892984
4,166,WT,12.5656146179402,164.74086378737542,220.36960132890368
4,167,WT,9.990384615384617,177.31490384615384,47.29567307692308
4,168,CRC,9.896969696969697,193.719191919192,57.06868686868687
4,169,WT,11.839641434262948,203.093625498008,195.12250996015936
4,170,CRC,11.339103869653767,213.89816700611,182.5906313645621
4,171,WT,10.0,16.524590163934427,118.62295081967213
4,172,WT,11.772046589018302,19.723793677204657,162.32445923460898
4,173,WT,11.574603174603174,20.28253968253968,175.76190476190476
4,174,WT,10.51968503937008,26.97244094488189,87.45275590551181
4,175,WT,10.405555555555557,30.022222222222226,161.13333333333333
4,176,CRC,12.5203426124197,49.74732334047109,49.40899357601713
4,177,CRC,12.790739091718612,70.40071237756011,32.51558325912734
4,178,WT,12.412607449856733,82.74785100286533,243.08739255014328
4,179,CRC,10.723756906077348,93.1767955801105,26.01657458563536
4,180,WT,10.36065573770492,107.18032786885246,231.73224043715848
4,181,WT,10.47549019607843,131.1421568627451,232.87254901960785
4,182,CRC,12.400442477876108,222.4988938053097,76.20685840707965
4,183,CRC,14.30708092485549,230.02312138728325,93.22760115606935
4,184,CRC,10.91186440677966,231.7525423728813,136.58305084745763
4,185,WT,11.69767441860465,61.325581395348834,242.2093023255814
4,186,WT,13.881067961165048,111.6504854368932,237.4114077669903
4,187,CRC,13.648148148148149,110.51307189542484,17.374727668845317
4,188,CRC,13.213622291021672,131.53869969040247,17.61609907120743
4,189,CRC,11.48051948051948,156.21645021645023,23.151515151515152
4,190,CRC,15.729799612152553,165.4169360051713,31.54169360051713
4,191,CRC,13.809722222222222,203.1027777777778,48.475
4,192,CRC,13.482300884955752,237.03097345132744,111.13274336283186
4,193,WT,15.141255605381168,30.39910313901345,173.2982062780269
4,194,WT,15.705014749262537,92.8731563421829,223.82005899705013
4,195,WT,15.341232227488153,149.0781990521327,225.478672985782
4,196,WT,16.368852459016395,77.48770491803279,214.50819672131144
4,197,CRC,15.51,98.69,19.73
4,198,CRC,15.40625,190.3515625,38.7265625
4,199,WT,15.996197718631178,192.17110266159696,180.9885931558936
4,200,CRC,17.611473272490223,192.57627118644064,56.40938722294654
4,201,CRC,15.97835497835498,217.1774891774892,64.37229437229438
4,202,WT,17.008902077151337,68.07418397626112,61.916913946587535
4,203,WT,16.628318584070797,128.46017699115043,211.9823008849557
4,204,WT,16.0,146.1011235955056,212.73033707865167
4,205,WT,17.264827586206895,204.8606896551724,187.7944827586207
4,206,WT,17.0,41.01204819277108,195.32530120481928
4,207,WT,17.0,52.903225806451616,123.90322580645162
4,208,CRC,18.657692307692308,90.28076923076924,52.01923076923077
4,209,WT,19.047047970479703,98.2629151291513,186.23062730627305
4,210,WT,17.0,110.66666666666669,214.34375
4,211,CRC,18.9192348565356,114.71200850159404,39.64399574920298
4,212,WT,18.70756646216769,124.12678936605316,197.07566462167688
4,213,WT,17.594306049822062,147.97153024911032,202.3879003558719
4,214,CRC,17.495652173913044,219.38260869565212,171.2
4,215,CRC,18.27838827838828,233.55311355311355,138.21978021978023
4,216,WT,18.81611570247934,61.72314049586777,117.23347107438016
4,217,WT,18.57963446475196,62.77284595300261,136.18015665796344
4,218,WT,18.581920903954803,66.454802259887,90.98305084745763
4,219,WT,18.0,80.75630252100841,201.28571428571428
4,220,WT,19.5296875,141.9515625,189.2125
4,221,WT,18.759894459102902,162.5699208443272,187.52506596306068
4,222,CRC,18.0,190.5,72.89189189189189
4,223,CRC,18.0,215.12337662337663,70.77922077922078
4,224,CRC,19.912,80.9024,99.2992
4,225,WT,19.681818181818183,85.79797979797979,159.04545454545453
4,226,WT,20.47992700729927,120.05109489051095,176.78284671532847
4,227,CRC,19.53824362606232,143.37960339943342,47.51558073654391
4,228,WT,20.032828282828284,160.83838383838383,172.7651515151515
4,229,CRC,19.0,187.3308823529412,166.31617647058823
4,230,WT,20.0,69.53333333333333,130.44166666666666
4,231,WT,20.0,73.04166666666667,156.54166666666666
4,232,WT,20.27927927927928,80.26576576576576,142.49099099099098
4,233,WT,20.892857142857142,79.875,114.46428571428572
4,234,CRC,20.994035785288272,89.87872763419483,90.1351888667992
4,235,WT,21.07170542635659,91.3217054263566,138.4418604651163
4,236,WT,20.734939759036145,102.23373493975905,165.344578313253
4,237,CRC,21.058536585365854,109.00650406504064,73.3869918699187
4,238,CRC,20.437751004016064,110.07228915662652,57.024096385542165
4,239,WT,20.955399061032864,119.19953051643192,161.48591549295776
4,240,WT,20.0,124.375,154.27083333333334
4,241,CRC,21.01441441441441,132.23243243243243,63.394594594594594
4,242,WT,21.01814058956916,139.13832199546485,167.4331065759637
4,243,WT,21.866779089376053,103.47723440134908,121.90219224283304
4,244,WT,21.93490054249548,102.49547920433996,141.9873417721519
4,245,CRC,22.012326656394453,118.16024653312788,93.24961479198768
4,246,WT,22.127551020408163,123.16496598639456,152.13945578231292
4,247,WT,22.080831408775985,150.83140877598152,156.95842956120092
4,248,WT,21.52707581227437,164.2057761732852,166.50902527075812
4,249,CRC,21.728,176.03466666666668,150.25866666666667
4,250,CRC,21.916230366492147,187.291884816754,89.81544502617801
4,251,CRC,22.0,105.42857142857144,92.78571428571428
4,252,WT,22.93388429752066,117.2995867768595,117.80578512396694
4,253,WT,22.91840277777778,128.05902777777777,141.54513888888889
4,254,CRC,22.491935483870968,128.71774193548387,100.96370967741936
4,255,WT,22.548872180451127,131.16165413533835,112.70676691729324
4,256,CRC,23.10086956521739,141.09217391304347,131.29565217391306
4,257,CRC,22.53317535545024,147.83649289099526,94.99526066350712
4,258,WT,22.724743777452417,157.67642752562224,82.84919472913616
4,259,CRC,22.53061224489796,159.6122448979592,142.0408163265306
4,260,CRC,23.12833333333333,168.135,128.51833333333337
4,261,CRC,22.0,171.83333333333334,67.19047619047619
4,262,CRC,22.40748898678414,186.4933920704846,115.11233480176212
4,263,CRC,22.0,202.3709677419355,124.14516129032258
4,264,CRC,23.476608187134502,153.91812865497076,113.35380116959064
4,265,CRC,23.51475409836065,170.4688524590164,109.25245901639344
5,1,WT,14.049825174825177,40.77622377622377,162.39772727272728
5,2,WT,13.227456258411843,44.73755047106326,110.11305518169584
5,3,WT,12.237024221453288,71.12110726643598,122.44809688581314
5,4,WT,11.0,75.48275862068965,177.18965517241378
5,5,WT,12.206680584551147,80.4634655532359,100.2713987473904
5,6,WT,12.185567010309278,82.83848797250859,116.01030927835052
5,7,WT,12.11111111111111,94.82777777777778,150.95
5,8,WT,12.311111111111112,93.5959595959596,164.8909090909091
5,9,WT,12.062992125984252,95.00524934383202,126.33070866141732
5,10,WT,12.132827324478178,98.14800759013282,110.01328273244782
5,11,WT,11.0,108.87640449438204,84.48314606741573
5,12,WT,12.812061711079943,114.72230014025246,129.0827489481066
5,13,WT,12.317567567567568,112.76576576576576,105.7837837837838
5,14,WT,12.270793036750485,117.61895551257254,151.50096711798838
5,15,WT,12.507829977628637,115.1331096196868,78.69463087248322
5,16,CRC,12.082815734989648,129.17805383022775,223.38302277432712
5,17,WT,12.581059390048154,130.40449438202248,164.51685393258427
5,18,WT,11.874782608695652,144.24173913043478,205.40869565217392
5,19,CRC,11.0,148.0,61.72058823529412
5,20,CRC,11.676923076923076,149.3846153846154,31.28717948717949
5,21,WT,12.9695885509839,149.78354203935598,91.4597495527728
5,22,WT,12.5,155.61410788381744,140.3734439834025
5,23,CRC,11.463054187192116,161.95073891625617,69.08866995073892
5,24,WT,12.358934169278998,166.36363636363637,155.42163009404388
5,25,CRC,11.0,168.6,195.4434782608696
5,26,WT,11.512534818941504,167.87465181058496,92.49860724233984
5,27,WT,12.28358208955224,171.15858208955223,188.11753731343285
5,28,CRC,12.56132075471698,182.372641509434,173.12735849056602
5,29,WT,11.0,184.8943661971831,148.1549295774648
5,30,CRC,12.302267002518892,195.3022670025189,131.0831234256927
5,31,CRC,12.276051188299816,198.57221206581352,157.3162705667276
5,32,CRC,12.21911421911422,220.71561771561773,106.17249417249415
5,33,CRC,12.0,36.770270270270274,146.63513513513513
5,34,WT,12.563953488372093,63.41279069767442,149.1918604651163
5,35,WT,12.0,63.5,155.58333333333334
5,36,WT,13.736296296296295,67.68,199.51703703703703
5,37,WT,12.0,70.00740740740741,186.66666666666663
5,38,WT,12.503246753246753,76.87662337662337,168.44480519480518
5,39,WT,13.00189393939394,75.37310606060606,212.5909090909091
5,40,WT,12.5126582278481,79.22151898734177,139.7120253164557
5,41,WT,12.928449744463371,86.98807495741056,184.9199318568995
5,42,WT,12.0,90.48113207547168,201.2264150943396
5,43,WT,12.975770925110131,93.01982378854626,196.39647577092512
5,44,WT,12.876267748478702,102.31237322515211,210.0425963488844
5,45,WT,12.597560975609756,109.91158536585364,171.0731707317073
5,46,WT,12.547738693467336,117.8994974874372,192.05527638190955
5,47,WT,12.0,121.36170212765956,141.63829787234042
5,48,WT,13.029017857142858,133.92633928571428,75.45535714285714
5,49,WT,12.598574821852733,137.30878859857484,185.0308788598575
5,50,WT,12.726470588235294,136.73235294117646,140.71470588235294
5,51,WT,12.0,138.15740740740742,107.55555555555556
5,52,WT,13.05422993492408,137.42082429501085,121.91540130151844
5,53,CRC,12.0,148.44776119402985,13.932835820895525
5,54,WT,12.56980056980057,149.4102564102564,196.23361823361824
5,55,CRC,12.0,145.07692307692307,67.46153846153847
5,56,WT,12.678217821782178,156.77227722772278,169.77227722772278
5,57,CRC,13.378238341968911,156.18998272884284,223.1727115716753
5,58,WT,12.767441860465116,168.40250447227191,116.46332737030411
5,59,WT,12.487903225806452,172.31854838709677,138.93145161290323
5,60,CRC,12.495440729483285,174.5775075987842,212.92705167173253
5,61,WT,12.0,176.89655172413794,101.5632183908046
5,62,WT,12.731266149870802,181.90439276485787,123.24547803617573
5,63,CRC,12.0,201.89908256880733,122.79816513761467
5,64,CRC,12.402714932126695,212.0814479638009,142.95927601809956
5,65,WT,13.0,44.73853211009175,146.87614678899084
5,66,WT,13.0,56.29268292682927,123.48170731707316
5,67,WT,13.0,56.45695364238411,200.47682119205297
5,68,WT,13.0,60.22077922077922,138.19480519480518
5,69,CRC,13.691666666666666,64.60555555555555,104.25277777777778
5,70,WT,13.38953488372093,73.46511627906976,160.29651162790697
5,71,WT,13.44059405940594,83.17079207920793,88.35396039603961
5,72,CRC,13.0,84.27586206896552,70.4039408866995
5,73,WT,13.0,91.0909090909091,142.06565656565655
5,74,WT,14.350909090909092,97.4018181818182,220.2963636363636
5,75,WT,13.0,103.63636363636364,179.5064935064935
5,76,WT,13.0,107.61666666666666,87.85833333333333
5,77,WT,13.0,108.515625,135.078125
5,78,WT,13.0,119.5897435897436,96.4102564102564
5,79,WT,13.246913580246911,124.8148148148148,212.8559670781893
5,80,WT,13.4375,134.0340909090909,103.08522727272728
5,81,WT,13.41826923076923,145.35096153846155,110.0
5,82,WT,13.517857142857142,155.17857142857142,214.2946428571429
5,83,WT,13.434042553191489,157.82127659574468,119.34468085106384
5,84,WT,13.0,158.4758064516129,98.69354838709675
5,85,WT,13.59214501510574,162.25075528700907,79.65256797583082
5,86,WT,13.37735849056604,179.31446540880503,91.59748427672956
5,87,CRC,13.404907975460125,184.6932515337424,148.30061349693253
5,88,CRC,13.0,186.6178861788618,194.9512195121951
5,89,WT,13.321554770318022,190.8833922261484,100.83745583038868
5,90,CRC,13.0,200.58461538461532,172.65384615384616
5,91,CRC,13.0,202.43312101910828,181.7515923566879
5,92,CRC,13.524361948955915,205.32250580046403,108.69373549883991
5,93,CRC,13.0,211.7349397590361,157.81927710843374
5,94,CRC,13.5024154589372,226.66666666666663,132.32367149758454
5,95,WT,15.562659846547314,41.732736572890026,191.2621483375959
5,96,WT,14.504322766570604,47.14985590778098,129.59942363112393
5,97,WT,14.0,50.94186046511628,117.6279069767442
5,98,WT,14.0,60.15384615384615,209.62937062937064
5,99,CRC,16.128185328185328,62.21930501930502,69.91428571428571
5,100,WT,14.0,66.5,156.04716981132074
5,101,CRC,14.0,69.72815533980582,88.18446601941747
5,102,WT,14.97228637413395,70.17090069284065,235.90531177829092
5,103,CRC,14.968576709796674,77.43622920517561,52.64140480591497
5,104,WT,14.0,76.46875,142.09375
5,105,WT,14.364341085271318,81.91472868217055,131.14728682170542
5,106,CRC,14.0,86.890625,65.21875
5,107,WT,14.0,85.60759493670886,101.17721518987342
5,108,CRC,14.0,88.71794871794872,54.1965811965812
5,109,CRC,14.0,91.59748427672956,74.55974842767296
5,110,WT,14.0,101.02424242424244,229.0
5,111,CRC,14.532352941176471,114.91764705882352,50.18235294117647
5,112,WT,14.46132596685083,118.11325966850828,65.30939226519337
5,113,WT,14.0,127.04580152671755,231.0152671755725
5,114,WT,14.0,128.72727272727272,218.05454545454543
5,115,CRC,14.827235772357724,135.3861788617886,42.92479674796748
5,116,WT,14.0,133.6164383561644,80.9041095890411
5,117,CRC,14.0,137.05555555555554,226.9537037037037
5,118,WT,14.588039867109634,163.7674418604651,66.79401993355482
5,119,CRC,14.931596091205211,166.79478827361564,232.41042345276875
5,120,WT,14.0,164.06976744186048,99.3720930232558
5,121,WT,14.0,187.84615384615384,80.99230769230769
5,122,WT,14.0,192.4,91.952
5,123,CRC,14.0,199.58695652173915,80.43478260869566
5,124,CRC,14.3542600896861,211.7085201793722,196.2152466367713
5,125,CRC,14.0,219.7692307692308,178.36752136752136
5,126,CRC,14.557251908396946,232.2620865139949,158.941475826972
5,127,WT,20.568441064638783,23.35598859315589,136.04515209125475
5,128,WT,18.512838306731435,23.615544760582928,147.3476752255378
5,129,WT,15.416413373860182,33.808510638297875,155.67477203647417
5,130,WT,19.82579185520362,27.567307692307693,112.66572398190046
5,131,WT,19.837029893924782,40.49228543876567,213.0019286403086
5,132,WT,20.336394948335247,35.337543053960964,93.01894374282432
5,133,WT,15.55609756097561,51.11707317073171,220.46829268292683
5,134,CRC,15.0,59.66901408450704,95.59154929577464
5,135,WT,15.0,63.48514851485149,174.96039603960395
5,136,WT,18.02434782608696,51.03478260869565,231.7834782608696
5,137,WT,15.0,68.27272727272727,226.5619834710744
5,138,WT,15.402826855123674,101.35335689045937,235.5971731448764
5,139,CRC,16.007058823529412,113.00470588235294,33.10117647058824
5,140,WT,16.226697353279633,121.20828538550056,244.9332566168009
5,141,WT,15.527586206896553,142.02758620689656,236.77241379310345
5,142,WT,15.0,146.35353535353536,65.47979797979798
5,143,CRC,15.469090909090909,155.84363636363636,239.05454545454543
5,144,CRC,16.25,167.60773480662982,40.959944751381215
5,145,CRC,15.0,184.1833333333333,54.6
5,146,CRC,15.913279132791327,188.99457994579944,228.80216802168025
5,147,CRC,15.812182741116752,209.19035532994923,214.43908629441623
5,148,CRC,15.448844884488448,203.6072607260726,72.20132013201321
5,149,CRC,15.45029239766082,218.1140350877193,87.23976608187135
5,150,CRC,15.432432432432432,221.963963963964,196.4384384384384
5,151,CRC,15.426751592356688,230.8789808917197,113.86624203821655
5,152,CRC,15.0,226.5108695652174,182.18478260869568
5,153,CRC,15.422960725075528,238.190332326284,129.33534743202418
5,154,WT,16.0,42.77272727272727,122.39090909090908
5,155,WT,16.283783783783782,48.5777027027027,85.625
5,156,WT,16.0,49.55,180.54
5,157,CRC,16.716814159292035,67.31858407079646,46.969026548672566
5,158,WT,16.493927125506072,74.46963562753037,246.0647773279352
5,159,CRC,20.213563355145748,83.44497323022011,30.52885187388459
5,160,WT,18.610508757297747,78.70308590492077,248.85487906588824
5,161,WT,16.0,100.5,250.2037037037037
5,162,WT,16.0,153.75,51.93
5,163,WT,16.0,162.9,67.7
5,164,WT,16.513157894736842,171.91447368421052,54.0921052631579
5,165,CRC,17.489563567362428,185.19165085389,47.29222011385199
5,166,WT,16.72701949860724,188.0640668523677,64.11977715877437
5,167,CRC,16.782608695652176,220.68115942028984,71.92173913043479
5,168,CRC,16.64139941690962,229.24198250728864,89.66472303206997
5,169,CRC,20.75428313796213,241.63796212804328,185.7416591523896
5,170,CRC,16.0,241.8067632850241,155.82125603864733
5,171,WT,17.99097065462754,23.489841986455986,179.431151241535
5,172,WT,17.0,24.141414141414145,128.14141414141417
5,173,WT,17.860158311345646,30.53825857519789,103.83905013192611
5,174,WT,17.0,29.388349514563107,195.4271844660194
5,175,WT,20.805790960451976,42.80367231638418,71.10381355932203
5,176,WT,17.0,99.21428571428572,245.67857142857144
5,177,WT,18.89179104477612,103.57929104477611,256.9085820895522
5,178,WT,18.490683229813666,133.72049689440993,250.94616977225672
5,179,WT,18.68,152.22666666666666,248.64222222222224
5,180,WT,21.751149425287355,165.7051724137931,246.1103448275862
5,181,WT,21.188628762541807,186.14046822742475,238.62408026755853
5,182,WT,18.024608501118568,202.5771812080537,226.7337807606264
5,183,CRC,17.73828125,203.25,57.33203125
5,184,CRC,22.08522050059595,213.53694874851013,50.78069129916568
5,185,CRC,17.680345572354213,242.6673866090713,112.4060475161987
5,186,WT,17.0,238.68686868686868,175.74747474747474
5,187,CRC,17.0,246.18,148.17
5,188,WT,18.0,22.54615384615385,123.05384615384617
5,189,WT,20.17588932806324,21.638339920948617,163.61166007905138
5,190,WT,20.237650200267023,23.001335113484647,186.8531375166889
5,191,WT,20.23153409090909,30.609375,199.32386363636363
5,192,WT,18.51931330472103,41.88841201716738,227.33476394849785
5,193,WT,21.79202772963605,64.38532640092433,243.527440785673
5,194,CRC,18.53846153846154,67.8119658119658,38.30769230769231
5,195,CRC,18.5245283018868,124.95094339622642,23.18867924528302
5,196,CRC,19.583586626139816,162.57142857142858,27.417933130699087
5,197,CRC,19.834963325183374,187.4975550122249,35.71393643031785
5,198,CRC,18.33453237410072,222.7841726618705,211.5575539568345
5,199,CRC,18.0,235.1046511627907,86.27906976744185
5,200,CRC,21.86681715575621,253.12979683972912,164.68848758465012
5,201,CRC,21.46972176759411,257.0916530278232,144.7872340425532
5,202,CRC,20.53061224489796,56.21768707482993,46.7469387755102
5,203,WT,19.0,64.73484848484848,246.0606060606061
5,204,WT,22.427963094393185,87.22427253371185,253.58836053938964
5,205,WT,22.79291553133515,115.69277929155314,255.0742506811989
5,206,CRC,19.35897435897436,196.5299145299145,46.16666666666666
5,207,WT,21.23392857142857,211.0482142857143,227.26071428571427
5,208,WT,19.0,215.5681818181818,217.0340909090909
5,209,CRC,19.0,232.76,198.19
5,210,CRC,21.334349593495936,235.4878048780488,203.27540650406505
5,211,CRC,19.0,236.50785340314133,79.12041884816755
5,212,CRC,19.58723404255319,249.5276595744681,105.43404255319147
5,213,CRC,19.57657657657657,255.37387387387383,131.0
5,214,WT,20.53726708074534,23.46894409937888,170.80124223602485
5,215,CRC,21.38562091503268,110.62091503267972,18.174291938997825
5,216,WT,23.241103848946985,141.32679738562092,251.41249092229484
5,217,CRC,21.618577075098813,236.52371541501967,64.9505928853755
5,218,CRC,23.984496124031008,240.0844099913868,74.84754521963825
5,219,CRC,23.77665827036104,260.33837111670863,117.51805205709488
5,220,WT,21.535971223021583,23.431654676259,116.44604316546764
5,221,WT,21.88815789473684,50.35526315789474,235.8311403508772
5,222,CRC,23.59780621572212,169.27879341864715,24.70018281535649
5,223,WT,24.084779706275032,227.82843791722297,208.1935914552737
5,224,CRC,21.533123028391167,223.0946372239748,53.337539432176655
5,225,CRC,22.0,51.368,55.608
5,226,WT,24.816931216931216,212.2962962962963,223.74708994709
5,227,CRC,22.661538461538463,253.03846153846155,91.3923076923077
5,228,CRC,22.47953216374269,262.1169590643275,123.80701754385964
5,229,WT,23.58477508650519,60.80968858131488,240.71626297577853
5,230,WT,23.402877697841728,102.92086330935253,254.1043165467626
5,231,CRC,23.66190476190476,136.76666666666668,19.99047619047619
5,232,WT,24.97528089887641,205.8426966292135,191.91460674157304
5,233,WT,24.0,30.0126582278481,187.62025316455697
5,234,WT,25.020227560050568,73.27054361567636,218.826801517067
5,235,CRC,25.46188340807175,92.68609865470852,48.1644245142003
5,236,WT,24.64801864801865,119.78787878787878,234.27272727272728
5,237,WT,24.892276422764223,158.5040650406504,229.1117886178862
5,238,WT,25.0,28.94915254237288,121.23728813559322
5,239,WT,25.0,41.27835051546392,80.6082474226804
5,240,WT,25.0,44.008849557522126,210.6106194690265
5,241,CRC,27.837903225806453,76.45403225806452,88.23951612903225
5,242,WT,25.0,59.04166666666666,67.86111111111111
5,243,WT,26.13636363636364,82.97272727272727,60.11590909090909
5,244,WT,25.0,83.58888888888889,229.1
5,245,CRC,25.46124031007752,113.39922480620154,34.71705426356589
5,246,CRC,26.37796373779637,140.16039051603906,32.27615062761506
5,247,WT,25.49253731343284,204.38805970149247,197.0149253731344
5,248,CRC,26.38274932614556,254.4582210242588,98.68733153638814
5,249,WT,26.29694323144105,54.13973799126637,138.56331877729258
5,250,WT,26.96590909090909,113.6534090909091,226.5511363636364
5,251,WT,26.43362831858407,132.1504424778761,225.54424778761063
5,252,WT,26.525,151.075,225.0428571428572
5,253,WT,26.0,177.5,216.42424242424244
5,254,WT,27.11754966887417,186.4453642384106,202.85264900662253
5,255,CRC,26.0,197.68817204301075,38.064516129032256
5,256,CRC,27.622746185852986,255.62829403606105,134.95561719833563
5,257,WT,27.40562248995984,60.196787148594375,145.95983935742973
5,258,WT,27.0,58.07462686567164,99.01492537313432
5,259,WT,28.463917525773194,74.8430698739977,126.43986254295532
5,260,WT,27.0,73.62,183.32
5,261,WT,27.0,104.73684210526316,199.4736842105264
5,262,WT,27.0,117.3,245.42142857142852
5,263,WT,28.0,117.876582278481,216.9525316455696
5,264,WT,27.83219954648526,133.46938775510205,211.1496598639456
5,265,WT,27.929752066115704,166.45867768595042,212.03719008264463
5,266,CRC,27.743016759776538,221.9748603351956,73.26536312849161
5,267,CRC,27.508928571428573,231.8258928571429,87.74553571428571
5,268,WT,27.0,234.7131147540984,195.04098360655732
5,269,CRC,27.0,244.9090909090909,98.52727272727272
5,270,CRC,27.0,252.51677852349,156.751677852349
5,271,WT,28.0,60.78260869565217,132.5072463768116
5,272,WT,29.359767891682782,81.63442940038685,151.92263056092844
5,273,WT,29.446886446886445,86.97802197802197,105.04212454212454
5,274,CRC,28.0,88.79807692307692,87.4326923076923
5,275,WT,29.06617647058824,110.40686274509804,198.7083333333333
5,276,CRC,28.919421487603305,115.55785123966942,57.19834710743802
5,277,WT,29.561815336463223,120.61658841940532,187.57276995305165
5,278,WT,29.16590909090909,136.12727272727273,200.5159090909091
5,279,WT,28.558035714285715,150.11607142857142,207.34375
5,280,CRC,28.986263736263737,206.1510989010989,175.8653846153846
5,281,CRC,29.211488250652742,224.19973890339423,155.29503916449087
5,282,CRC,28.539267015706805,234.6858638743456,128.2198952879581
5,283,CRC,28.0,244.68085106382972,114.30851063829788
5,284,WT,29.45890410958904,92.9109589041096,160.1917808219178
5,285,WT,29.0,96.23333333333332,179.475
5,286,WT,30.11698717948718,103.76923076923076,164.5977564102564
5,287,CRC,29.0,125.28813559322032,51.20338983050848
5,288,WT,30.56866537717601,127.19922630560929,174.40038684719536
5,289,WT,30.473214285714285,160.89285714285714,188.2678571428572
5,290,WT,29.0,174.95454545454547,203.77272727272728
5,291,CRC,29.47422680412371,174.07731958762886,46.54639175257732
5,292,WT,29.0,181.0949367088608,192.27848101265823
5,293,CRC,29.0,206.75,72.96774193548387
5,294,CRC,30.64657980456026,210.76221498371336,115.7687296416938
5,295,CRC,29.50485436893204,227.1812297734628,140.5566343042071
5,296,WT,30.0,86.7603305785124,124.59504132231405
5,297,WT,30.475728155339805,90.60679611650484,140.45631067961165
5,298,WT,30.634666666666668,98.16533333333334,117.59733333333334
5,299,WT,31.20833333333333,107.60119047619048,133.31150793650792
5,300,WT,30.87638376383764,121.0129151291513,159.07564575645756
5,301,WT,30.915,141.725,185.3425
5,302,CRC,30.0,160.05084745762713,57.25423728813559
5,303,WT,31.007668711656443,165.51993865030676,174.47852760736197
5,304,CRC,30.0,176.93396226415095,165.18867924528303
5,305,CRC,31.024886877828056,188.1289592760181,163.8891402714932
5,306,WT,31.07191780821918,192.8972602739726,82.52739726027397
5,307,CRC,30.0,200.4,73.44615384615385
5,308,CRC,31.33252131546894,201.65408038976852,97.8380024360536
5,309,CRC,30.58,214.5,132.83333333333334
5,310,WT,31.49561403508772,104.359649122807,149.3684210526316
5,311,CRC,31.41522491349481,113.88581314878893,86.92387543252595
5,312,WT,32.002680965147455,124.5040214477212,144.61394101876675
5,313,CRC,31.84523809523809,136.19196428571428,87.11458333333333
5,314,WT,31.45337620578778,136.6881028938907,155.4501607717042
5,315,CRC,31.2853470437018,138.96401028277634,65.51156812339332
5,316,CRC,32.67632850241546,140.72946859903382,125.57165861513688
5,317,WT,32.91064257028113,147.53112449799198,145.70883534136547
5,318,WT,31.613483146067416,155.5123595505618,149.9707865168539
5,319,CRC,31.0,163.09150326797385,61.81699346405229
5,320,CRC,32.559375,173.2078125,128.75625
5,321,CRC,32.183098591549296,175.67605633802816,161.94600938967136
5,322,WT,31.91328413284133,177.070110701107,89.33763837638377
5,323,CRC,32.39414414414414,181.2004504504505,105.86036036036036
5,324,CRC,31.50841750841751,181.05050505050505,67.56902356902357
5,325,CRC,31.97229219143577,191.99244332493703,123.97481108312344
5,326,CRC,32.065934065934066,203.956043956044,141.53113553113553
5,327,CRC,32.0,100.0,112.9090909090909
5,328,WT,32.0,128.44230769230768,127.98076923076924
5,329,CRC,32.5,135.92241379310346,106.7442528735632
5,330,CRC,32.283687943262414,153.60283687943263,90.4609929078014
5,331,CRC,32.89578713968958,157.98447893569846,123.55875831485588
5,332,CRC,33.03482587064676,166.7213930348259,108.69900497512438
5,333,CRC,32.56071428571428,175.18928571428572,147.4607142857143
5,334,CRC,33.332688588007734,189.63442940038684,132.60348162475822
5,335,CRC,32.318407960199,196.6766169154229,152.19900497512438
5,336,CRC,33.57971014492754,153.69565217391303,113.95169082125604
6,1,WT,3.393333333333333,52.71333333333333,167.67333333333335
6,2,CRC,3.0,54.333333333333336,185.52380952380952
6,3,WT,3.507142857142857,79.62857142857143,181.5857142857143
6,4,WT,3.918918918918919,94.8198198198198,219.3477477477477
6,5,WT,3.9321663019693656,90.18161925601753,129.29321663019692
6,6,WT,3.872689938398357,91.50718685831622,151.07392197125256
6,7,WT,3.966597077244258,97.03549060542798,192.15866388308976
6,8,WT,4.019370460048426,99.86682808716706,179.18886198547216
6,9,WT,3.920517560073937,101.12939001848429,165.16820702402958
6,10,WT,3.391459074733096,104.59430604982208,128.12811387900356
6,11,WT,3.8564814814814814,104.23611111111111,141.91435185185185
6,12,WT,3.540284360189573,109.41232227488152,221.11374407582937
6,13,WT,4.206741573033708,119.16629213483148,209.8674157303371
6,14,WT,3.7584415584415583,119.93246753246753,168.3948051948052
6,15,WT,3.825278810408922,123.49256505576209,114.03531598513013
6,16,WT,4.021806853582555,122.98753894080996,146.97196261682242
6,17,WT,4.212317666126419,128.0194489465154,130.322528363047
6,18,WT,4.702216066481994,127.41412742382272,158.2742382271468
6,19,CRC,4.202672605790646,128.88641425389756,234.56124721603564
6,20,WT,4.015873015873016,136.11904761904762,184.35555555555555
6,21,CRC,3.0,135.50617283950618,222.8148148148148
6,22,CRC,3.0,140.59712230215828,90.79856115107914
6,23,WT,4.200642054574639,140.60032102728732,204.6661316211878
6,24,WT,3.892543859649123,144.77631578947367,108.12061403508773
6,25,WT,3.909259259259259,152.3,151.36111111111111
6,26,CRC,3.0,150.67164179104478,229.50746268656715
6,27,WT,4.019704433497537,156.05172413793105,121.50492610837438
6,28,WT,3.98220640569395,162.3167259786477,191.8167259786477
6,29,WT,3.8414918414918415,160.38228438228438,172.02797202797203
6,30,WT,3.0,160.37735849056602,102.93396226415096
6,31,CRC,3.0,166.32863849765258,83.95774647887323
6,32,WT,4.054830287206267,162.78851174934726,134.67362924281986
6,33,WT,3.0,167.79166666666666,118.69166666666666
6,34,WT,4.017681728880157,171.47347740667976,146.40471512770137
6,35,WT,3.928118393234672,174.15010570824523,215.7336152219873
6,36,CRC,4.08314606741573,170.5191011235955,229.3752808988764
6,37,WT,3.947136563876652,176.784140969163,170.68281938325993
6,38,WT,3.883642495784149,180.46037099494097,186.2866779089376
6,39,WT,3.0,179.7904761904762,123.8
6,40,WT,3.901719901719902,181.8009828009828,154.47911547911548
6,41,WT,3.8464566929133857,188.83858267716536,129.2775590551181
6,42,WT,3.0,185.25,210.71
6,43,WT,3.9506726457399104,193.15022421524665,149.3542600896861
6,44,CRC,3.9047619047619047,197.5936507936508,203.0079365079365
6,45,WT,3.986027944111776,198.8443113772455,168.1437125748503
6,46,CRC,3.0,213.2116040955632,141.8566552901024
6,47,WT,3.995991983967936,214.7815631262525,195.0480961923848
6,48,CRC,3.4908616187989554,228.1958224543081,173.04177545691903
6,49,CRC,4.393280632411067,231.57509881422925,114.3913043478261
6,50,WT,4.530944625407166,71.92182410423453,195.3192182410424
6,51,WT,4.520481927710844,71.25060240963856,140.40963855421683
6,52,WT,4.490358126721763,73.06611570247934,161.6556473829201
6,53,WT,5.174807197943445,83.96915167095116,212.9254498714653
6,54,WT,4.0,84.0,118.42622950819673
6,55,WT,4.857142857142857,102.66428571428573,104.85
6,56,WT,4.643724696356276,109.29554655870446,132.03238866396762
6,57,WT,4.753968253968254,111.73015873015872,197.53968253968253
6,58,WT,4.670967741935484,114.46451612903226,182.65806451612903
6,59,CRC,4.0,123.484375,84.796875
6,60,WT,4.660098522167488,127.10837438423646,102.935960591133
6,61,WT,4.472906403940887,134.6847290640394,218.0295566502463
6,62,CRC,4.0,142.03571428571428,86.17857142857143
6,63,CRC,4.478927203065134,155.31417624521072,219.2183908045977
6,64,WT,4.522821576763485,160.53526970954357,98.43983402489629
6,65,CRC,4.0,163.3913043478261,79.08695652173913
6,66,WT,4.626404494382022,167.7556179775281,108.89606741573034
6,67,WT,4.0,174.71794871794873,120.02564102564102
6,68,WT,4.652542372881356,174.27966101694915,80.83050847457628
6,69,WT,4.0,184.56,98.32
6,70,WT,4.411428571428571,185.9257142857143,203.78857142857143
6,71,WT,4.0,199.41414141414143,112.55050505050504
6,72,WT,4.427184466019417,204.9126213592233,130.01618122977345
6,73,WT,4.0,211.92792792792795,171.3063063063063
6,74,CRC,4.0,214.7586206896552,108.34482758620688
6,75,WT,5.0,43.62222222222222,159.15555555555557
6,76,WT,6.192098092643052,50.055858310626704,171.074931880109
6,77,WT,5.513761467889908,56.01223241590214,135.70030581039757
6,78,WT,5.0,56.23636363636364,151.54545454545453
6,79,WT,5.458885941644563,63.04509283819629,209.0318302387268
6,80,CRC,5.620772946859903,64.41062801932367,114.3743961352657
6,81,WT,5.0,73.1470588235294,151.99264705882354
6,82,WT,5.496598639455782,75.84013605442176,172.4251700680272
6,83,CRC,5.423963133640553,79.45161290322581,89.5184331797235
6,84,WT,5.383561643835616,79.48401826484019,226.5068493150685
6,85,WT,5.0,84.1842105263158,176.22368421052633
6,86,WT,5.895081967213115,87.29836065573771,189.05245901639344
6,87,WT,5.4625,89.7375,117.575
6,88,CRC,6.002105263157895,90.0842105263158,77.04
6,89,WT,5.0,93.21100917431193,164.42201834862385
6,90,WT,5.320754716981132,96.54245283018868,199.2924528301887
6,91,WT,5.0,97.93650793650794,154.984126984127
6,92,CRC,5.0,106.9645390070922,70.21985815602837
6,93,WT,5.855233853006681,106.4587973273942,232.5367483296214
6,94,CRC,5.600694444444445,108.54861111111111,92.70486111111111
6,95,WT,5.0,114.11702127659576,223.20212765957447
6,96,CRC,5.392307692307693,116.82692307692308,79.6923076923077
6,97,CRC,6.0463157894736845,123.8021052631579,54.45052631578948
6,98,WT,5.0,132.98453608247422,92.59278350515464
6,99,WT,5.0,125.34666666666666,188.52
6,100,CRC,5.0,131.8395061728395,238.25925925925927
6,101,WT,5.646118721461187,136.02283105022832,82.61415525114155
6,102,WT,5.0,138.6547619047619,163.5952380952381
6,103,CRC,5.0,146.71523178807948,227.9271523178808
6,104,WT,5.0,146.11940298507463,142.5820895522388
6,105,WT,5.0,151.13513513513513,92.92567567567568
6,106,CRC,5.387351778656127,150.3399209486166,243.21343873517787
6,107,WT,5.5132275132275135,164.23809523809524,81.2010582010582
6,108,CRC,5.382978723404255,171.2340425531915,243.1531914893617
6,109,WT,5.0,179.0879120879121,124.2087912087912
6,110,WT,5.439153439153439,183.67724867724868,94.07407407407408
6,111,WT,5.0,186.3459119496856,105.874213836478
6,112,CRC,5.0,187.7251184834124,232.0189573459716
6,113,WT,5.317164179104478,197.32089552238807,99.24626865671642
6,114,CRC,5.0,214.6951219512195,212.7926829268293
6,115,WT,5.0,215.4933333333333,136.82666666666665
6,116,CRC,6.438095238095238,219.89523809523808,87.72789115646259
6,117,WT,5.416666666666667,219.40384615384616,116.53205128205128
6,118,CRC,5.719806763285024,221.07729468599032,225.0917874396136
6,119,CRC,6.311688311688312,233.48340548340548,128.0851370851371
6,120,CRC,5.0,241.38888888888889,145.2685185185185
6,121,CRC,5.0,235.9036144578313,182.3734939759036
6,122,CRC,5.0,242.14705882352945,172.54901960784315
6,123,WT,6.0,34.30357142857143,170.71428571428572
6,124,WT,6.844236760124611,38.17133956386293,119.404984423676
6,125,WT,6.700431034482759,41.355603448275865,154.42456896551724
6,126,WT,8.351002865329512,42.42836676217765,194.8681948424069
6,127,WT,7.007920792079208,49.63564356435644,118.95445544554455
6,128,WT,6.0,55.71052631578947,165.25
6,129,WT,7.786163522012578,67.17924528301887,143.5676100628931
6,130,WT,6.0,64.80434782608695,164.2826086956522
6,131,WT,6.480243161094225,68.23404255319149,227.80547112462008
6,132,CRC,7.013850415512465,79.8808864265928,70.30193905817174
6,133,CRC,6.423236514522822,82.68879668049793,100.55601659751038
6,134,WT,6.793785310734464,81.30790960451978,199.22316384180792
6,135,WT,6.934027777777778,82.42361111111111,243.1875
6,136,WT,7.181818181818182,92.72451790633608,230.03581267217632
6,137,CRC,6.0,102.75977653631286,59.76536312849162
6,138,WT,6.0,99.125,176.625
6,139,WT,6.670682730923695,103.19277108433737,252.13654618473896
6,140,WT,6.526984126984127,121.05714285714286,251.46031746031747
6,141,CRC,6.543859649122807,135.96491228070175,249.2836257309941
6,142,CRC,6.344827586206897,147.89968652037618,57.77742946708464
6,143,CRC,6.0,144.2962962962963,230.8148148148148
6,144,CRC,7.556509298998569,148.95422031473532,261.1559370529328
6,145,CRC,7.600624024960998,171.3151326053042,261.21840873634943
6,146,WT,6.327205882352941,181.1764705882353,76.5
6,147,WT,6.0,195.83185840707964,76.4424778761062
6,148,WT,6.496774193548387,202.51290322580644,86.97741935483872
6,149,WT,6.0,195.32142857142856,199.75
6,150,WT,6.634920634920635,197.8571428571429,202.9206349206349
6,151,WT,6.0,214.21935483870968,103.78064516129032
6,152,CRC,13.062295081967212,240.7224043715847,240.08087431693988
6,153,CRC,6.0,233.80180180180184,211.3153153153153
6,154,CRC,6.880184331797235,248.06451612903223,203.8294930875576
6,155,CRC,6.653846153846154,253.8146853146853,188.46153846153845
6,156,CRC,6.491525423728813,252.31073446327684,162.1129943502825
6,157,CRC,7.018987341772152,259.7658227848101,169.36708860759492
6,158,WT,9.91123188405797,26.70652173913044,170.5298913043478
6,159,WT,7.94620253164557,31.60443037974684,148.70253164556962
6,160,WT,7.405,39.61,130.49
6,161,WT,7.333333333333333,48.0462962962963,106.27777777777776
6,162,WT,7.366459627329193,46.93167701863354,148.6086956521739
6,163,WT,7.0,55.33695652173913,124.05434782608695
6,164,CRC,8.570017953321365,71.44614003590664,73.1867145421903
6,165,WT,7.0,71.672,238.424
6,166,WT,7.0,87.38,223.69
6,167,WT,8.507299270072993,86.43430656934306,255.32116788321167
6,168,CRC,8.5312,92.7888,50.2944
6,169,CRC,7.0,105.02150537634408,53.333333333333336
6,170,WT,7.961794019933555,121.56976744186046,263.30232558139534
6,171,CRC,7.565217391304348,112.39613526570048,44.85507246376812
6,172,CRC,7.9644128113879,153.63345195729536,43.0
6,173,WT,7.0,163.3095238095238,65.25595238095238
6,174,CRC,8.299256505576208,174.79553903345726,43.12267657992565
6,175,WT,7.398625429553265,183.05498281786944,60.90721649484536
6,176,CRC,7.315476190476191,192.1904761904762,253.4553571428572
6,177,WT,7.404580152671755,196.6488549618321,70.4885496183206
6,178,CRC,7.447129909365559,214.3625377643505,247.761329305136
6,179,CRC,7.0,235.625,90.075
6,180,CRC,7.590257879656161,240.42120343839545,225.30085959885383
6,181,CRC,7.28125,246.21875,110.0375
6,182,CRC,7.382838283828383,259.06600660066005,142.996699669967
6,183,WT,8.592233009708737,24.184466019417474,139.05339805825244
6,184,WT,9.103030303030303,27.342424242424244,127.8
6,185,WT,8.0,26.28205128205128,171.78205128205127
6,186,WT,8.0,28.885964912280706,118.76315789473684
6,187,WT,9.099644128113878,34.41637010676157,178.11743772241994
6,188,WT,10.78340611353712,35.77903930131004,206.86288209606988
6,189,WT,9.88348271446863,46.797695262484,90.43661971830986
6,190,WT,8.0,52.92857142857143,190.07142857142856
6,191,WT,8.961290322580645,47.99032258064516,226.06129032258065
6,192,WT,8.0,49.44047619047619,209.92857142857144
6,193,WT,9.774261603375528,56.90295358649789,237.04852320675104
6,194,WT,8.977839335180056,70.10526315789474,248.97783933518005
6,195,WT,8.0,111.66896551724138,256.75172413793103
6,196,CRC,8.0,191.42424242424244,45.42424242424242
6,197,WT,10.993207547169812,216.6709433962264,258.28603773584905
6,198,WT,8.0,207.6352459016393,64.13524590163935
6,199,CRC,9.092124814264489,241.78008915304605,72.39227340267459
6,200,CRC,8.0,244.16,91.208
6,201,CRC,9.464788732394366,256.9448356807512,217.66079812206573
6,202,CRC,8.598086124401913,259.2535885167464,101.20095693779903
6,203,CRC,8.0,257.5416666666667,193.375
6,204,CRC,8.0,261.7806451612903,127.89032258064516
6,205,CRC,9.28813559322034,271.47765793528504,178.28197226502311
6,206,WT,10.692307692307692,20.792486583184257,145.91771019677995
6,207,WT,13.349624060150376,19.685714285714287,159.42706766917294
6,208,WT,9.5239852398524,23.39483394833948,182.48339483394835
6,209,WT,12.558601782042494,27.440712816997944,114.62371487320084
6,210,WT,9.512048192771084,30.69277108433735,197.7951807228916
6,211,WT,13.489226869455006,36.1958174904943,96.58365019011408
6,212,WT,13.89283449587825,69.54407102092581,261.4768547875713
6,213,WT,9.264705882352942,102.22941176470589,260.5352941176471
6,214,WT,9.523809523809524,113.5079365079365,270.3968253968254
6,215,CRC,13.42515923566879,112.50557324840764,25.281050955414013
6,216,CRC,9.0,144.02564102564102,39.29059829059829
6,217,WT,9.6159169550173,167.3425605536332,270.85121107266434
6,218,CRC,10.67684887459807,171.2668810289389,28.020900321543408
6,219,CRC,14.383131449080306,187.4302377747869,26.63705697622252
6,220,CRC,9.0,193.8359375,49.59375
6,221,CRC,10.63572267920094,210.545240893067,48.029377203290245
6,222,CRC,9.0,253.55921052631572,87.17105263157895
6,223,CRC,9.327777777777778,265.97222222222223,195.7722222222222
6,224,CRC,9.0,268.1674418604651,124.63255813953488
6,225,CRC,9.80421686746988,276.89156626506025,159.039156626506
6,226,WT,13.541782729805014,21.461699164345404,133.15320334261838
6,227,WT,10.0,31.75949367088608,164.9620253164557
6,228,CRC,10.914675767918087,59.43458475540387,67.10693970420932
6,229,CRC,10.0,83.06306306306307,52.108108108108105
6,230,CRC,12.36241610738255,97.92080536912752,28.57046979865772
6,231,WT,14.345554537121906,101.5692025664528,275.39092575618696
6,232,WT,13.794235924932975,124.10120643431635,278.0254691689008
6,233,WT,15.053478466635116,142.90534784666352,276.79413156649315
6,234,CRC,13.478323699421964,142.0549132947977,19.603323699421967
6,235,WT,13.645706558485465,204.8722109533469,266.54631507775525
6,236,WT,10.0,200.5,46.148648648648646
6,237,CRC,10.533333333333331,228.348717948718,58.81025641025641
6,238,CRC,13.691729323308271,255.51378446115288,228.4118629908104
6,239,CRC,10.340579710144928,279.1449275362319,127.72101449275362
6,240,WT,13.85966201322557,22.157972079353417,187.3761939750184
6,241,CRC,14.197306791569089,53.46194379391101,67.64461358313817
6,242,WT,14.248153618906942,55.7082717872969,250.12407680945347
6,243,CRC,14.369322412509309,77.32092330603128,40.11317944899479
6,244,WT,11.0,83.04861111111111,264.80555555555554
6,245,WT,11.0,156.26732673267327,275.66336633663366
6,246,WT,11.0,171.5735294117647,273.36764705882354
6,247,WT,15.019607843137257,177.2138480392157,273.85110294117646
6,248,CRC,13.5628612716763,244.76734104046244,56.94364161849711
6,249,CRC,15.824347826086957,263.3907246376812,73.42202898550724
6,250,WT,12.036968576709796,269.3604436229205,207.5656192236599
6,251,CRC,13.427125506072874,280.1184210526316,100.97975708502024
6,252,CRC,13.024134312696749,289.193074501574,144.4753410283316
6,253,WT,14.5771484375,35.1396484375,211.8896484375
6,254,WT,14.802721088435376,43.73393801965231,230.3242630385488
6,255,WT,12.0,214.5621890547264,265.97014925373134
6,256,CRC,15.995884773662551,223.5851851851852,40.94732510288066
6,257,CRC,16.03659506762132,288.0015910898966,115.99522673031026
6,258,WT,13.0,23.389473684210525,163.14736842105262
6,259,WT,16.101254480286737,81.79390681003584,269.3754480286738
6,260,WT,13.89277899343545,156.3522975929978,278.28665207877464
6,261,CRC,14.53529411764706,162.13823529411764,16.394117647058824
6,262,CRC,14.444108761329304,280.5030211480362,193.9229607250756
6,263,CRC,13.425438596491228,289.99122807017545,158.85526315789474
6,264,WT,16.123650637880274,46.487733071638864,79.93719332679098
6,265,WT,14.0,169.82758620689654,277.28275862068966
6,266,WT,16.739894551845342,227.5711775043937,253.6054481546573
6,267,CRC,15.102094240837696,291.67015706806285,166.6020942408377
6,268,WT,15.29936305732484,57.42675159235669,155.45222929936307
6,269,CRC,15.0,178.25252525252526,20.29292929292929
6,270,CRC,15.503105590062113,254.44099378881987,63.40993788819876
6,271,CRC,16.571428571428573,269.5608465608466,213.11640211640213
6,272,WT,17.282306163021868,23.1192842942346,147.09542743538768
6,273,WT,16.70977011494253,25.948275862068964,177.26149425287358
6,274,WT,17.26530612244898,31.76326530612245,109.39591836734694
6,275,WT,16.0,38.892405063291136,219.9240506329114
6,276,WT,16.910714285714285,43.85714285714285,161.9702380952381
6,277,WT,16.97399527186761,193.0780141843972,270.3356973995272
6,278,WT,17.366906474820144,44.94244604316547,147.6978417266187
6,279,WT,18.192207792207792,64.55324675324675,92.63636363636364
6,280,CRC,17.0,65.24137931034483,51.672413793103445
6,281,WT,17.0,76.90697674418605,247.13953488372093
6,282,WT,17.0,148.98863636363637,259.0113636363636
6,283,CRC,17.0,150.53846153846155,18.128205128205128
6,284,WT,18.85382059800665,185.5182724252492,246.2093023255814
6,285,WT,17.584158415841586,207.1881188118812,241.75742574257427
6,286,WT,19.089635854341736,63.88515406162465,213.34453781512605
6,287,WT,19.213166144200628,63.55799373040752,105.72100313479623
6,288,WT,18.0,70.65454545454546,74.2909090909091
6,289,CRC,19.036796536796537,89.02164502164503,50.66883116883117
6,290,WT,18.0,112.6547619047619,257.4166666666667
6,291,CRC,18.769035532994923,124.58121827411168,31.865482233502537
6,292,WT,19.15686274509804,232.3588235294117,224.31372549019608
6,293,CRC,19.214780600461893,251.52193995381063,73.71593533487298
6,294,CRC,18.0,290.58620689655174,166.6206896551724
6,295,WT,19.58407079646018,62.96017699115044,186.30973451327435
6,296,WT,19.600760456273765,76.17490494296578,230.94296577946767
6,297,WT,19.461165048543688,90.87864077669904,242.6747572815534
6,298,WT,19.422442244224424,114.73927392739274,250.3267326732673
6,299,WT,19.879310344827587,135.82266009852216,250.564039408867
6,300,CRC,19.45804195804196,156.66783216783216,29.216783216783217
6,301,WT,19.0,155.84,255.64
6,302,WT,20.0072463768116,204.768115942029,231.5338164251208
6,303,WT,19.36231884057971,207.3840579710145,259.2391304347826
6,304,CRC,19.0,294.126582278481,142.60759493670886
6,305,WT,20.0,74.19259259259259,91.51851851851852
6,306,WT,20.0,72.76811594202898,70.8695652173913
6,307,WT,21.06615776081425,157.70229007633588,244.15776081424937
6,308,CRC,20.0,165.55555555555554,39.72222222222222
6,309,WT,20.31791907514451,172.64739884393063,242.84971098265896
6,310,WT,21.95014662756598,114.39589442815247,237.4193548387097
6,311,WT,22.1283185840708,136.91592920353983,233.58849557522123
6,312,WT,22.464071856287426,157.94011976047904,231.26047904191617
6,313,WT,21.690402476780186,177.030959752322,233.27554179566565
6,314,WT,21.42361111111111,217.29166666666663,223.25
6,315,CRC,23.282958199356912,223.3440514469453,201.19774919614147
6,316,CRC,21.0,234.2608695652174,215.3768115942029
6,317,CRC,21.0,275.5304347826087,142.30434782608697
6,318,CRC,21.0,274.7826086956522,165.7826086956522
6,319,WT,22.75207986688852,82.29783693843594,125.2412645590682
6,320,WT,23.270422535211267,89.4338028169014,157.1112676056338
6,321,WT,22.0,76.57407407407408,144.5185185185185
6,322,WT,23.05588585017836,92.51605231866826,106.99048751486326
6,323,WT,23.34045584045584,95.508547008547,173.94871794871796
6,324,CRC,22.70018621973929,120.53631284916202,65.21973929236499
6,325,WT,23.246153846153845,120.25128205128205,214.7128205128205
6,326,CRC,22.671140939597315,143.5503355704698,46.08053691275168
6,327,CRC,22.981744421906694,166.72819472616632,51.74239350912779
6,328,CRC,22.97071129707113,178.9581589958159,50.61715481171548
6,329,WT,22.59386973180077,197.5057471264368,219.1417624521073
6,330,CRC,22.96420581655481,205.9351230425056,59.12304250559284
6,331,CRC,22.0,249.006993006993,192.8041958041958
6,332,CRC,22.622754491017965,257.3532934131737,179.874251497006
6,333,CRC,22.83542538354254,264.9665271966527,135.45467224546724
6,334,WT,24.065822784810127,98.14683544303796,138.75443037974682
6,335,WT,23.0,100.4639175257732,202.6185567010309
6,336,CRC,23.49350649350649,101.84415584415584,80.47402597402598
6,337,WT,23.713675213675213,116.758547008547,193.67735042735043
6,338,WT,23.82985074626865,138.48059701492537,214.5253731343284
6,339,WT,23.78864353312303,158.65615141955837,220.29652996845425
6,340,WT,23.0,189.06,226.49
6,341,CRC,24.40592334494773,198.99128919860627,72.74564459930313
6,342,CRC,24.10884353741497,260.9251700680272,156.26190476190476
6,343,CRC,24.559183673469388,106.1469387755102,97.06122448979592
6,344,WT,25.26304801670146,117.28601252609604,161.55949895615868
6,345,WT,24.52737752161384,117.98270893371756,179.3371757925072
6,346,WT,24.5,127.92857142857144,200.9126984126984
6,347,CRC,24.832512315270936,135.20197044334975,75.24137931034483
6,348,WT,24.96330275229358,140.91284403669724,187.99770642201835
6,349,WT,25.05191256830601,146.2295081967213,205.3060109289617
6,350,CRC,24.0,146.2058823529412,55.3235294117647
6,351,CRC,24.0,160.91139240506328,60.87341772151899
6,352,WT,24.818493150684933,170.71575342465752,213.71575342465752
6,353,WT,24.96495327102804,178.47429906542055,203.95560747663552
6,354,WT,24.0,181.67441860465115,210.15116279069767
6,355,CRC,25.24121779859485,183.4871194379391,67.90163934426229
6,356,CRC,25.00607902735562,200.0243161094225,196.0060790273556
6,357,WT,25.0,104.97058823529412,149.2843137254902
6,358,WT,25.0,103.79012345679013,124.85185185185183
6,359,WT,25.30128205128205,112.09615384615384,138.84615384615384
6,360,WT,25.917933130699087,118.9726443768997,122.82674772036474
6,361,WT,25.756013745704468,123.52577319587628,142.62886597938143
6,362,WT,25.0,127.65,158.175
6,363,WT,25.98315789473684,135.12842105263158,175.78526315789475
6,364,WT,26.451292246520875,146.7117296222664,171.41948310139165
6,365,CRC,25.0,157.62048192771084,66.16867469879519
6,366,WT,25.52380952380953,160.28174603174602,191.0555555555556
6,367,WT,26.02153110047847,175.30143540669857,192.8421052631579
6,368,CRC,26.60886319845857,183.94219653179192,177.32177263969172
6,369,CRC,25.47136563876652,200.30837004405285,93.83700440528636
6,370,CRC,25.5158371040724,217.4162895927602,93.53846153846152
6,371,CRC,25.0,234.72222222222223,173.92777777777778
6,372,CRC,25.0,233.775,160.2
6,373,CRC,25.0,249.61313868613132,137.65693430656935
6,374,CRC,26.0,134.0082644628099,117.29752066115702
6,375,WT,26.54424778761062,136.56194690265488,139.13716814159292
6,376,WT,26.5,133.99545454545455,155.09545454545454
6,377,WT,27.184115523465703,152.42418772563178,117.38989169675092
6,378,WT,26.473867595818817,153.1114982578397,154.0383275261324
6,379,WT,26.0,162.01973684210526,173.38815789473685
6,380,WT,27.287974683544306,170.7737341772152,101.0490506329114
6,381,CRC,26.86,184.2342857142857,88.22571428571429
6,382,CRC,27.24363636363636,198.37454545454543,102.89090909090908
6,383,CRC,26.0,218.7058823529412,179.59893048128342
6,384,CRC,27.193308550185872,214.1003717472119,118.01486988847584
6,385,CRC,26.0,232.6969696969697,156.1439393939394
6,386,WT,27.701612903225808,151.45967741935485,141.72177419354838
6,387,CRC,27.0,160.70666666666668,181.6
6,388,WT,27.0,165.01,119.45
6,389,CRC,27.577287066246058,168.72870662460568,134.1640378548896
6,390,CRC,27.47410358565737,169.65338645418328,150.4183266932271
6,391,CRC,27.478991596638654,182.84453781512605,161.0546218487395
6,392,CRC,27.64179104477612,184.94626865671643,119.51044776119404
6,393,CRC,27.0,192.4173228346457,137.17322834645668
6,394,CRC,27.322834645669293,195.3897637795276,158.22834645669292
6,395,CRC,27.644012944983817,197.72815533980585,134.042071197411
6,396,CRC,27.0,201.62745098039213,176.12418300653596
6,397,CRC,27.31687242798354,202.73251028806584,149.74074074074073
6,398,CRC,28.0,193.5212765957447,150.7127659574468
6,399,CRC,28.0,205.04301075268816,156.44086021505376
7,1,WT,3.6970149253731344,190.7223880597015,183.58358208955224
7,2,WT,3.623357664233577,194.6919708029197,161.2905109489051
7,3,WT,3.0,83.3529411764706,182.52941176470588
7,4,CRC,4.995319812792512,93.33853354134165,112.8814352574103
7,5,WT,3.847426470588236,93.55147058823528,174.8952205882353
7,6,WT,3.7316666666666665,100.05833333333334,202.9
7,7,WT,4.146031746031746,102.57777777777778,187.77301587301588
7,8,WT,3.4685534591194966,104.8490566037736,228.11635220125785
7,9,WT,3.8781818181818175,105.49636363636364,164.62545454545457
7,10,CRC,3.0,109.76878612716764,117.7514450867052
7,11,WT,4.0663507109004735,111.98815165876778,145.83649289099526
7,12,WT,3.885365853658537,109.50975609756098,215.26829268292684
7,13,WT,3.924870466321244,119.22538860103629,160.99481865284974
7,14,WT,3.896449704142012,121.57692307692308,201.90532544378692
7,15,WT,4.095652173913043,122.69565217391305,134.20521739130436
7,16,WT,3.75,125.7326923076923,184.92884615384617
7,17,CRC,3.6030927835051534,128.05670103092783,253.6237113402062
7,18,CRC,3.910041841004184,129.5020920502092,239.326359832636
7,19,WT,3.792452830188679,132.277628032345,223.38544474393527
7,20,WT,3.696428571428572,129.99404761904762,169.99404761904762
7,21,WT,4.045212765957447,136.06648936170214,203.55851063829783
7,22,WT,3.5829787234042554,139.31914893617022,186.4808510638298
7,23,WT,4.126881720430108,143.23440860215055,132.32043010752687
7,24,CRC,3.65962441314554,149.93661971830986,256.21830985915494
7,25,WT,4.029411764705882,150.73529411764707,117.55080213903744
7,26,WT,3.6618357487922704,148.52657004830917,162.9903381642512
7,27,WT,4.005263157894737,150.22368421052633,193.81315789473683
7,28,WT,4.0588235294117645,152.26923076923077,213.37782805429865
7,29,WT,3.913612565445026,152.217277486911,231.59685863874344
7,30,WT,4.079365079365079,156.6031746031746,146.5515873015873
7,31,WT,3.808139534883721,161.6453488372093,173.8003875968992
7,32,CRC,3.0,165.1049723756906,107.40883977900552
7,33,WT,3.865625,164.1,242.046875
7,34,WT,3.868008948545861,165.59955257270693,123.24384787472036
7,35,WT,3.904176904176904,167.4078624078624,211.6117936117936
7,36,WT,3.0,168.8494623655914,172.27956989247312
7,37,WT,3.0,170.4308943089431,189.8861788617886
7,38,WT,4.147368421052631,171.88210526315788,151.96421052631578
7,39,WT,3.8295964125560538,177.71748878923768,196.1031390134529
7,40,WT,3.63671875,174.625,226.62109375
7,41,CRC,3.0,177.61744966442953,88.3758389261745
7,42,WT,3.5575539568345325,180.7985611510792,169.0539568345324
7,43,WT,3.9,188.29166666666663,239.28541666666663
7,44,WT,3.958005249343832,191.97900262467192,214.25984251968504
7,45,WT,3.0,192.17567567567568,116.97297297297295
7,46,CRC,3.0,195.5327868852459,263.9590163934426
7,47,WT,4.103448275862069,202.3448275862069,237.3172413793104
7,48,WT,3.6820809248554913,207.2832369942197,204.8265895953757
7,49,WT,3.918552036199095,208.6945701357466,180.64932126696831
7,50,WT,4.058690744920993,209.60270880361173,227.7042889390519
7,51,WT,3.908928571428572,213.68392857142857,150.01607142857142
7,52,WT,3.907692307692308,219.46153846153845,168.8923076923077
7,53,CRC,3.726053639846744,233.2911877394636,172.87739463601534
7,54,CRC,4.184615384615385,230.52615384615385,193.95538461538465
7,55,CRC,4.083135391923991,247.17577197149643,130.25653206650833
7,56,WT,6.216707021791768,73.56900726392251,224.62469733656167
7,57,WT,4.428044280442805,79.79704797047971,191.7047970479705
7,58,WT,4.746770025839793,78.57105943152455,178.45736434108528
7,59,WT,4.701492537313433,80.39701492537313,165.33731343283583
7,60,WT,4.5625,81.62132352941177,146.44117647058823
7,61,WT,5.46617915904936,84.72394881170018,208.3601462522852
7,62,WT,4.404255319148936,89.8581560283688,218.3652482269504
7,63,WT,4.394230769230769,96.8173076923077,143.85576923076923
7,64,WT,4.0,132.76510067114094,113.61744966442951
7,65,WT,4.474474474474475,134.80180180180182,148.2132132132132
7,66,WT,4.0,145.64285714285714,102.5
7,67,CRC,4.552287581699346,148.51307189542484,249.50980392156865
7,68,WT,4.0,169.12121212121212,184.2
7,69,WT,4.517647058823529,173.45882352941177,128.45882352941177
7,70,CRC,4.572727272727272,174.91363636363636,252.88863636363635
7,71,WT,4.504761904761905,177.13333333333333,106.4920634920635
7,72,WT,4.602150537634409,188.3548387096774,135.08602150537635
7,73,WT,4.81201044386423,190.07571801566576,110.93472584856396
7,74,WT,4.0,195.23931623931625,142.04700854700857
7,75,WT,4.463611859838275,201.3530997304582,125.16981132075472
7,76,WT,4.452205882352941,199.21323529411765,197.2830882352941
7,77,WT,4.0,221.01604278074868,213.01604278074868
7,78,WT,4.687022900763359,227.8702290076336,131.70483460559797
7,79,WT,4.294701986754967,227.864238410596,149.20529801324503
7,80,CRC,4.0,233.412213740458,218.8854961832061
7,81,CRC,4.408284023668639,249.3313609467456,208.30769230769232
7,82,WT,7.1076487252124645,41.72379603399433,190.21388101983004
7,83,WT,5.648936170212766,59.93971631205674,210.3581560283688
7,84,WT,5.0,61.2,167.81333333333333
7,85,WT,5.615942028985507,65.7512077294686,186.27053140096612
7,86,CRC,5.759656652360515,65.60729613733906,144.23605150214593
7,87,WT,5.837772397094431,67.2953995157385,161.85714285714286
7,88,WT,5.83939393939394,68.2030303030303,196.9878787878788
7,89,WT,5.0,66.06382978723404,240.04255319148936
7,90,WT,5.541284403669724,76.30581039755351,244.9908256880734
7,91,CRC,5.955128205128205,76.32692307692308,98.32692307692308
7,92,WT,5.429378531073446,83.29661016949153,129.8728813559322
7,93,WT,5.0,83.99065420560747,138.21495327102804
7,94,CRC,5.0,85.6078431372549,119.07843137254902
7,95,WT,5.715492957746479,91.70422535211269,235.687323943662
7,96,WT,5.0,99.57738095238096,133.23214285714286
7,97,CRC,5.0,100.56375838926176,94.08053691275168
7,98,WT,5.559701492537314,99.2723880597015,249.2611940298508
7,99,WT,5.0,101.61061946902656,176.99115044247787
7,100,CRC,5.982587064676617,107.0721393034826,77.363184079602
7,101,WT,5.0,108.2842105263158,221.0315789473684
7,102,WT,5.0,109.49411764705884,242.9764705882353
7,103,WT,5.0,112.01492537313432,232.56716417910448
7,104,WT,5.0,115.811320754717,253.1572327044025
7,105,CRC,5.438775510204081,117.98299319727892,98.24489795918367
7,106,WT,5.0,122.5125,231.1875
7,107,WT,5.0,122.33898305084746,217.08474576271183
7,108,CRC,5.0,126.3644859813084,257.7102803738318
7,109,CRC,5.490196078431373,132.7731092436975,78.4593837535014
7,110,WT,5.0,133.1549295774648,119.54929577464787
7,111,WT,5.491596638655462,140.84453781512605,94.85714285714286
7,112,CRC,5.428571428571429,144.11904761904762,267.8
7,113,WT,5.4,159.69166666666666,95.41666666666669
7,114,CRC,5.505576208178439,165.16728624535315,271.5353159851301
7,115,WT,5.342307692307692,184.33461538461532,95.6653846153846
7,116,CRC,5.397540983606557,186.29918032786884,263.5696721311475
7,117,WT,6.022132796780684,187.80482897384303,85.18712273641852
7,118,WT,5.0,194.0087719298245,148.359649122807
7,119,CRC,5.448905109489052,202.3065693430657,258.8467153284672
7,120,WT,5.0,203.9763779527559,109.7952755905512
7,121,WT,5.648456057007126,207.90261282660333,97.78147268408551
7,122,WT,5.395904436860068,214.15017064846413,121.51535836177474
7,123,CRC,5.46875,218.93125,246.928125
7,124,CRC,5.53932584269663,227.17977528089887,114.56741573033707
7,125,CRC,5.333333333333333,227.3361344537815,231.03361344537817
7,126,CRC,5.595890410958904,241.2876712328767,141.22260273972603
7,127,CRC,5.0,243.0,228.6153846153846
7,128,CRC,5.0,245.8705882352941,149.28235294117647
7,129,CRC,5.0,253.5434782608696,173.69565217391303
7,130,CRC,5.778364116094987,258.6200527704485,153.81530343007915
7,131,CRC,5.430851063829787,260.7340425531915,192.54255319148936
7,132,CRC,5.623529411764705,265.8,207.2509803921569
7,133,WT,6.0,58.53125,179.0625
7,134,WT,7.384057971014493,59.88260869565217,237.45652173913044
7,135,CRC,8.228876127973749,57.16981132075472,107.78999179655456
7,136,WT,6.366197183098592,77.61971830985915,123.55399061032864
7,137,CRC,6.0,85.50967741935484,83.36774193548388
7,138,CRC,6.0,88.12727272727273,105.1818181818182
7,139,WT,7.455311973018549,100.83811129848227,272.9662731871838
7,140,WT,6.0,120.45454545454544,253.42424242424244
7,141,WT,6.471264367816092,126.38697318007662,273.13026819923374
7,142,CRC,6.0,139.82882882882882,64.08408408408408
7,143,WT,6.227848101265823,135.65189873417722,175.83544303797467
7,144,CRC,6.983870967741935,143.86021505376343,284.173835125448
7,145,WT,6.447174447174447,166.22358722358723,76.53316953316953
7,146,CRC,6.42007434944238,183.46096654275087,277.9553903345725
7,147,WT,6.0,180.8235294117647,186.94117647058823
7,148,WT,6.0,184.0625,181.3125
7,149,CRC,6.0,191.6012658227848,66.0126582278481
7,150,WT,6.66546762589928,203.21223021582733,88.71223021582733
7,151,CRC,6.446308724832215,207.01677852349,276.41946308724835
7,152,WT,6.0,206.6428571428572,79.87301587301587
7,153,CRC,6.0,228.172131147541,253.7295081967213
7,154,CRC,6.515151515151516,238.1043771043771,103.52188552188552
7,155,CRC,6.0,246.05633802816905,120.64788732394366
7,156,CRC,6.0,248.7340425531915,227.91489361702128
7,157,CRC,6.0,258.4124293785311,126.73446327683617
7,158,CRC,6.444976076555024,261.70334928229664,225.19138755980865
7,159,CRC,6.0,267.69473684210527,186.57894736842104
7,160,CRC,6.0,271.47712418300654,173.52941176470588
7,161,WT,7.288220551378446,47.611528822055135,152.8796992481203
7,162,WT,8.375816993464053,43.580065359477125,133.52124183006535
7,163,WT,7.343163538873995,47.03485254691689,169.16890080428954
7,164,WT,7.761904761904762,54.69387755102041,225.2517006802721
7,165,WT,7.0,57.69318181818182,184.9318181818182
7,166,CRC,7.0,59.17924528301887,119.05660377358492
7,167,CRC,7.0,63.53703703703704,137.36111111111111
7,168,CRC,7.0,83.24137931034483,73.79094827586206
7,169,CRC,7.0,64.62121212121212,145.54545454545453
7,170,WT,7.78839590443686,73.87713310580205,260.160409556314
7,171,WT,7.46067415730337,84.28838951310861,249.67041198501872
7,172,WT,7.0,95.60215053763442,260.9139784946237
7,173,WT,7.459701492537313,112.7731343283582,277.089552238806
7,174,CRC,7.654362416107382,123.21812080536913,52.91275167785235
7,175,WT,8.123595505617978,127.82921348314606,290.87865168539327
7,176,CRC,7.6405919661733614,153.07610993657505,55.75052854122622
7,177,CRC,7.0,160.55555555555554,284.4786324786325
7,178,CRC,7.721311475409836,173.74043715846994,52.41256830601093
7,179,CRC,7.0,186.8151658767773,59.4739336492891
7,180,CRC,14.134055265123228,188.0306198655713,301.0
7,181,CRC,7.919148936170213,202.8489361702128,286.3212765957447
7,182,CRC,7.416370106761565,207.1209964412812,71.62989323843416
7,183,WT,7.388704318936877,229.16943521594683,80.86046511627907
7,184,CRC,7.471774193548387,228.5967741935484,270.76612903225805
7,185,CRC,7.38268156424581,249.44692737430168,253.1983240223464
7,186,CRC,7.286259541984733,250.88167938931292,96.59160305343512
7,187,CRC,7.91421568627451,267.0416666666667,113.62254901960785
7,188,CRC,7.0,267.16107382550337,132.0201342281879
7,189,CRC,7.387820512820513,276.4935897435897,213.90705128205127
7,190,CRC,7.962099125364431,280.6122448979592,143.77551020408163
7,191,WT,11.007380073800736,23.87453874538745,173.49354243542436
7,192,WT,14.581154415392206,25.887025160335472,143.50715342871237
7,193,WT,8.492,37.784,147.748
7,194,WT,9.18471337579618,37.89808917197452,232.7261146496816
7,195,WT,8.474789915966387,44.19327731092437,220.063025210084
7,196,WT,8.542105263157895,48.28421052631579,196.8842105263158
7,197,WT,8.486486486486486,57.88288288288288,251.1891891891892
7,198,WT,8.430939226519337,59.5414364640884,210.5580110497237
7,199,CRC,8.0,63.04878048780488,85.44715447154472
7,200,CRC,8.0,62.65384615384615,138.23076923076923
7,201,CRC,8.0,76.77777777777777,73.19047619047619
7,202,WT,14.177111716621251,61.28292461398728,275.4037238873751
7,203,WT,14.017675415104446,77.11301553294055,288.6925549009106
7,204,CRC,8.0,94.11111111111111,59.858024691358025
7,205,CRC,8.86036036036036,153.0608108108108,38.53378378378378
7,206,CRC,8.0,164.77241379310345,295.4068965517241
7,207,CRC,8.34070796460177,169.58849557522123,44.35840707964602
7,208,CRC,8.0,185.78181818181812,48.36363636363637
7,209,CRC,8.376237623762377,206.2920792079208,57.7970297029703
7,210,WT,8.503311258278146,232.3421633554084,71.34878587196468
7,211,CRC,10.43312101910828,262.2627388535032,82.05573248407643
7,212,CRC,8.522267206477732,250.085020242915,263.39676113360326
7,213,CRC,13.351341551849169,285.6211022480058,226.3625815808557
7,214,CRC,10.138014527845035,278.2772397094431,100.49757869249396
7,215,CRC,8.31640625,279.18359375,161.7265625
7,216,CRC,8.401639344262295,287.8688524590164,192.2008196721312
7,217,WT,13.50490516677567,19.297580117724003,189.3812949640288
7,218,WT,9.899014778325125,25.53448275862069,181.3793103448276
7,219,WT,10.171957671957673,28.849206349206348,199.4100529100529
7,220,WT,10.500878734622145,31.173989455184536,226.20386643233743
7,221,WT,9.0,40.55357142857143,211.69642857142856
7,222,WT,9.295454545454543,48.53409090909091,245.5340909090909
7,223,CRC,9.0,60.2111801242236,79.11801242236025
7,224,WT,12.82365003417635,50.52221462747779,263.9883800410116
7,225,CRC,14.2113654946852,68.09811937857727,55.11283728536386
7,226,CRC,9.0,94.40828402366864,52.124260355029584
7,227,WT,12.869004641567818,107.62300154718928,301.31253223310983
7,228,CRC,9.0,129.4070796460177,38.35398230088496
7,229,WT,14.91864406779661,158.2771186440678,305.2067796610169
7,230,CRC,9.0,169.9857142857143,299.6142857142857
7,231,CRC,13.035163479333743,199.9475632325725,30.646514497223937
7,232,CRC,10.58096415327565,215.327564894932,47.829419035846726
7,233,CRC,12.796271637816243,231.6271637816245,49.87949400798935
7,234,CRC,9.484978540772532,231.69957081545064,280.3562231759657
7,235,CRC,11.695848375451265,253.76805054151623,271.82039711191334
7,236,CRC,9.509174311926603,287.8715596330275,129.41284403669724
7,237,CRC,9.374531835205993,292.96629213483146,162.27715355805245
7,238,CRC,11.541666666666666,301.00189393939394,170.8001893939394
7,239,CRC,9.327272727272728,299.6909090909091,201.79090909090908
7,240,WT,13.886003799873338,23.552248258391387,214.3153894870171
7,241,WT,10.50253807106599,28.74111675126904,142.44162436548223
7,242,WT,12.534278959810877,28.11820330969267,130.3841607565012
7,243,WT,15.018878400888395,32.72459744586341,114.93781232648529
7,244,WT,14.413145539906104,30.347417840375588,236.88920187793428
7,245,CRC,13.941605839416058,46.05048661800487,84.96411192214111
7,246,CRC,11.01864801864802,52.14685314685315,78.73659673659674
7,247,CRC,10.0,93.63503649635037,46.832116788321166
7,248,WT,15.21256931608133,88.31792975970426,298.44731977818856
7,249,CRC,10.513238289205702,125.81466395112017,31.15478615071283
7,250,WT,15.398421052631578,131.33368421052631,304.6226315789474
7,251,WT,10.55240793201133,144.25495750708214,301.08781869688386
7,252,CRC,14.525560022975302,151.77197013210798,19.526708788052844
7,253,CRC,14.819136522753793,179.10326721120185,21.897899649941657
7,254,WT,11.429411764705884,207.1372549019608,295.71372549019605
7,255,WT,14.573529411764708,228.8249299719888,287.9726890756302
7,256,CRC,10.0,241.89940828402368,66.71005917159763
7,257,CRC,10.0,266.20245398773005,253.8957055214724
7,258,CRC,10.0,276.86206896551727,237.54597701149424
7,259,CRC,13.385895404120443,294.00713153724246,106.39381933438986
7,260,CRC,10.0,290.1470588235294,153.8235294117647
7,261,CRC,11.291721419185285,295.33508541392905,198.79632063074905
7,262,CRC,11.265573770491804,299.6393442622951,143.95081967213116
7,263,WT,13.648428405122235,18.161816065192085,164.9383003492433
7,264,WT,11.393162393162394,34.34615384615385,124.3846153846154
7,265,WT,11.0,38.208955223880594,94.82089552238806
7,266,WT,14.857015192135837,36.35746201966041,248.562109025916
7,267,WT,11.546153846153846,68.51923076923077,284.4153846153846
7,268,CRC,11.0,75.42168674698796,47.75903614457831
7,269,CRC,11.51985559566787,89.68231046931407,39.60649819494585
7,270,CRC,15.733216579100992,249.379451255108,55.11967308814945
7,271,CRC,13.05026455026455,112.21957671957672,26.11375661375661
7,272,CRC,12.755162241887906,130.56047197640115,20.86430678466077
7,273,WT,12.518324607329845,149.7539267015707,306.6596858638744
7,274,WT,16.54766875434934,247.0584551148225,276.66457898399443
7,275,CRC,13.158450704225352,266.7922535211268,258.2711267605634
7,276,CRC,16.9465859030837,272.70594713656385,250.33149779735683
7,277,WT,12.964959568733152,285.0296495956873,235.2398921832884
7,278,CRC,12.571428571428571,301.4457142857143,127.88
7,279,CRC,17.094646271510516,304.2657743785851,194.3451242829828
7,280,WT,15.006912442396311,17.34331797235023,199.0748847926268
7,281,WT,15.33790918690602,20.65364308342133,156.39809926082364
7,282,WT,14.022784810126582,63.40759493670886,286.9088607594937
7,283,CRC,15.267307692307693,99.66730769230767,27.595192307692308
7,284,WT,15.644394110985278,211.2559456398641,298.1653454133635
7,285,WT,14.0,21.428571428571427,224.42857142857144
7,286,WT,15.80863309352518,38.12517985611511,98.72805755395684
7,287,CRC,14.0,59.4113475177305,61.61702127659574
7,288,CRC,14.457875457875458,291.13553113553115,93.16117216117216
7,289,CRC,17.250600480384307,310.8975180144115,139.2257806244996
7,290,WT,17.891647855530476,43.95598194130925,256.45598194130923
7,291,WT,16.432029795158286,118.91620111731844,308.4376163873371
7,292,WT,15.0,144.92045454545453,308.03409090909093
7,293,WT,16.551495016611295,169.62624584717608,306.5265780730897
7,294,CRC,16.627172195892577,260.3349131121643,266.6350710900474
7,295,CRC,17.06787330316742,275.0027149321267,69.11221719457014
7,296,CRC,17.837647058823528,84.55529411764707,36.64
7,297,CRC,16.382113821138212,225.0121951219512,32.886178861788615
7,298,CRC,17.0,215.12048192771084,27.66265060240964
7,299,WT,18.0,63.12987012987013,255.0
7,300,CRC,18.900452488687783,71.99095022624434,45.23076923076923
7,301,WT,19.17436974789916,108.01680672268908,301.1512605042017
7,302,CRC,20.00692840646652,163.32101616628177,19.267898383371826
7,303,WT,18.0,285.54545454545456,232.010101010101
7,304,WT,19.0,21.74782608695652,181.30434782608697
7,305,WT,19.32608695652174,24.60869565217392,163.3913043478261
7,306,WT,19.0,42.02840909090909,99.6875
7,307,WT,19.0,47.7125,175.4375
7,308,WT,19.0,58.875,103.83333333333331
7,309,WT,19.0,60.91566265060241,248.85542168674692
7,310,CRC,20.186666666666667,77.40666666666667,71.83333333333333
7,311,WT,19.446428571428573,111.37946428571428,283.5803571428572
7,312,CRC,20.4288,198.272,24.7744
7,313,WT,19.89917695473251,246.62139917695472,246.1358024691358
7,314,CRC,20.01556420233463,290.7431906614786,89.09727626459144
7,315,CRC,19.0,306.27142857142854,116.7
7,316,CRC,22.095541401273884,305.63057324840764,167.97197452229298
7,317,WT,20.0,31.866666666666667,121.86666666666666
7,318,WT,20.0,48.16393442622951,153.9344262295082
7,319,WT,21.467408585055644,74.88553259141494,92.82670906200318
7,320,WT,20.0,80.4090909090909,264.4431818181818
7,321,WT,20.51231527093596,103.69458128078816,274.41871921182263
7,322,CRC,20.0,107.72277227722772,39.0990099009901
7,323,CRC,21.025,126.10576923076924,37.19423076923077
7,324,WT,20.455399061032864,131.4788732394366,281.40845070422534
7,325,WT,20.427350427350422,150.57692307692307,301.9572649572649
7,326,WT,20.0,166.0650406504065,279.1626016260163
7,327,WT,20.0,211.97894736842105,291.69473684210527
7,328,WT,20.516666666666666,216.5875,265.02916666666664
7,329,CRC,20.65502183406113,248.92139737991263,64.59825327510917
7,330,CRC,21.08484848484849,267.5919191919192,216.4909090909091
7,331,WT,21.72076372315036,54.36038186157518,148.07159904534606
7,332,WT,22.056,62.622,167.636
7,333,WT,21.0,59.21875,227.96875
7,334,WT,21.90853658536585,65.22865853658537,120.80182926829268
7,335,WT,21.66796875,68.3046875,105.91015625
7,336,WT,22.11670480549199,68.48970251716247,134.04118993135012
7,337,WT,21.39130434782609,85.22705314009661,257.4009661835749
7,338,CRC,21.776053215077606,91.19290465631929,60.831485587583146
7,339,CRC,21.651785714285715,107.6,48.25535714285714
7,340,WT,21.5,125.65217391304348,267.8641304347826
7,341,CRC,21.0,148.57142857142858,29.22077922077922
7,342,WT,21.41522491349481,160.03806228373702,273.7785467128028
7,343,CRC,21.638297872340427,176.43882978723406,38.390957446808514
7,344,WT,21.0,180.7699115044248,273.43362831858406
7,345,WT,21.0,200.52482269503545,267.177304964539
7,346,WT,21.0,232.9023569023569,246.5016835016835
7,347,CRC,23.04602510460251,281.77824267782427,102.65690376569036
7,348,CRC,21.4031007751938,301.3139534883721,135.7906976744186
7,349,WT,22.0,100.8198198198198,266.1081081081081
7,350,WT,23.13793103448276,99.5423197492163,251.8526645768025
7,351,CRC,23.619402985074625,116.57910447761192,59.42835820895522
7,352,CRC,23.487179487179485,266.97069597069594,86.6923076923077
7,353,WT,23.0,70.22972972972973,185.4324324324324
7,354,WT,23.0,85.19259259259259,249.06666666666663
7,355,WT,23.81180811808118,86.42066420664207,103.48339483394834
7,356,CRC,23.0,102.29787234042551,71.76595744680851
7,357,WT,23.74945054945055,121.56043956043956,256.44175824175824
7,358,WT,23.74423963133641,138.57603686635946,254.71658986175115
7,359,CRC,24.26795580110497,193.6022099447514,54.53038674033149
7,360,WT,23.0,192.93478260869568,258.2826086956522
7,361,WT,23.95477386934673,233.62060301507532,243.6582914572864
7,362,CRC,23.625,244.4375,68.27083333333333
7,363,CRC,24.098684210526315,267.5833333333333,205.43201754385964
7,364,CRC,23.54385964912281,289.093567251462,120.85380116959064
7,365,WT,24.63179916317992,82.85774058577405,189.81589958158995
7,366,WT,24.0,88.28735632183908,244.4712643678161
7,367,CRC,24.0,93.0923076923077,108.6923076923077
7,368,WT,24.58152173913044,93.7608695652174,205.83695652173915
7,369,WT,24.46067415730337,98.7752808988764,230.2078651685393
7,370,WT,24.42325581395349,109.10697674418604,242.093023255814
7,371,WT,25.308724832214764,110.81879194630872,215.65771812080536
7,372,WT,24.84304932735426,115.4439461883408,228.6681614349776
7,373,WT,24.0,117.24615384615385,263.4153846153846
7,374,WT,24.56020942408377,128.9895287958115,243.4083769633508
7,375,CRC,24.440594059405942,134.46534653465346,52.98514851485149
7,376,WT,26.06047197640118,140.97050147492627,216.64454277286137
7,377,WT,25.427710843373493,149.66867469879517,240.1987951807229
7,378,CRC,25.138339920948617,162.5177865612648,54.67193675889328
7,379,WT,24.55844155844156,171.17748917748918,252.5021645021645
7,380,WT,25.25795053003533,168.53710247349824,241.773851590106
7,381,WT,25.32715008431704,205.6121416526138,234.752107925801
7,382,CRC,24.490683229813666,226.3385093167702,229.3695652173913
7,383,CRC,24.524590163934427,232.7540983606557,83.74863387978142
7,384,WT,24.0,244.40366972477065,231.0183486238532
7,385,CRC,24.480392156862745,246.7745098039216,221.27941176470588
7,386,CRC,24.45402298850575,251.9712643678161,89.72126436781609
7,387,CRC,25.56996587030717,270.5580204778157,120.33617747440272
7,388,WT,25.0,78.48051948051948,125.3051948051948
7,389,WT,25.0,82.52845528455285,147.35772357723576
7,390,WT,25.0,85.00751879699249,168.37593984962405
7,391,WT,25.943298969072163,90.69329896907216,137.8659793814433
7,392,WT,25.532894736842103,100.6907894736842,193.7927631578948
7,393,WT,26.472647702407,102.78993435448578,169.67177242888403
7,394,CRC,25.0,112.0,82.96039603960396
7,395,WT,26.35857461024499,112.30957683741649,126.34298440979956
7,396,WT,25.974093264248705,115.38082901554404,194.9145077720208
7,397,WT,26.01951219512195,125.25365853658536,213.5487804878049
7,398,WT,25.494318181818183,130.8181818181818,230.72727272727272
7,399,CRC,25.70192307692308,139.9,73.00576923076923
7,400,WT,26.10479041916168,164.0239520958084,230.80538922155688
7,401,WT,25.906976744186046,185.02959830866808,234.0422832980973
7,402,CRC,27.60796915167095,208.94344473007712,93.68123393316196
7,403,CRC,25.0,220.2,72.91666666666667
7,404,CRC,25.0,254.4809160305344,207.54961832061068
7,405,CRC,25.0,271.2857142857143,188.1517857142857
7,406,CRC,25.53846153846154,278.7918552036199,138.24886877828055
7,407,CRC,25.0,285.34831460674155,162.5505617977528
7,408,CRC,25.0,287.00961538461536,179.71153846153845
7,409,CRC,25.461187214611872,288.662100456621,153.23744292237444
7,410,WT,26.472826086956523,102.41304347826087,142.93478260869566
7,411,WT,27.03010033444816,105.42809364548496,157.87959866220737
7,412,CRC,26.440414507772022,111.51813471502592,111.48704663212436
7,413,CRC,26.435294117647057,125.46666666666668,92.36078431372547
7,414,WT,27.189732142857142,125.24553571428572,186.5446428571429
7,415,WT,27.046770601336306,149.7260579064588,211.7728285077951
7,416,WT,28.50600343053173,168.16981132075472,214.2984562607204
7,417,CRC,26.489655172413794,182.77586206896552,68.95517241379311
7,418,CRC,26.45210727969349,229.69731800766283,213.00766283524905
7,419,WT,27.0,108.17910447761194,188.53731343283584
7,420,WT,27.440217391304348,115.17391304347828,147.29891304347825
7,421,WT,27.626126126126128,118.28828828828829,164.13963963963965
7,422,WT,27.67073170731708,124.04471544715447,133.8821138211382
7,423,WT,27.0,128.3448275862069,155.13793103448276
7,424,CRC,27.0,151.92655367231637,73.14124293785311
7,425,CRC,28.882506527415146,150.40208877284596,98.10966057441252
7,426,WT,28.29010989010989,149.021978021978,196.83296703296705
7,427,CRC,27.59016393442623,160.10163934426228,82.8295081967213
7,428,WT,27.528089887640448,182.31460674157304,211.58988764044943
7,429,CRC,27.0,216.15544041450772,101.26424870466322
7,430,CRC,28.69898697539797,229.2069464544139,115.73516642547034
7,431,CRC,27.0,255.92857142857144,120.58035714285714
7,432,CRC,27.0,261.6607142857143,138.35714285714286
7,433,WT,28.0,126.68503937007874,154.1968503937008
7,434,WT,28.57706093189964,132.9784946236559,171.81720430107526
7,435,CRC,28.0,140.00709219858155,145.39716312056737
7,436,CRC,28.0,141.77777777777777,124.88888888888889
7,437,WT,28.4222972972973,145.40878378378378,116.04391891891892
7,438,WT,29.057093425605537,150.63667820069205,185.55017301038063
7,439,CRC,28.0,150.0,164.140350877193
7,440,WT,29.16374269005848,150.94346978557505,141.11890838206628
7,441,CRC,29.13617886178862,152.9390243902439,168.23170731707316
7,442,CRC,28.46564885496183,160.3854961832061,94.27862595419847
7,443,WT,29.05818181818182,165.8490909090909,150.9181818181818
7,444,WT,29.05282555282556,168.96683046683046,128.990171990172
7,445,WT,29.180497925311204,171.86514522821577,172.24273858921163
7,446,WT,29.0843137254902,169.77254901960785,194.27843137254905
7,447,CRC,28.0,177.02380952380952,75.75
7,448,CRC,29.21062618595825,180.80645161290323,92.08728652751424
7,449,WT,29.149277688603533,179.00642054574638,108.9438202247191
7,450,CRC,29.15106382978724,185.8531914893617,184.78297872340423
7,451,CRC,28.0,185.734375,82.25
7,452,WT,28.958949096880133,186.81937602627252,207.78817733990147
7,453,CRC,29.009049773755656,209.52790346908,195.99396681749624
7,454,CRC,28.0,228.171875,200.78125
7,455,CRC,28.0,240.43859649122808,193.03508771929825
7,456,CRC,28.0,245.3333333333333,133.06666666666666
7,457,CRC,29.54891304347826,187.1576086956522,158.50815217391303
7,458,CRC,29.0,192.6017699115044,129.2212389380531
7,459,CRC,29.61,198.45,123.85
7,460,CRC,29.61467889908257,197.5963302752293,172.73700305810397
7,461,CRC,29.0,208.01408450704224,107.34507042253522
7,462,CRC,29.43155452436195,208.6218097447796,147.72853828306265
7,463,CRC,29.60891089108911,215.3762376237624,131.4108910891089
7,464,CRC,29.439226519337016,221.3121546961326,162.34806629834253
7,465,CRC,30.0,142.4967320261438,211.3267973856209
7,466,CRC,30.0,179.5820895522388,138.0
7,467,CRC,30.0,220.58823529411765,144.05882352941177
8,1,WT,3.263157894736842,85.26065162907268,186.81453634085213
8,2,WT,3.809633027522936,77.93577981651376,201.27981651376143
8,3,WT,3.0041928721174003,98.0922431865828,254.1236897274633
8,4,WT,3.083582089552239,95.31044776119404,224.6417910447761
8,5,WT,3.4851190476190474,108.2281746031746,204.171626984127
8,6,WT,2.0,102.79347826086956,241.08695652173915
8,7,WT,3.006060606060606,110.8121212121212,220.7090909090909
8,8,WT,2.8430232558139537,117.3391472868217,181.30426356589143
8,9,WT,3.0938967136150235,119.21361502347418,256.09154929577466
8,10,WT,3.2075892857142856,121.14285714285714,166.07366071428572
8,11,WT,3.3588516746411483,123.37081339712918,226.52153110047848
8,12,WT,2.706896551724138,133.33275862068965,156.8793103448276
8,13,WT,3.194029850746269,133.17910447761193,242.82587064676616
8,14,WT,2.0,133.13253012048193,214.15662650602408
8,15,WT,3.131868131868132,135.28296703296704,182.9203296703297
8,16,CRC,2.0,138.76470588235293,260.45098039215685
8,17,WT,3.0688836104513064,141.85035629453682,206.3230403800475
8,18,WT,2.886861313868613,145.0,134.22262773722628
8,19,WT,3.199152542372881,143.34110169491527,224.8665254237288
8,20,WT,2.0,150.6315789473684,246.65263157894736
8,21,WT,3.451923076923077,149.50721153846155,161.9471153846154
8,22,WT,2.0,155.66666666666666,211.05797101449275
8,23,WT,3.2528216704288937,155.59142212189616,241.22121896162528
8,24,CRC,3.259023354564756,163.84501061571126,277.12738853503186
8,25,WT,2.662135922330097,168.03300970873786,135.25242718446603
8,26,WT,3.2854864433811803,171.89473684210526,187.72567783094092
8,27,WT,3.2260536398467434,165.08045977011494,225.13601532567048
8,28,WT,3.180400890868597,168.46102449888642,203.57683741648103
8,29,WT,3.2013729977116703,167.69107551487414,256.60183066361554
8,30,WT,3.247739602169982,171.5732368896926,157.35985533453888
8,31,WT,3.0403877221324715,184.6623586429725,211.5379644588045
8,32,WT,3.696078431372549,181.62745098039213,171.06666666666666
8,33,WT,2.0,183.5625,256.75
8,34,WT,2.0,186.1237113402062,237.0721649484536
8,35,WT,3.066115702479338,190.11776859504133,186.1900826446281
8,36,CRC,2.3612565445026177,193.041884816754,108.73821989528795
8,37,WT,3.060390763765542,197.77264653641208,195.2841918294849
8,38,WT,3.101851851851852,204.3680555555556,212.42592592592592
8,39,WT,3.197647058823529,204.28,241.38117647058823
8,40,WT,3.5127551020408165,203.1811224489796,165.82397959183675
8,41,CRC,2.0,207.25,117.65625
8,42,WT,3.270363951473137,213.9844020797227,152.72790294627384
8,43,WT,3.2638680659670163,217.55472263868063,252.95652173913044
8,44,WT,3.467171717171717,213.0833333333333,177.42676767676767
8,45,WT,3.1604938271604937,215.8747795414462,219.18871252204585
8,46,WT,3.0438413361169103,216.5574112734864,194.258872651357
8,47,WT,2.994699646643109,225.3321554770318,239.55830388692576
8,48,WT,3.064814814814815,226.90046296296296,166.7476851851852
8,49,WT,2.575187969924812,231.20676691729324,149.14661654135338
8,50,CRC,2.0,233.9795918367347,223.6938775510204
8,51,WT,3.378787878787879,232.35416666666663,185.9621212121212
8,52,CRC,3.456828885400314,243.934065934066,172.37519623233908
8,53,CRC,3.150684931506849,246.12100456621005,229.23972602739727
8,54,CRC,2.9458128078817736,257.07635467980293,143.33743842364532
8,55,WT,4.785591766723842,78.46483704974271,232.41680960548885
8,56,CRC,3.8441330998248686,85.85113835376532,138.51488616462348
8,57,WT,3.663636363636364,92.69545454545457,257.80454545454546
8,58,WT,3.6340425531914895,91.8936170212766,210.7744680851064
8,59,WT,3.5020408163265304,100.0326530612245,239.3061224489796
8,60,WT,3.5686274509803924,100.65032679738562,170.23856209150327
8,61,WT,3.824817518248176,96.1058394160584,196.67518248175185
8,62,WT,3.979328165374677,103.9405684754522,154.10077519379846
8,63,WT,3.6145833333333335,112.52083333333331,242.18229166666663
8,64,CRC,3.860323886639676,116.96356275303644,128.00202429149795
8,65,WT,3.877094972067039,125.53631284916202,145.73743016759778
8,66,WT,3.55421686746988,129.63052208835342,194.710843373494
8,67,WT,3.6353383458646618,136.01127819548873,258.9248120300752
8,68,WT,3.865102639296188,144.57771260997066,122.48387096774194
8,69,WT,3.0,144.45299145299143,253.11111111111111
8,70,WT,3.591836734693877,150.33877551020407,145.85714285714286
8,71,WT,3.0,149.19444444444446,205.1851851851852
8,72,WT,3.738993710691824,156.34591194968553,177.55345911949686
8,73,CRC,3.52027027027027,156.80067567567568,265.2128378378378
8,74,WT,3.5742574257425743,163.4917491749175,121.83168316831684
8,75,CRC,3.5014005602240896,185.82072829131653,271.4341736694678
8,76,WT,3.58294930875576,184.05990783410132,250.3179723502304
8,77,WT,3.642998027613413,185.3629191321499,228.5029585798817
8,78,WT,3.8870151770657673,181.20404721753795,132.9848229342327
8,79,WT,3.4512987012987013,190.57467532467533,147.59415584415584
8,80,WT,3.547785547785548,204.03496503496504,120.82983682983684
8,81,CRC,3.818511796733212,205.4283121597096,263.04718693284934
8,82,CRC,3.0,208.948717948718,110.8846153846154
8,83,WT,3.5575539568345325,224.5503597122302,148.25539568345323
8,84,CRC,3.0,225.69767441860463,107.46511627906976
8,85,CRC,3.0,248.60992907801412,262.4751773049645
8,86,CRC,3.0,247.72519083969465,203.13740458015263
8,87,CRC,3.5761904761904764,256.4238095238095,190.0857142857143
8,88,CRC,3.6016427104722792,262.90143737166323,215.93839835728951
8,89,CRC,4.569747899159664,272.42857142857144,170.91764705882352
8,90,WT,4.0,48.52702702702703,225.3783783783784
8,91,WT,4.0,65.48913043478261,212.1195652173913
8,92,WT,4.0,68.81451612903226,229.1451612903226
8,93,WT,4.432911392405063,72.80506329113923,182.08860759493672
8,94,WT,4.0,77.43589743589743,216.45128205128205
8,95,WT,4.257142857142857,85.54285714285714,244.37777777777777
8,96,WT,4.0,86.55970149253731,264.2537313432836
8,97,WT,4.3310344827586205,89.9,167.34827586206896
8,98,CRC,4.0,95.2102564102564,122.1948717948718
8,99,CRC,4.241935483870968,110.96774193548389,103.67540322580643
8,100,WT,4.0,102.83221476510067,231.751677852349
8,101,WT,4.280701754385965,106.19298245614036,269.47076023391816
8,102,WT,4.0,102.75735294117646,183.94117647058823
8,103,WT,4.347305389221557,115.95808383233532,185.7305389221557
8,104,WT,4.0,121.6890243902439,134.9390243902439
8,105,CRC,4.0,123.88524590163937,272.6612021857924
8,106,WT,4.0,130.34868421052633,211.81578947368425
8,107,CRC,4.428571428571429,131.525,108.05357142857144
8,108,CRC,5.108499095840868,132.72875226039784,278.02893309222424
8,109,CRC,4.45398773006135,142.96625766871165,113.5398773006135
8,110,CRC,4.210743801652892,148.8099173553719,286.400826446281
8,111,WT,4.0,152.0483271375465,202.0371747211896
8,112,WT,4.541666666666667,165.14791666666667,112.12708333333332
8,113,CRC,4.363420427553444,162.23040380047505,296.64845605700714
8,114,WT,4.89977728285078,178.26726057906458,98.47661469933183
8,115,CRC,4.303571428571429,182.03214285714284,287.5464285714286
8,116,WT,4.586956521739131,187.8385093167702,121.51242236024844
8,117,WT,4.31638418079096,195.98870056497177,156.6949152542373
8,118,CRC,4.303571428571429,200.2892857142857,282.70714285714286
8,119,WT,4.0,199.247311827957,143.53763440860214
8,120,WT,4.0,211.124183006536,134.77124183006535
8,121,CRC,4.449324324324325,219.77702702702703,279.6182432432432
8,122,WT,4.0,226.7516129032258,125.21290322580646
8,123,CRC,4.0,232.084,221.38
8,124,CRC,4.543396226415094,233.66792452830188,266.25283018867924
8,125,WT,4.300380228136882,238.39163498098856,152.64638783269962
8,126,WT,4.517241379310345,243.26332288401247,139.0219435736677
8,127,CRC,4.389240506329114,244.23417721518987,255.36075949367088
8,128,CRC,4.0,253.76543209876544,205.39506172839504
8,129,CRC,4.0,260.03783783783786,163.03783783783783
8,130,CRC,4.566233766233767,273.2207792207792,191.88051948051947
8,131,WT,5.496666666666667,57.123333333333335,204.86
8,132,WT,5.0,56.67021276595744,183.56382978723408
8,133,WT,5.0,56.64102564102564,237.7948717948718
8,134,CRC,6.097852028639618,63.61575178997613,162.3054892601432
8,135,CRC,5.40080971659919,67.98380566801619,122.82591093117408
8,136,CRC,5.0,67.44827586206897,171.0758620689655
8,137,WT,5.457227138643068,70.71681415929204,210.7905604719764
8,138,WT,6.719672131147541,74.0672131147541,247.6163934426229
8,139,CRC,6.443234836702955,65.72161741835147,140.66562986003112
8,140,WT,5.522292993630574,76.87898089171975,257.81528662420385
8,141,WT,5.701886792452831,78.22264150943396,272.0943396226415
8,142,WT,5.577205882352941,79.3970588235294,153.0110294117647
8,143,WT,5.0,80.1900826446281,173.83471074380165
8,144,WT,5.0,80.34375,190.65625
8,145,CRC,5.0,91.41549295774648,98.056338028169
8,146,WT,5.0,87.375,229.71875
8,147,WT,5.0,94.07299270072993,266.4963503649635
8,148,WT,5.0,96.21052631578948,221.4736842105264
8,149,WT,5.427450980392157,101.8313725490196,278.1411764705882
8,150,CRC,5.0,105.2258064516129,105.0537634408602
8,151,CRC,5.0,113.45833333333331,85.64583333333333
8,152,WT,6.033033033033033,114.32432432432432,288.9009009009009
8,153,WT,5.83289817232376,126.3733681462141,294.3603133159269
8,154,CRC,5.379790940766551,134.4494773519164,86.59581881533101
8,155,CRC,5.0,146.30434782608697,310.34057971014494
8,156,CRC,5.434163701067615,149.50889679715303,77.93594306049822
8,157,CRC,5.3070539419087135,153.17842323651453,93.38589211618256
8,158,WT,5.459016393442623,165.55737704918033,213.3975409836065
8,159,CRC,5.0,170.55963302752295,304.0366972477064
8,160,CRC,5.4801762114537445,172.8061674008811,82.06167400881057
8,161,CRC,5.0,182.3139534883721,300.69767441860466
8,162,WT,5.48695652173913,188.33913043478265,86.73913043478261
8,163,CRC,11.820532319391637,195.7296577946768,327.8467680608365
8,164,WT,5.323076923076923,196.66666666666663,107.8974358974359
8,165,CRC,5.493506493506493,202.7965367965368,301.2251082251082
8,166,WT,5.0,203.31372549019608,84.09803921568627
8,167,WT,5.0,214.8112582781457,124.87086092715232
8,168,WT,5.0,220.88059701492537,101.00298507462686
8,169,CRC,5.0,222.4111111111111,293.9888888888889
8,170,WT,5.0,227.16216216216216,148.86486486486487
8,171,WT,5.235087719298246,238.46315789473684,121.84912280701757
8,172,CRC,5.689969604863222,259.5987841945289,119.3191489361702
8,173,CRC,5.417808219178082,256.9931506849315,153.24657534246575
8,174,CRC,5.399026763990268,264.1873479318735,243.04136253041364
8,175,CRC,5.524714828897339,268.08365019011404,131.6045627376426
8,176,CRC,5.538834951456311,266.7669902912621,155.22815533980582
8,177,CRC,5.795121951219512,273.5731707317073,145.0268292682927
8,178,CRC,5.0,268.34615384615387,206.8846153846154
8,179,CRC,5.511400651465798,281.59609120521174,213.9250814332248
8,180,CRC,5.445205479452055,284.1267123287671,184.5958904109589
8,181,WT,6.663265306122449,42.03061224489796,213.5765306122449
8,182,WT,6.863157894736842,38.61353383458647,201.64812030075188
8,183,WT,7.402197802197802,40.53626373626373,167.73406593406594
8,184,WT,6.888888888888889,47.92198581560284,158.90070921985816
8,185,WT,6.0,54.30232558139535,179.41860465116278
8,186,WT,6.0,54.38812785388128,230.56164383561645
8,187,WT,6.0,56.96363636363636,191.8181818181818
8,188,CRC,6.0,56.02941176470589,166.5
8,189,CRC,7.240793201133145,58.63314447592068,124.22662889518412
8,190,CRC,11.472596585804132,52.309973045822105,97.40251572327044
8,191,CRC,6.0,86.22435897435898,89.40384615384616
8,192,WT,6.411111111111111,99.29722222222222,290.96666666666664
8,193,CRC,6.378109452736318,100.6318407960199,78.13432835820896
8,194,WT,8.969082125603865,113.82898550724636,312.69082125603865
8,195,CRC,6.0,118.65648854961832,67.74809160305344
8,196,WT,7.490756302521008,132.2689075630252,313.11764705882354
8,197,CRC,6.332046332046332,144.28957528957528,305.6949806949807
8,198,CRC,6.454935622317596,143.56652360515022,64.71244635193133
8,199,CRC,7.420677361853833,154.18538324420678,319.7843137254902
8,200,CRC,6.870563674321503,159.7661795407098,57.82045929018789
8,201,CRC,6.0,167.781990521327,312.17535545023696
8,202,CRC,7.06858407079646,180.31415929203536,61.19911504424779
8,203,CRC,6.0,191.15942028985503,69.8695652173913
8,204,WT,6.0,206.1900826446281,79.55371900826447
8,205,WT,6.0,213.01739130434785,92.82608695652172
8,206,CRC,6.0,223.8181818181818,299.72727272727275
8,207,WT,6.642857142857143,231.56650246305412,79.50738916256158
8,208,WT,6.0,227.03225806451613,106.0483870967742
8,209,CRC,6.0,233.64406779661016,94.1186440677966
8,210,CRC,6.476489028213166,244.0156739811912,292.9843260188088
8,211,CRC,6.542424242424242,247.43636363636364,109.65151515151516
8,212,CRC,6.0,255.8292682926829,276.0487804878049
8,213,CRC,6.654794520547945,258.4246575342466,94.43561643835616
8,214,CRC,6.0,256.86486486486484,129.0
8,215,CRC,6.0,265.74242424242425,262.2121212121212
8,216,CRC,6.983838383838384,288.7131313131313,247.4868686868687
8,217,CRC,6.391304347826087,290.7391304347826,181.40096618357487
8,218,CRC,6.969072164948454,293.4989690721649,154.30103092783506
8,219,CRC,6.0,295.5,205.39166666666668
8,220,WT,7.0,40.52238805970149,186.65671641791045
8,221,WT,7.993630573248407,48.73673036093418,246.2059447983015
8,222,WT,7.0,52.78481012658228,173.58227848101265
8,223,WT,7.686478454680535,64.45468053491828,265.445765230312
8,224,WT,7.0,65.04123711340206,216.8556701030928
8,225,WT,8.465696465696466,74.91268191268192,285.26611226611226
8,226,CRC,7.0,84.09278350515464,82.11340206185567
8,227,WT,9.404549950544016,84.49455984174085,294.83877349159246
8,228,CRC,7.0,114.35521235521236,63.05791505791506
8,229,WT,7.0,128.72727272727272,280.59090909090907
8,230,WT,7.0,142.8421052631579,316.94736842105266
8,231,WT,7.0,151.0909090909091,302.969696969697
8,232,CRC,7.0,172.10416666666666,319.1041666666667
8,233,CRC,7.403301886792453,202.81367924528303,61.08490566037736
8,234,CRC,8.037383177570094,214.3177570093458,316.2616822429907
8,235,CRC,7.0,218.4883720930233,68.3313953488372
8,236,CRC,9.09963768115942,230.05797101449275,312.106884057971
8,237,CRC,7.0,259.61764705882354,281.4803921568628
8,238,CRC,7.0,268.38461538461536,267.3333333333333
8,239,CRC,8.062857142857142,275.7914285714286,280.5628571428571
8,240,CRC,7.998062015503876,282.23837209302326,103.734496124031
8,241,CRC,7.0,282.746835443038,124.9493670886076
8,242,CRC,7.344660194174757,281.9805825242718,258.38349514563106
8,243,CRC,7.0,295.07142857142856,206.8928571428572
8,244,CRC,7.0,301.6119402985075,214.38059701492537
8,245,CRC,7.640909090909091,301.2090909090909,171.54090909090908
8,246,CRC,7.982300884955753,306.07964601769913,202.1769911504425
8,247,CRC,9.004149377593361,308.37344398340247,229.44398340248964
8,248,CRC,8.017817371937639,307.6169265033408,186.9532293986637
8,249,WT,11.82439024390244,23.150522648083623,178.3149825783972
8,250,WT,14.475717439293598,25.869757174392937,219.7019867549669
8,251,WT,8.0,28.8,174.64705882352942
8,252,WT,14.27845351867941,23.95655951346655,202.472632493484
8,253,WT,8.778846153846153,37.80769230769231,220.2596153846154
8,254,WT,8.0,36.75806451612903,186.0
8,255,WT,10.87153134635149,41.41521068859198,114.6639260020555
8,256,WT,8.646464646464647,45.005050505050505,151.42929292929293
8,257,CRC,8.0,50.38666666666666,109.21333333333334
8,258,WT,9.079482439926062,53.26432532347505,128.35859519408504
8,259,WT,8.0,51.5,221.87777777777777
8,260,WT,8.258741258741258,59.69230769230769,234.5734265734266
8,261,CRC,8.292576419213974,80.94323144104804,71.99126637554585
8,262,CRC,8.442896935933147,97.87186629526462,57.27298050139276
8,263,CRC,13.225943196269606,87.09919457397203,49.37515896566342
8,264,CRC,8.53899480069324,154.51646447140382,41.08838821490468
8,265,CRC,9.138643067846608,165.34513274336285,326.28761061946904
8,266,CRC,8.0,177.5049504950495,44.881188118811885
8,267,CRC,8.602666666666666,197.112,44.82933333333333
8,268,CRC,8.387900355871887,221.18861209964413,54.63345195729537
8,269,CRC,8.0,225.4821428571429,64.28571428571429
8,270,WT,8.286802030456853,247.2208121827412,71.3730964467005
8,271,CRC,8.577507598784194,252.8693009118541,299.9817629179331
8,272,CRC,8.720930232558139,245.7054263565892,314.5658914728682
8,273,CRC,8.23939393939394,265.59090909090907,84.57878787878788
8,274,CRC,8.475728155339805,268.95631067961165,286.9805825242718
8,275,CRC,8.0,281.04651162790697,125.13953488372093
8,276,CRC,8.22110552763819,296.38693467336685,125.9070351758794
8,277,CRC,9.733590733590734,300.3532818532818,257.0617760617761
8,278,CRC,9.06153846153846,299.8791208791209,243.86373626373623
8,279,CRC,8.53763440860215,308.2768817204301,147.47043010752688
8,280,CRC,8.461538461538462,308.7087912087912,217.51098901098905
8,281,WT,14.761201629327902,23.414969450101832,186.24236252545825
8,282,WT,14.274230592558569,26.835553514010105,160.69866789159394
8,283,WT,9.917460317460318,34.857142857142854,148.87936507936507
8,284,WT,12.995959595959595,38.2013468013468,258.2639730639731
8,285,WT,11.021768707482993,36.4734693877551,136.32380952380953
8,286,WT,11.781945327399873,55.24984106802289,277.0470438652257
8,287,WT,9.0,56.20967741935484,245.6290322580645
8,288,WT,14.318527918781726,81.82191201353638,306.48181049069376
8,289,WT,10.077858880778589,138.02189781021897,323.323600973236
8,290,CRC,9.56387665198238,181.8370044052864,34.23348017621145
8,291,CRC,9.971252566735114,227.61806981519507,48.88090349075976
8,292,WT,9.792291220556743,244.3918629550321,62.14775160599572
8,293,CRC,9.0,246.71621621621625,305.3918918918919
8,294,CRC,9.0,274.10069444444446,81.70486111111111
8,295,CRC,14.248973305954824,283.53131416837783,284.3198151950719
8,296,CRC,9.464285714285714,300.8958333333333,114.86607142857144
8,297,CRC,9.82180293501048,318.55974842767296,168.0670859538784
8,298,CRC,11.285042333019756,324.74976481655693,189.03574788334905
8,299,WT,11.939181286549708,34.107602339181284,248.18011695906432
8,300,WT,10.0,38.12698412698413,235.93650793650792
8,301,WT,11.393673110720565,65.63971880492092,290.96309314586995
8,302,CRC,11.607375271149674,74.20824295010846,55.13882863340564
8,303,CRC,10.261437908496733,88.27450980392157,53.947712418300654
8,304,CRC,10.333333333333334,121.09122807017545,36.6
8,305,WT,14.272352132049518,120.6898211829436,325.914030261348
8,306,CRC,13.29873417721519,159.41708860759493,23.51075949367089
8,307,WT,13.997142857142856,141.80285714285714,331.91785714285714
8,308,WT,15.516543209876543,167.62962962962962,333.0059259259259
8,309,CRC,10.276470588235297,203.9823529411765,37.33529411764706
8,310,WT,15.174701918092277,223.4390876101607,322.696734059098
8,311,CRC,10.957142857142856,215.65714285714284,33.042857142857144
8,312,CRC,10.0,236.3703703703704,323.60493827160496
8,313,CRC,10.468531468531468,250.25174825174824,319.25174825174827
8,314,CRC,11.53888888888889,247.81666666666663,48.55740740740741
8,315,CRC,12.017738359201774,273.77272727272725,63.77272727272727
8,316,CRC,10.854037267080743,272.1832298136646,294.0031055900621
8,317,CRC,10.0,291.44973544973544,88.6984126984127
8,318,CRC,12.20689655172414,298.13262599469493,266.90583554376656
8,319,CRC,11.012867647058824,317.7334558823529,128.67830882352942
8,320,CRC,14.532513181019333,327.2882249560633,210.8605741066198
8,321,CRC,10.0,316.1111111111111,246.4814814814815
8,322,WT,13.830446672743848,27.845943482224246,237.6782133090246
8,323,CRC,13.726507713884994,52.29733520336606,82.78260869565217
8,324,WT,11.0,53.385245901639344,268.7295081967213
8,325,WT,11.0,55.51724137931034,124.41379310344828
8,326,CRC,12.607692307692307,60.85961538461538,68.86730769230769
8,327,WT,15.132716049382717,103.29398148148148,320.3595679012346
8,328,CRC,14.999225406661502,110.1750580945004,32.436870642912474
8,329,CRC,15.539630118890356,138.8560105680317,23.017173051519155
8,330,CRC,11.85655737704918,171.94262295081967,23.959016393442624
8,331,CRC,16.693454846727423,200.42874896437448,18.521541010770505
8,332,WT,11.0,226.55357142857144,320.30357142857144
8,333,CRC,11.0,229.77380952380952,35.845238095238095
8,334,CRC,14.86780487804878,254.8156097560976,308.72536585365856
8,335,CRC,13.18953488372093,261.16511627906976,48.72790697674419
8,336,CRC,11.0,261.22972972972974,300.3513513513513
8,337,CRC,11.558375634517766,267.61421319796955,304.15736040609136
8,338,CRC,11.516587677725118,284.3222748815166,290.2417061611374
8,339,CRC,14.098808689558515,301.0154169586545,75.29852838121934
8,340,CRC,11.615658362989324,309.3202846975089,97.8576512455516
8,341,CRC,16.14809041309431,314.43959469992205,243.4294621979735
8,342,CRC,12.04693140794224,315.05054151624546,227.8158844765343
8,343,WT,12.0,210.55,328.095
8,344,CRC,12.532407407407408,224.3935185185185,30.82407407407408
8,345,WT,12.0,236.6260162601626,318.6829268292683
8,346,CRC,16.823210412147507,337.3416485900217,154.46420824295012
8,347,WT,13.0,20.70833333333333,198.16666666666663
8,348,WT,15.330123796423658,29.5474552957359,144.50756533700138
8,349,WT,14.83664459161148,32.89514348785872,125.63024282560708
8,350,WT,17.05243209096652,59.80290587492104,286.3379658875553
8,351,CRC,16.50181818181818,242.81236363636364,28.176
8,352,CRC,13.929738562091504,321.7826797385621,104.63235294117646
8,353,CRC,16.58562992125984,337.28444881889766,184.02165354330708
8,354,WT,14.0,18.823529411764707,229.2156862745098
8,355,WT,14.0,90.78888888888888,318.9555555555556
8,356,WT,14.0,150.8,335.50666666666666
8,357,WT,16.823943661971832,185.5868544600939,332.14084507042253
8,358,CRC,18.35385949696444,277.54466608846485,49.5091066782307
8,359,WT,17.95344387755102,293.7117346938776,273.3029336734694
8,360,CRC,14.570921985815604,319.59929078014187,233.6241134751773
8,361,CRC,18.08496240601504,333.424060150376,124.08045112781954
8,362,CRC,15.959654178674352,213.63400576368875,16.527377521613833
8,363,CRC,15.0,237.03225806451613,24.021505376344088
8,364,WT,16.91434262948207,241.68027888446213,314.9163346613546
8,365,CRC,15.921465968586388,273.1335078534032,297.26439790575915
8,366,CRC,18.738970588235293,293.5404411764706,58.53952205882353
8,367,CRC,18.59268600252207,316.3877679697352,85.40668348045398
8,368,WT,17.408308004052685,44.80445795339412,267.9047619047619
8,369,WT,16.0,80.83333333333333,310.8611111111111
8,370,WT,17.40432612312812,89.70881863560732,313.01164725457573
8,371,CRC,17.65424430641822,92.09730848861284,42.52587991718426
8,372,CRC,19.11485870556062,172.18960802187786,17.08021877848678
8,373,WT,16.0,263.0689655172414,292.5689655172414
8,374,WT,16.0,304.8434782608696,260.61739130434785
8,375,WT,18.093922651933703,37.896132596685085,122.16132596685082
8,376,CRC,17.0,79.1891891891892,48.7027027027027
8,377,WT,18.04615384615385,150.32051282051282,331.2794871794872
8,378,CRC,19.06,261.6925,35.7325
8,379,CRC,18.6815415821501,329.657200811359,106.23732251521298
8,380,WT,18.0,29.866666666666667,237.0196078431373
8,381,CRC,18.0,68.8030303030303,80.00757575757575
8,382,CRC,18.0,130.16091954022988,23.701149425287355
8,383,WT,19.39237668161435,203.42825112107624,325.7242152466368
8,384,WT,19.0,38.5625,118.88541666666669
8,385,WT,20.13342503438789,42.78954607977992,116.39064649243468
8,386,CRC,21.142410015649453,77.06572769953051,94.79186228482004
8,387,WT,20.266233766233768,135.53896103896105,304.0681818181818
8,388,WT,19.375451263537904,162.50902527075812,310.3249097472924
8,389,WT,20.05979381443299,269.9237113402062,266.80824742268044
8,390,CRC,19.655948553054664,327.6237942122186,219.0610932475884
8,391,WT,20.0,70.68,293.8
8,392,WT,20.723529411764705,107.12352941176472,292.5235294117647
8,393,CRC,20.0,129.3877551020408,24.26530612244898
8,394,WT,20.0,130.84671532846716,325.7445255474453
8,395,CRC,20.0,132.21951219512195,38.63414634146341
8,396,WT,20.0,180.30769230769232,308.0923076923077
8,397,WT,20.480106100795755,225.51989389920425,291.14323607427053
8,398,WT,20.0,259.7971014492754,274.5434782608696
8,399,WT,20.464052287581698,282.3137254901961,244.58496732026143
8,400,CRC,21.47358121330724,326.1761252446184,194.93737769080235
8,401,CRC,20.0,338.35483870967744,140.33870967741936
8,402,WT,21.0,29.853658536585368,216.5
8,403,WT,21.0,33.06989247311828,161.9784946236559
8,404,WT,21.0,49.288288288288285,101.48648648648648
8,405,WT,21.27272727272728,57.2258953168044,192.42699724517905
8,406,WT,21.0,57.61139896373057,168.66839378238342
8,407,WT,21.3875,58.2625,212.1458333333333
8,408,WT,21.0,70.59116022099448,114.94475138121548
8,409,CRC,21.0,82.30263157894737,80.09210526315789
8,410,CRC,21.34013605442177,87.0204081632653,54.29931972789116
8,411,CRC,21.427419354838708,91.06451612903226,66.83870967741936
8,412,WT,21.0,98.17142857142858,311.6857142857143
8,413,WT,21.0,97.2279411764706,279.6764705882353
8,414,WT,21.0,123.9620253164557,299.3924050632912
8,415,WT,21.0,160.52727272727273,303.72727272727275
8,416,WT,21.0,197.0095238095238,298.3428571428572
8,417,WT,21.0,250.7514792899408,273.35502958579883
8,418,CRC,21.0,328.5609756097561,217.41463414634143
8,419,CRC,22.0,102.22935779816514,79.1651376146789
8,420,CRC,22.0,110.76106194690266,51.991150442477874
8,421,CRC,22.0,140.6978417266187,45.35971223021583
8,422,CRC,22.49514563106796,175.73139158576052,37.97411003236246
8,423,CRC,22.0,249.27797833935017,35.714801444043324
8,424,CRC,24.17060637204522,284.59198355601234,85.69578622816033
8,425,CRC,23.08059701492537,310.3641791044776,102.74626865671642
8,426,CRC,22.945652173913043,319.1820652173913,125.85597826086956
8,427,CRC,22.0,324.94736842105266,102.36842105263158
8,428,CRC,22.395744680851063,326.7276595744681,163.2936170212766
8,429,WT,23.0,118.25471698113208,281.9622641509434
8,430,WT,23.0,132.16666666666666,293.06410256410254
8,431,WT,23.5,173.33796296296296,291.05555555555554
8,432,WT,23.315384615384616,196.7076923076923,294.2846153846154
8,433,CRC,25.16461366181411,198.8197088465845,49.8454647256439
8,434,WT,24.66624843161857,247.00878293601005,254.6587202007528
8,435,CRC,23.0,268.3875,63.15
8,436,WT,23.0,272.4590163934426,246.4754098360656
8,437,CRC,23.47979797979798,321.8686868686869,174.64646464646464
8,438,CRC,23.0,324.09375,144.46875
8,439,CRC,23.0,335.6875,135.0
8,440,WT,24.41592920353982,77.78761061946902,186.19026548672565
8,441,WT,24.51578947368421,88.86842105263158,109.93157894736842
8,442,WT,24.714285714285715,99.9047619047619,261.25925925925924
8,443,WT,25.11881188118812,102.65841584158416,223.490099009901
8,444,WT,24.0,106.46456692913384,263.43307086614175
8,445,WT,24.463829787234044,106.41702127659576,243.28936170212765
8,446,CRC,24.5,122.12626262626264,65.53030303030303
8,447,WT,24.37037037037037,122.0925925925926,264.05555555555554
8,448,WT,24.0,121.20338983050848,272.59322033898303
8,449,WT,24.917933130699087,123.87234042553192,251.51975683890572
8,450,CRC,24.629955947136565,135.26431718061673,61.74008810572687
8,451,WT,24.0,142.4228187919463,284.0268456375839
8,452,CRC,24.71359223300971,152.6771844660194,52.19660194174757
8,453,WT,24.422619047619047,160.33928571428572,282.5178571428572
8,454,CRC,24.0,163.75555555555556,41.44444444444444
8,455,WT,24.0,173.31958762886595,278.91752577319585
8,456,CRC,24.49775784753363,177.90134529147983,45.13452914798207
8,457,WT,25.598574821852733,181.7624703087886,270.1353919239905
8,458,WT,24.0,194.2344827586207,281.9172413793103
8,459,WT,25.114803625377643,203.23867069486408,269.81268882175226
8,460,WT,24.0,211.42424242424244,283.5353535353535
8,461,WT,26.67025365103766,216.6341275941584,253.3020753266718
8,462,WT,24.0,223.99193548387092,276.6693548387097
8,463,CRC,24.46052631578948,268.280701754386,69.62719298245614
8,464,WT,25.0,77.45370370370371,209.07407407407408
8,465,WT,25.0,83.27672955974843,168.35849056603774
8,466,WT,25.0,82.57692307692308,127.0
8,467,WT,25.0,86.64285714285714,195.03571428571428
8,468,WT,25.0,89.35616438356165,207.9109589041096
8,469,WT,25.938235294117646,92.62647058823528,176.15882352941176
8,470,CRC,26.11720698254364,113.0997506234414,89.61970074812967
8,471,WT,25.692307692307693,130.59230769230768,244.40384615384616
8,472,WT,25.0,135.0681818181818,262.95454545454544
8,473,WT,26.215625,155.428125,263.471875
8,474,CRC,26.552486187845304,254.0626151012892,237.5211786372008
8,475,CRC,25.0,300.34736842105264,98.06315789473685
8,476,CRC,26.40759075907591,301.34158415841586,126.46864686468646
8,477,CRC,25.83182406209573,308.78007761966364,168.6830530401035
8,478,CRC,25.0,315.484375,143.1171875
8,479,WT,26.44396551724138,89.86206896551724,163.71120689655172
8,480,WT,26.0,89.34042553191489,137.19148936170214
8,481,WT,26.45344129554656,96.35627530364371,152.18623481781376
8,482,CRC,26.0,92.73333333333332,124.77333333333333
8,483,CRC,26.0,100.91525423728814,121.16101694915254
8,484,WT,27.208480565371023,107.15194346289752,141.6077738515901
8,485,WT,26.365591397849464,113.05017921146954,212.078853046595
8,486,WT,26.0,114.30434782608695,237.3913043478261
8,487,WT,27.53680981595092,132.12883435582822,216.00306748466252
8,488,CRC,26.947603121516163,150.80490523968786,65.9386845039019
8,489,WT,26.310880829015545,149.9222797927461,249.60621761658032
8,490,WT,27.055276381909547,170.47236180904522,253.0603015075377
8,491,WT,26.265625,168.984375,274.5
8,492,WT,26.38993710691824,187.0943396226415,262.8679245283019
8,493,WT,27.13840155945419,194.1364522417154,253.62573099415204
8,494,CRC,27.71366279069768,266.51453488372096,216.5813953488372
8,495,CRC,26.0,292.8181818181818,115.85064935064936
8,496,WT,27.0,100.05333333333331,188.4
8,497,WT,27.65740740740741,104.74537037037037,185.19444444444449
8,498,WT,27.0,109.07894736842104,166.3421052631579
8,499,WT,27.0,111.15277777777776,195.16666666666663
8,500,WT,27.98254364089776,111.50374064837904,176.1147132169576
8,501,WT,27.63302752293578,118.79816513761467,211.38532110091745
8,502,CRC,27.60091743119266,126.5137614678899,80.54128440366972
8,503,CRC,28.43664383561644,133.45719178082192,115.94006849315068
8,504,CRC,28.327868852459016,140.76775956284152,88.72950819672131
8,505,WT,27.0,142.57142857142858,234.72321428571428
8,506,WT,27.838815789473685,152.39144736842104,238.69736842105263
8,507,WT,28.33333333333333,153.91182795698924,220.46451612903223
8,508,CRC,27.0,159.48235294117646,60.43529411764706
8,509,WT,27.447115384615383,163.9278846153846,245.5
8,510,WT,28.28942486085344,175.99072356215214,231.84601113172545
8,511,CRC,27.44031830238727,183.6949602122016,62.52519893899204
8,512,WT,28.59756097560976,190.53252032520325,231.16666666666663
8,513,CRC,28.37478108581436,231.10507880910683,232.62521891418564
8,514,CRC,27.59718309859155,250.6112676056338,81.03661971830986
8,515,CRC,27.542435424354245,277.549815498155,112.30258302583026
8,516,CRC,28.41604938271605,279.59753086419755,189.4037037037037
8,517,CRC,27.97423887587822,293.711943793911,171.18032786885246
8,518,CRC,27.459375,300.8625,144.44375
8,519,CRC,27.0,297.79487179487177,201.53846153846155
8,520,WT,28.0,124.45991561181437,198.1561181434599
8,521,CRC,28.49494949494949,119.8013468013468,136.4983164983165
8,522,WT,28.424920127795527,119.61341853035144,163.99361022364218
8,523,WT,28.964646464646464,126.6969696969697,184.9570707070707
8,524,WT,29.53558718861209,131.17437722419928,153.64768683274022
8,525,CRC,28.556135770234988,200.30548302872063,73.01566579634465
8,526,CRC,30.20304017372421,201.5928338762215,101.68078175895764
8,527,CRC,28.0,225.1782945736434,65.12403100775194
8,528,CRC,29.06679389312977,246.3625954198473,102.706106870229
8,529,CRC,28.0,269.2105263157895,92.1127819548872
8,530,CRC,28.0,288.036231884058,115.77536231884058
8,531,CRC,28.0,288.8073394495413,127.14678899082568
8,532,WT,29.0,124.984126984127,198.0
8,533,CRC,29.0,134.456,130.472
8,534,WT,29.51492537313433,133.7910447761194,196.66044776119404
8,535,WT,29.95522388059701,140.61940298507463,177.2213930348259
8,536,CRC,29.52173913043478,147.27826086956523,163.9391304347826
8,537,WT,29.47395833333333,145.16666666666666,141.73958333333334
8,538,CRC,30.59640522875817,154.23529411764707,151.50653594771242
8,539,WT,29.533195020746888,156.73858921161826,205.1576763485477
8,540,CRC,29.44610778443114,156.16467065868264,100.9311377245509
8,541,WT,30.55844155844156,157.69264069264068,122.6046176046176
8,542,WT,30.372943327239486,155.53016453382085,177.41681901279708
8,543,WT,30.686800894854585,168.1006711409396,156.60402684563758
8,544,CRC,29.4746835443038,169.72151898734177,90.30696202531644
8,545,WT,30.03470715835141,178.98047722342733,209.43383947939265
8,546,CRC,29.839366515837103,189.3552036199095,86.1945701357466
8,547,WT,29.39591836734694,197.33877551020407,224.39183673469387
8,548,WT,30.04,208.44333333333333,223.9
8,549,CRC,29.91364902506964,219.94707520891365,215.97214484679665
8,550,WT,29.41624365482233,226.64467005076145,91.73096446700508
8,551,CRC,29.53716216216216,245.76351351351352,216.39527027027023
8,552,CRC,29.989648033126294,255.1262939958592,124.1904761904762
8,553,CRC,30.03838383838384,262.55555555555554,135.75757575757575
8,554,CRC,29.0,266.21014492753625,205.7463768115942
8,555,CRC,29.0,278.15625,138.03645833333334
8,556,CRC,29.0,281.968992248062,168.43410852713177
8,557,CRC,29.0,289.05737704918033,136.89344262295083
8,558,WT,30.4622641509434,166.62264150943398,191.3066037735849
8,559,CRC,30.827868852459016,169.8879781420765,103.19125683060108
8,560,WT,30.93351063829787,171.18882978723406,176.34308510638297
8,561,WT,30.0,176.33009708737865,221.126213592233
8,562,WT,30.589830508474577,181.5322033898305,195.5084745762712
8,563,WT,31.145896656534955,182.38297872340425,131.89057750759878
8,564,WT,31.170603674540683,185.28083989501312,113.71391076115484
8,565,WT,31.22777777777777,187.02777777777777,151.48333333333332
8,566,CRC,31.088772845953,203.0130548302872,203.12271540469973
8,567,CRC,30.621145374449338,226.21145374449333,115.38766519823788
8,568,CRC,31.32904411764705,225.6011029411765,125.59007352941175
8,569,CRC,30.0,256.33576642335765,200.71532846715328
8,570,CRC,30.664335664335663,258.31468531468533,174.2937062937063
8,571,CRC,30.0,269.6942148760331,155.7603305785124
8,572,WT,31.46575342465753,170.10045662100455,143.1095890410959
8,573,WT,31.6412213740458,172.41603053435114,127.587786259542
8,574,WT,31.0,177.09859154929578,118.7887323943662
8,575,WT,31.52542372881356,188.36016949152545,184.3008474576272
8,576,CRC,31.52263374485597,189.89711934156372,170.04526748971193
8,577,CRC,31.36858006042296,197.8368580060423,126.27794561933534
8,578,CRC,31.489878542510123,204.64777327935224,177.12145748987854
8,579,CRC,31.0,201.0625,193.6
8,580,CRC,31.411924119241192,211.96747967479675,169.17344173441734
8,581,CRC,31.49465240641712,207.3850267379679,146.35561497326202
8,582,CRC,31.43243243243243,209.1081081081081,187.5
8,583,CRC,31.0,220.251968503937,104.64566929133858
8,584,CRC,31.0,221.32089552238807,204.6865671641791
8,585,CRC,31.54263565891473,222.52713178294573,157.98191214470285
8,586,CRC,31.41717791411043,226.6042944785276,136.08588957055215
8,587,CRC,31.45112781954888,229.906015037594,189.8308270676692
8,588,CRC,31.0,232.71328671328672,166.58041958041957
8,589,CRC,31.0,235.09467455621305,146.14201183431953
8,590,CRC,31.0,244.1081081081081,177.6216216216216
8,591,CRC,31.254355400696863,248.6829268292683,156.84668989547038
8,592,CRC,32.0,201.17605633802816,160.01408450704224
8,593,CRC,32.0,204.327868852459,120.09836065573772
9,1,CRC,3.6267281105990783,87.77649769585254,157.90092165898616
9,2,CRC,3.313271604938272,115.80246913580248,158.18055555555554
9,3,WT,3.878651685393258,111.20449438202247,203.31011235955057
9,4,WT,3.904624277456648,113.6156069364162,220.8439306358381
9,5,WT,3.9174174174174174,118.63213213213211,237.27627627627623
9,6,WT,4.150769230769231,122.24,257.15076923076924
9,7,WT,3.697095435684648,127.71369294605807,207.9170124481328
9,8,WT,3.766584766584767,129.32186732186733,219.44226044226045
9,9,WT,4.056159420289855,125.4891304347826,188.58152173913044
9,10,WT,3.72289156626506,132.5590361445783,247.29156626506025
9,11,CRC,3.880248833592535,142.91912908242614,143.15085536547434
9,12,WT,3.751243781094528,146.33499170812604,177.39635157545607
9,13,WT,3.8907766990291264,141.94660194174756,204.80582524271844
9,14,WT,3.710616438356164,150.90239726027397,257.8578767123288
9,15,WT,4.072368421052632,147.32236842105263,235.6578947368421
9,16,CRC,3.694760820045558,149.8246013667426,303.93621867881546
9,17,WT,4.18018018018018,151.5045045045045,219.3093093093093
9,18,WT,3.0,157.1089108910891,274.5742574257426
9,19,WT,4.13946587537092,162.8813056379822,229.56379821958456
9,20,WT,4.036842105263158,165.68947368421053,170.13947368421051
9,21,WT,3.7986425339366514,172.24886877828055,190.3235294117647
9,22,WT,4.180161943319838,169.414979757085,249.7246963562753
9,23,WT,4.25925925925926,167.79835390946502,271.89300411522635
9,24,WT,3.746803069053709,174.63938618925832,214.40920716112527
9,25,WT,3.778225806451613,176.51209677419354,137.01209677419354
9,26,WT,3.9520958083832336,181.3622754491018,178.24550898203591
9,27,WT,3.5175718849840254,182.5399361022364,163.2108626198083
9,28,CRC,3.508849557522124,180.80973451327435,307.570796460177
9,29,WT,3.904255319148936,182.89361702127653,234.53546099290784
9,30,WT,3.547854785478548,186.006600660066,281.86798679867985
9,31,WT,3.890489913544669,189.47550432276657,208.53025936599423
9,32,WT,3.357142857142857,189.3333333333333,149.07142857142858
9,33,WT,3.0,189.74100719424465,227.5107913669065
9,34,CRC,4.053763440860215,187.3978494623656,300.008064516129
9,35,WT,3.0,189.64935064935065,134.11688311688312
9,36,WT,3.0,191.38888888888889,259.90277777777777
9,37,WT,4.017910447761194,195.5522388059701,243.3253731343284
9,38,WT,4.0212765957446805,195.7814313346228,275.1276595744681
9,39,WT,3.8,201.59459459459453,161.38378378378377
9,40,WT,3.8199052132701423,203.760663507109,200.2488151658768
9,41,WT,3.922169811320755,207.49056603773585,237.47877358490567
9,42,CRC,4.145882352941176,201.75294117647056,305.2988235294118
9,43,WT,3.0,205.3294117647059,222.89411764705883
9,44,WT,3.0,206.81632653061223,131.3673469387755
9,45,WT,4.115702479338843,209.45454545454547,293.40220385674934
9,46,WT,3.9657894736842105,211.3421052631579,261.5815789473684
9,47,CRC,3.0,212.4959349593496,119.4390243902439
9,48,WT,3.0,213.64335664335664,179.020979020979
9,49,WT,4.027397260273973,213.6054794520548,188.23013698630132
9,50,WT,4.012096774193548,220.4818548387097,210.61693548387092
9,51,WT,4.015355086372361,221.37619961612285,245.3358925143954
9,52,CRC,3.502923976608187,222.0643274853801,139.80701754385964
9,53,WT,4.207386363636363,222.15625,156.26988636363637
9,54,CRC,4.036082474226804,225.553264604811,293.0257731958763
9,55,WT,4.052391799544419,225.41230068337129,276.66970387243737
9,56,WT,3.968899521531101,229.08851674641147,201.0334928229665
9,57,WT,4.11003861003861,227.9980694980695,222.84555984555985
9,58,WT,3.941368078175896,231.6123778501629,170.74918566775244
9,59,WT,3.0,233.31764705882352,274.90588235294115
9,60,WT,3.840725806451613,240.11693548387092,190.8185483870968
9,61,CRC,3.0,239.2824858757062,262.84180790960454
9,62,WT,4.03494623655914,242.0349462365592,226.31989247311827
9,63,WT,3.775055679287305,243.7728285077951,171.60801781737194
9,64,CRC,3.425,248.53,247.405
9,65,CRC,3.888412017167382,251.1652360515021,287.71888412017165
9,66,WT,4.012567324955117,255.13824057450628,181.94434470377016
9,67,CRC,3.974811083123426,250.4206549118388,209.18136020151127
9,68,CRC,3.2527472527472527,253.2692307692308,307.46153846153845
9,69,CRC,3.0,259.8152173913044,264.6847826086956
9,70,CRC,3.4916201117318435,265.72067039106145,242.10614525139664
9,71,CRC,3.3577235772357725,265.8739837398374,201.03658536585365
9,72,CRC,3.0,267.556338028169,231.54225352112675
9,73,CRC,3.452662721893492,275.6656804733728,218.5680473372781
9,74,CRC,4.530266343825666,274.5060532687652,170.24697336561744
9,75,WT,5.091787439613527,74.42995169082126,214.66425120772948
9,76,CRC,5.703947368421052,72.78125,181.49671052631572
9,77,WT,4.0,83.5774647887324,197.0281690140845
9,78,WT,4.298611111111111,89.70138888888889,182.0868055555556
9,79,WT,4.604651162790698,87.59136212624584,236.59468438538207
9,80,WT,4.502347417840376,97.64788732394366,216.67136150234745
9,81,WT,4.563876651982379,99.3612334801762,241.31277533039648
9,82,CRC,4.0,98.97101449275362,132.7536231884058
9,83,WT,4.398843930635838,99.91907514450868,202.0057803468208
9,84,WT,4.437229437229437,101.36796536796535,229.0909090909091
9,85,WT,4.44529262086514,104.95674300254451,180.85496183206104
9,86,WT,4.481781376518219,105.34008097165992,253.085020242915
9,87,CRC,4.0,119.5158371040724,121.3574660633484
9,88,WT,4.835766423357664,116.56569343065694,264.8467153284672
9,89,WT,4.0,123.17757009345794,165.3831775700935
9,90,WT,4.582758620689655,123.93448275862067,281.47241379310344
9,91,WT,4.522321428571429,130.36160714285714,269.3705357142857
9,92,CRC,4.0,130.6535433070866,132.54330708661416
9,93,WT,4.652941176470589,139.38823529411764,241.2
9,94,WT,4.466275659824047,140.3841642228739,169.42228739002934
9,95,CRC,4.0,138.78846153846155,118.6153846153846
9,96,WT,4.47926267281106,137.1290322580645,223.44239631336404
9,97,WT,4.6570247933884295,141.48760330578511,282.0619834710744
9,98,WT,4.0,145.69182389937106,287.52830188679246
9,99,WT,4.0,142.97530864197532,255.73456790123456
9,100,CRC,4.0,146.72307692307692,298.14358974358976
9,101,WT,4.395894428152492,152.65395894428153,155.21700879765396
9,102,WT,4.398009950248756,151.49751243781094,270.48258706467664
9,103,WT,4.290322580645161,154.63870967741934,195.70967741935485
9,104,WT,4.350194552529183,161.65369649805447,142.74708171206225
9,105,CRC,4.585152838427947,162.0174672489083,317.292576419214
9,106,WT,4.4916943521594686,164.9966777408638,208.56478405315616
9,107,CRC,4.0,166.7835051546392,299.88659793814435
9,108,CRC,4.433628318584071,166.9070796460177,289.2300884955752
9,109,CRC,4.395498392282958,171.02893890675242,118.69453376205789
9,110,CRC,4.566860465116279,181.8139534883721,320.7732558139535
9,111,WT,4.0,180.44791666666663,144.65625
9,112,WT,4.385321100917431,182.45871559633028,191.76605504587155
9,113,WT,4.461538461538462,187.09716599190284,220.8744939271255
9,114,WT,4.412751677852349,191.21812080536915,256.2751677852349
9,115,WT,4.483193277310924,190.7983193277311,128.81932773109244
9,116,WT,4.406779661016949,194.1779661016949,189.5338983050848
9,117,WT,4.470338983050848,197.8771186440678,175.53813559322035
9,118,WT,4.505415162454874,201.1119133574007,147.16606498194946
9,119,WT,4.447619047619048,198.8904761904762,229.4
9,120,WT,4.548494983277592,207.7190635451505,125.32107023411372
9,121,WT,4.515555555555555,207.4488888888889,216.98222222222225
9,122,CRC,4.4397394136807815,215.71335504886,312.11074918566777
9,123,WT,4.4104803493449785,215.0174672489083,169.85589519650654
9,124,CRC,4.0,213.8333333333333,116.8
9,125,WT,4.417525773195877,228.0103092783505,258.8350515463917
9,126,WT,4.0,227.0,128.5
9,127,WT,4.495145631067961,232.0,184.12135922330097
9,128,CRC,4.356521739130435,237.96521739130435,243.29565217391303
9,129,WT,4.464285714285714,239.7321428571429,270.63392857142856
9,130,CRC,4.322274881516588,244.2085308056872,258.86729857819904
9,131,WT,4.698961937716263,242.97231833910035,152.37024221453288
9,132,CRC,4.736666666666666,246.7733333333333,302.57666666666665
9,133,WT,4.0,258.3206106870229,157.82442748091603
9,134,CRC,4.0,274.02803738317755,263.91121495327104
9,135,CRC,4.375404530744337,279.59546925566343,197.63430420711973
9,136,CRC,5.433260393873085,279.4879649890591,283.71772428884026
9,137,CRC,4.644021739130435,291.3233695652174,230.4891304347826
9,138,CRC,7.34085414987913,58.91136180499597,144.22884770346494
9,139,WT,6.124705882352941,65.08705882352942,228.57882352941172
9,140,CRC,5.861963190184049,66.21625766871166,167.170245398773
9,141,WT,5.0,81.95437262357414,194.3688212927757
9,142,WT,6.64625850340136,72.03231292517007,244.36054421768708
9,143,CRC,5.0,75.21527777777777,133.9375
9,144,CRC,5.0,78.45652173913044,158.54347826086956
9,145,WT,5.0,84.0703125,205.4140625
9,146,WT,5.0,83.15384615384616,221.81196581196585
9,147,WT,5.0,85.42647058823529,251.9705882352941
9,148,CRC,5.0,99.23976608187137,112.52046783625732
9,149,WT,5.0,94.40983606557376,205.4918032786885
9,150,WT,5.833787465940055,99.77111716621252,275.9564032697548
9,151,WT,5.423580786026201,100.05676855895196,261.8340611353712
9,152,WT,5.320574162679426,110.95215311004785,283.3205741626794
9,153,CRC,5.0,120.202216066482,97.15789473684212
9,154,WT,5.323770491803279,121.09836065573772,296.09016393442624
9,155,WT,5.0,126.01680672268908,233.01680672268907
9,156,WT,5.0,136.45652173913044,255.67391304347825
9,157,WT,5.23598820058997,142.57227138643069,320.30678466076694
9,158,CRC,5.0,139.0896551724138,102.7103448275862
9,159,WT,5.0,138.14285714285714,303.8095238095238
9,160,WT,5.0,147.06578947368422,292.20394736842104
9,161,CRC,5.41747572815534,149.77022653721684,91.81553398058252
9,162,WT,5.0,154.31645569620252,249.62025316455697
9,163,CRC,5.0,156.47191011235955,116.17977528089888
9,164,CRC,5.0,157.81666666666666,102.96666666666668
9,165,CRC,5.0,165.23809523809524,106.2721088435374
9,166,CRC,5.0,170.10569105691056,326.9837398373984
9,167,CRC,6.169642857142857,168.95833333333334,82.94940476190476
9,168,WT,5.0,175.14285714285714,258.0571428571429
9,169,WT,5.0,179.68148148148148,117.46666666666668
9,170,WT,5.0,181.4583333333333,286.35
9,171,WT,5.0,181.0943396226415,106.72641509433964
9,172,WT,5.0,179.77272727272728,225.52272727272728
9,173,CRC,5.881481481481481,185.46666666666667,85.82962962962964
9,174,WT,5.0,184.1375,151.2625
9,175,WT,5.0,191.69421487603304,250.37190082644628
9,176,CRC,5.488262910798122,189.55399061032864,333.9765258215962
9,177,WT,5.0,195.8910891089109,141.73267326732673
9,178,WT,5.232558139534884,200.2906976744186,113.19767441860463
9,179,CRC,5.0,200.35099337748343,100.41059602649008
9,180,CRC,5.0,201.6074074074074,324.65185185185186
9,181,WT,5.0,213.81052631578947,177.69473684210527
9,182,WT,5.0,215.92857142857144,140.54285714285714
9,183,CRC,5.0,220.51612903225808,323.11290322580646
9,184,WT,5.0,229.7692307692308,137.50480769230768
9,185,CRC,5.0,229.4131455399061,311.44600938967136
9,186,CRC,5.901701323251418,232.5557655954632,336.6843100189036
9,187,WT,5.0,236.396551724138,115.72413793103448
9,188,WT,5.0,245.54362416107384,131.0738255033557
9,189,CRC,6.094262295081967,245.50819672131144,116.4610655737705
9,190,CRC,5.0,257.5633802816901,276.23943661971833
9,191,WT,5.524752475247524,258.7590759075908,144.14191419141915
9,192,WT,5.0,259.35042735042737,164.66666666666666
9,193,CRC,5.0,267.5,291.0625
9,194,CRC,5.86322869955157,269.95739910313904,307.4730941704036
9,195,CRC,5.0,273.38532110091745,182.08256880733944
9,196,CRC,5.0,277.4418604651163,210.1705426356589
9,197,CRC,5.907462686567164,289.1134328358209,186.2059701492537
9,198,CRC,5.0,286.32323232323233,262.4949494949495
9,199,CRC,5.920918367346939,289.84183673469386,160.91836734693877
9,200,CRC,5.0,294.75586854460096,241.67605633802816
9,201,CRC,5.674193548387096,298.05806451612904,199.0032258064516
9,202,CRC,5.409594095940959,304.0811808118081,218.35055350553503
9,203,WT,7.390396659707725,51.02922755741128,187.3653444676409
9,204,WT,6.0,48.86666666666667,248.6
9,205,WT,6.459821428571429,58.40178571428572,215.57142857142856
9,206,CRC,6.46875,62.799107142857146,128.67857142857142
9,207,CRC,6.325670498084291,69.80076628352491,194.96934865900383
9,208,WT,6.0,68.87058823529412,235.7764705882353
9,209,WT,6.0,74.07317073170732,263.0406504065041
9,210,CRC,6.0,84.36075949367088,109.6518987341772
9,211,WT,8.061652281134402,81.82983970406904,276.3378545006165
9,212,CRC,6.0,104.93333333333334,88.56666666666666
9,213,WT,6.392857142857143,104.95238095238096,289.6190476190476
9,214,WT,6.666666666666667,113.33333333333331,307.90361445783134
9,215,WT,6.0,121.80851063829788,303.52127659574467
9,216,CRC,6.0,128.22448979591837,90.95238095238096
9,217,WT,6.0,129.38297872340425,316.3085106382979
9,218,WT,6.453020134228188,141.46308724832215,330.53355704697987
9,219,CRC,6.35,145.425,80.95833333333333
9,220,WT,6.0,149.752688172043,325.5698924731183
9,221,CRC,6.65979381443299,160.13058419243987,68.60137457044674
9,222,CRC,6.0,163.3409090909091,101.61363636363636
9,223,WT,6.0,161.35714285714286,264.85714285714283
9,224,WT,6.0,165.3265306122449,269.734693877551
9,225,CRC,6.0,167.36434108527132,337.51937984496124
9,226,CRC,6.0,186.1428571428572,74.44444444444444
9,227,CRC,6.323863636363637,203.6875,90.94886363636364
9,228,CRC,6.4609665427509295,209.73977695167287,77.88847583643123
9,229,WT,6.0,209.1967213114754,106.68032786885246
9,230,CRC,6.0,210.80869565217392,335.8521739130435
9,231,WT,6.232804232804233,223.4973544973545,97.22751322751324
9,232,CRC,6.0,236.79090909090908,109.25454545454544
9,233,WT,6.488188976377953,239.0314960629921,97.14173228346456
9,234,CRC,6.439716312056738,253.24468085106383,325.23758865248226
9,235,CRC,6.0,254.6829268292683,100.89024390243902
9,236,CRC,6.0,272.452,125.68
9,237,CRC,6.0,283.2978723404256,142.36702127659575
9,238,CRC,6.374485596707819,281.47736625514403,301.2921810699589
9,239,CRC,6.0,288.5263157894737,171.73684210526315
9,240,CRC,6.577160493827161,297.00925925925924,144.46296296296296
9,241,CRC,6.383928571428571,295.1607142857143,267.7455357142857
9,242,CRC,6.0,299.7307692307692,232.7596153846154
9,243,CRC,7.156996587030717,305.77133105802045,176.1877133105802
9,244,CRC,6.640326975476839,311.76566757493185,248.00544959128067
9,245,CRC,6.523560209424084,316.9188481675393,213.2120418848168
9,246,WT,7.502762430939226,46.39779005524862,199.08839779005524
9,247,WT,7.45993031358885,47.142857142857146,213.5400696864112
9,248,WT,9.393631436314363,45.300135501355015,244.6456639566396
9,249,CRC,7.990291262135922,46.45631067961165,156.32766990291262
9,250,WT,7.0,51.56435643564357,230.62376237623764
9,251,WT,7.0,67.63050847457627,268.064406779661
9,252,CRC,7.0,72.80341880341881,110.2905982905983
9,253,WT,7.729411764705882,78.9270588235294,259.3976470588235
9,254,WT,7.3872053872053876,87.17845117845118,292.5050505050505
9,255,CRC,7.0,94.52719665271968,90.22175732217572
9,256,WT,8.037453183520599,91.49812734082396,311.2209737827715
9,257,WT,8.719242902208203,101.62460567823344,311.4006309148265
9,258,WT,7.544776119402985,114.71641791044776,325.63432835820896
9,259,CRC,7.741444866920152,114.85171102661596,71.0190114068441
9,260,CRC,7.0,124.29411764705884,79.46078431372548
9,261,WT,7.0,126.1796875,326.3125
9,262,CRC,7.467065868263473,142.02994011976048,68.35329341317366
9,263,CRC,7.0,151.14285714285714,340.8857142857143
9,264,CRC,7.0,154.4848484848485,60.03030303030303
9,265,CRC,8.076487252124647,153.1529745042493,347.37110481586404
9,266,CRC,7.0,176.5079365079365,71.60317460317461
9,267,CRC,7.436567164179104,187.32462686567163,68.0
9,268,CRC,7.0,193.25766871165644,345.29447852760734
9,269,CRC,7.48019801980198,218.6633663366337,349.009900990099
9,270,WT,7.811904761904762,239.4928571428572,79.56666666666666
9,271,CRC,7.493333333333333,250.56444444444443,339.3111111111112
9,272,CRC,7.0,262.05732484076435,97.98726114649682
9,273,CRC,7.0,262.5731707317073,110.51219512195122
9,274,CRC,7.935374149659863,273.0374149659864,326.7278911564626
9,275,CRC,7.0,279.51973684210526,116.88157894736842
9,276,CRC,7.416666666666667,286.7037037037037,311.5462962962963
9,277,CRC,7.0,296.51724137931035,289.55172413793105
9,278,CRC,8.346998535871156,308.99853587115666,127.51830161054173
9,279,CRC,7.63013698630137,306.5867579908676,282.5159817351598
9,280,CRC,7.0,304.3333333333333,217.44444444444449
9,281,CRC,8.090909090909092,316.54916512059367,152.2578849721707
9,282,CRC,7.471311475409836,317.2950819672131,195.90983606557376
9,283,CRC,7.0,316.7741935483871,258.35483870967744
9,284,CRC,7.0,316.82278481012656,270.65822784810126
9,285,CRC,7.483516483516484,322.2234432234432,183.4029304029304
9,286,WT,11.9204107830552,25.58087291399229,219.44993581514763
9,287,WT,8.731829573934837,38.25814536340853,207.43859649122808
9,288,WT,8.562737642585551,40.39543726235741,186.03041825095056
9,289,WT,10.22222222222222,39.91111111111111,143.13071895424838
9,290,WT,8.54245283018868,49.570754716981135,173.41981132075472
9,291,WT,8.692307692307692,60.22115384615385,274.4879807692308
9,292,CRC,8.463576158940397,59.96026490066225,120.37086092715232
9,293,CRC,8.525291828793774,66.83268482490273,104.55252918287938
9,294,WT,9.007112375533428,70.52062588904694,294.3186344238976
9,295,CRC,8.0,84.53472222222223,90.1875
9,296,CRC,8.46551724137931,92.05747126436782,80.9080459770115
9,297,WT,8.0,101.7764705882353,304.6235294117647
9,298,WT,12.322282608695652,122.6483695652174,350.4972826086956
9,299,CRC,8.99672131147541,137.14426229508197,54.4
9,300,CRC,8.948247078464107,155.53422370617696,49.08180300500835
9,301,CRC,8.0,172.73376623376623,52.46753246753247
9,302,CRC,9.085470085470083,187.68589743589743,358.52777777777777
9,303,CRC,8.41139240506329,196.08227848101265,53.08544303797469
9,304,CRC,8.3860103626943,202.71761658031087,355.75906735751295
9,305,CRC,8.396593673965937,213.749391727494,71.29440389294403
9,306,CRC,8.73469387755102,224.75510204081635,62.92346938775511
9,307,CRC,8.510460251046025,234.0460251046025,349.8284518828452
9,308,WT,8.658181818181818,242.83636363636364,65.57454545454546
9,309,WT,8.0,248.75903614457832,88.144578313253
9,310,CRC,8.63611859838275,257.1509433962264,73.66037735849056
9,311,CRC,8.0,265.02941176470586,84.04411764705883
9,312,CRC,8.595918367346938,266.81632653061223,337.65714285714284
9,313,CRC,8.359133126934985,272.8730650154799,92.3405572755418
9,314,CRC,8.0,287.203125,105.54296875
9,315,CRC,10.269989615784008,331.1048805815161,265.4797507788162
9,316,CRC,8.0,321.948717948718,240.66666666666663
9,317,CRC,8.553435114503817,328.37404580152673,246.13740458015263
9,318,CRC,8.63803680981595,326.97546012269936,171.87116564417178
9,319,CRC,9.002610966057441,328.3472584856397,231.85117493472583
9,320,CRC,8.454887218045112,328.99624060150376,204.7781954887218
9,321,CRC,8.658703071672354,331.641638225256,188.259385665529
9,322,WT,10.686746987951809,27.99866131191433,199.08835341365463
9,323,WT,9.486153846153844,37.45846153846154,233.8984615384616
9,324,CRC,14.260295670538545,44.25290390707497,110.350580781415
9,325,WT,11.5813704496788,44.46038543897216,281.1381156316917
9,326,CRC,9.0,57.1125,132.2
9,327,WT,10.412153236459709,78.11360634081902,313.2166446499339
9,328,WT,9.0,104.32824427480917,326.85496183206106
9,329,CRC,9.403973509933774,109.40397350993378,64.91059602649007
9,330,WT,9.566844919786096,110.42245989304811,333.16577540106954
9,331,CRC,12.615327929255711,173.19896831245393,366.12011790714814
9,332,CRC,9.0,177.3644859813084,48.36448598130841
9,333,CRC,10.03650586701434,214.48370273794004,45.688396349413296
9,334,CRC,10.72,212.444,362.74266666666665
9,335,CRC,9.0,224.3018867924528,53.59433962264151
9,336,CRC,10.62670713201821,252.051593323217,352.85735963581186
9,337,CRC,9.0,289.440329218107,92.89711934156378
9,338,CRC,12.38138138138138,301.44044044044045,320.9089089089089
9,339,CRC,14.82424916573971,315.20578420467183,304.52280311457173
9,340,CRC,9.590443686006823,312.24232081911265,107.88737201365188
9,341,CRC,14.93029490616622,332.21332822673304,280.1451551129836
9,342,CRC,9.830148619957535,330.52866242038215,143.25053078556263
9,343,WT,11.036303630363037,28.09240924092409,183.3399339933993
9,344,WT,13.828102710413695,25.3188302425107,243.65763195435093
9,345,WT,10.0,36.675438596491226,167.09649122807016
9,346,CRC,10.0,57.13235294117647,105.08823529411764
9,347,WT,10.0,55.458333333333336,251.775
9,348,WT,11.02,56.932,293.62
9,349,WT,10.0,68.01587301587301,263.8253968253968
9,350,CRC,15.472983555207518,65.67306186374314,77.33241973375098
9,351,CRC,11.732323232323232,85.8510101010101,66.12373737373737
9,352,WT,10.0,90.66666666666669,327.9743589743589
9,353,CRC,11.60431654676259,102.99040767386091,54.29016786570743
9,354,WT,10.0,120.7720588235294,343.22058823529414
9,355,CRC,10.603174603174605,124.36825396825397,47.62539682539683
9,356,WT,13.831046931407942,140.94729241877258,361.3696750902527
9,357,CRC,15.067992599444958,168.64801110083258,23.429694727104533
9,358,CRC,15.466270912034538,221.92984349703184,364.9919050188883
9,359,WT,10.585034013605442,257.7857142857143,60.68537414965986
9,360,CRC,14.507271669575337,269.564863292612,348.5299592786504
9,361,CRC,11.49056603773585,282.4188679245283,70.56226415094339
9,362,CRC,10.0,296.51376146788994,94.77064220183486
9,363,CRC,10.869198312236287,342.2489451476793,210.11603375527423
9,364,CRC,11.36261980830671,341.25718849840257,245.69329073482427
9,365,CRC,10.356435643564357,340.1485148514852,194.0
9,366,CRC,10.414473684210526,339.20394736842104,177.67763157894737
9,367,CRC,10.794943820224718,341.5870786516854,225.82865168539325
9,368,WT,14.660994764397904,24.019633507853403,175.41950261780104
9,369,WT,14.079328756674297,30.82608695652174,148.24713958810068
9,370,CRC,15.606060606060606,35.21984551396316,129.4367201426025
9,371,WT,11.42578125,66.21484375,304.79296875
9,372,WT,11.0,63.9,281.26666666666665
9,373,WT,12.12,85.1225,327.96
9,374,WT,11.0,97.67123287671232,330.52054794520546
9,375,WT,14.153698979591836,99.66326530612244,344.0325255102041
9,376,CRC,15.89182833627278,137.3127572016461,28.785420340975897
9,377,WT,12.887417218543046,160.51655629139074,365.9867549668874
9,378,CRC,11.473076923076922,166.09230769230768,31.45769230769231
9,379,WT,15.776315789473683,199.5967105263158,368.8618421052632
9,380,CRC,11.408560311284049,217.3112840466926,36.32684824902724
9,381,CRC,12.181988742964352,235.93245778611632,36.39962476547842
9,382,WT,11.417989417989418,249.7301587301588,52.767195767195766
9,383,CRC,15.5494433529797,299.35821872953505,325.54354944335296
9,384,CRC,13.347407407407408,313.22222222222223,79.62222222222222
9,385,CRC,11.0,322.64473684210526,108.94736842105264
9,386,CRC,11.0,333.4117647058824,122.60130718954248
9,387,CRC,11.0,334.4166666666667,292.4166666666667
9,388,CRC,11.0,340.63709677419354,153.3709677419355
9,389,CRC,11.0,344.75,166.85185185185185
9,390,CRC,11.859060402684564,350.3724832214765,192.3489932885906
9,391,WT,15.339580209895052,19.772863568215893,201.55547226386807
9,392,WT,16.42315644383184,21.61061337008959,224.83252929014472
9,393,WT,12.496,37.044,270.824
9,394,WT,16.099949773982924,53.93018583626319,307.9126067302863
9,395,CRC,12.0,113.73282442748092,48.18320610687023
9,396,WT,12.0,204.31578947368425,368.75
9,397,CRC,12.517241379310343,210.271551724138,28.594827586206897
9,398,WT,15.876274643099933,242.10537049626103,360.8803535010197
9,399,CRC,12.52836879432624,259.2517730496454,49.02482269503546
9,400,CRC,12.854415274463006,322.0859188544153,297.61336515513125
9,401,CRC,12.527621195039458,340.21533258173616,127.17249154453214
9,402,WT,16.903614457831324,31.102147721320065,268.5495023572551
9,403,CRC,13.0,46.98675496688742,100.64238410596026
9,404,WT,13.0,68.65686274509804,317.55555555555554
9,405,WT,13.495327102803738,111.41588785046729,350.9018691588785
9,406,CRC,13.0,115.67479674796748,40.42276422764228
9,407,CRC,13.44672131147541,152.34426229508196,26.520491803278688
9,408,CRC,18.105871474803514,284.53166897827094,47.790106333795656
9,409,CRC,13.910969793322735,340.9538950715421,111.7106518282989
9,410,CRC,13.0,334.1333333333333,118.81333333333332
9,411,CRC,13.62704918032787,347.28688524590166,239.40573770491804
9,412,CRC,15.384010484927916,357.34207077326346,216.93709043250328
9,413,CRC,14.039426523297491,355.3082437275985,161.83512544802866
9,414,CRC,14.381282495667245,357.7833622183709,199.2218370883882
9,415,CRC,14.085828343313374,358.41117764471056,176.2874251497006
9,416,WT,16.09919261822376,26.802768166089965,157.7531718569781
9,417,CRC,14.43161094224924,52.55015197568389,92.53799392097264
9,418,WT,15.545454545454543,66.73181818181818,326.1530303030303
9,419,WT,15.587863463969658,80.43109987357775,335.9747155499368
9,420,CRC,16.141765704584042,89.75636672325976,50.8446519524618
9,421,WT,14.0,146.08653846153845,365.2307692307692
9,422,CRC,17.061946902654867,214.3322606596943,17.704746580852774
9,423,CRC,15.416822429906542,232.4130841121496,23.2
9,424,CRC,15.998944033790918,261.21224920802536,35.80675818373812
9,425,CRC,16.905555555555555,358.0988888888889,141.61777777777775
9,426,WT,16.03347280334728,23.92468619246862,187.092050209205
9,427,WT,15.53125,32.59375,274.19097222222223
9,428,WT,15.904214559386974,39.12643678160919,286.30651340996167
9,429,CRC,15.0,60.236559139784944,82.21505376344086
9,430,CRC,17.753326509723642,104.66223132036848,39.74309109518936
9,431,CRC,16.074270557029177,124.315649867374,31.02917771883289
9,432,WT,15.57462686567164,189.41044776119404,371.71268656716416
9,433,WT,18.04642166344294,264.5203094777563,333.8994197292069
9,434,CRC,15.0,275.2741935483871,350.5
9,435,CRC,15.925,307.8875,63.22083333333333
9,436,CRC,18.557397959183675,347.3099489795918,107.03635204081633
9,437,CRC,15.80106100795756,347.0610079575597,255.14058355437663
9,438,CRC,18.17120954003407,360.54770017035776,228.70102214650765
9,439,CRC,18.25832223701731,178.3515312916112,16.768308921438084
9,440,WT,17.432142857142857,276.7607142857143,327.8392857142857
9,441,CRC,16.965014577259474,289.5131195335277,337.463556851312
9,442,CRC,19.09969788519637,367.0468277945619,174.54229607250755
9,443,WT,17.0,129.54430379746836,359.4113924050633
9,444,CRC,17.0,300.4453781512605,55.49579831932773
9,445,CRC,19.671917808219177,326.6609589041096,74.55890410958904
9,446,CRC,17.455357142857142,355.75892857142856,125.47321428571428
9,447,CRC,17.0,354.9642857142857,246.67857142857144
9,448,WT,19.55786350148368,176.58160237388725,367.4985163204748
9,449,CRC,19.15300546448088,200.08743169398903,14.871584699453551
9,450,WT,18.96418732782369,256.3856749311295,355.60330578512395
9,451,WT,18.0,261.06756756756755,350.6891891891892
9,452,WT,18.0,300.34,325.23
9,453,CRC,18.0,367.8705882352941,195.92352941176472
9,454,WT,21.226012793176974,49.70575692963752,209.1449893390192
9,455,WT,19.89946524064171,83.33155080213903,335.4770053475936
9,456,CRC,19.0,75.375,59.66666666666666
9,457,WT,19.30790190735695,108.03269754768392,352.1825613079019
9,458,WT,20.718194254445965,129.68809849521205,357.6990424076607
9,459,WT,19.9289026275116,148.6244204018547,363.90417310664606
9,460,WT,19.0,164.0983606557377,367.4918032786885
9,461,WT,19.0,189.1518987341772,369.0886075949367
9,462,WT,19.0,228.14851485148515,364.1287128712871
9,463,CRC,20.17864923747277,255.14161220043573,29.5119825708061
9,464,WT,19.69169960474308,293.0830039525692,302.8853754940711
9,465,WT,20.244,308.396,286.748
9,466,CRC,19.58695652173913,351.0496894409938,253.9751552795031
9,467,WT,20.98847926267281,74.7741935483871,328.17972350230417
9,468,WT,20.96867469879518,104.41686746987952,346.9349397590361
9,469,WT,20.493150684931507,247.13698630136983,332.4657534246575
9,470,CRC,20.337662337662337,357.40909090909093,242.0
9,471,WT,21.360544217687075,29.387755102040817,191.81632653061223
9,472,WT,21.227678571428573,58.738839285714285,308.85044642857144
9,473,WT,21.0,49.43617021276596,225.96808510638297
9,474,WT,21.0,116.23255813953487,349.74418604651163
9,475,WT,21.79054054054054,147.8277027027027,338.0135135135135
9,476,WT,21.0,172.52941176470588,339.9495798319328
9,477,WT,21.32994923857868,182.94416243654825,365.8781725888325
9,478,WT,21.0,319.2,275.56666666666666
9,479,CRC,21.0,323.8863636363636,261.15909090909093
9,480,WT,21.0,329.79545454545456,281.3181818181818
9,481,CRC,21.0,335.63392857142856,84.02678571428571
9,482,WT,22.0,74.34883720930233,300.8139534883721
9,483,CRC,22.0,78.69767441860465,98.02325581395348
9,484,WT,22.0,154.40425531914894,361.6595744680851
9,485,CRC,22.51923076923077,169.39423076923077,37.29807692307692
9,486,WT,22.0,198.53061224489795,339.51020408163265
9,487,CRC,22.91203703703704,251.4212962962963,43.92592592592592
9,488,CRC,22.0,300.8550724637681,52.492753623188406
9,489,WT,23.35,54.81363636363636,182.48636363636365
9,490,WT,23.0,50.5945945945946,192.36486486486487
9,491,WT,23.0,57.40579710144928,165.1304347826087
9,492,WT,23.0,58.01176470588236,235.23529411764707
9,493,WT,23.39903846153846,66.78846153846153,253.44230769230768
9,494,WT,23.0,73.66666666666667,330.9166666666667
9,495,CRC,23.612377850162865,188.2671009771987,37.071661237785015
9,496,WT,24.760416666666668,66.98697916666667,209.3411458333333
9,497,WT,24.92911392405064,70.37721518987341,225.30632911392405
9,498,WT,24.0,73.89090909090909,132.73636363636365
9,499,WT,24.0,83.47126436781609,288.35632183908046
9,500,WT,25.565400843881857,106.68987341772151,288.6856540084388
9,501,WT,24.98636363636364,110.65,315.3
9,502,CRC,24.566137566137566,128.39153439153438,54.56349206349206
9,503,WT,24.96951219512195,128.0,317.8871951219512
9,504,CRC,24.0,151.20408163265307,43.93877551020408
9,505,WT,24.38216560509554,246.9044585987261,317.61783439490443
9,506,CRC,24.96893203883495,309.43300970873787,263.252427184466
9,507,CRC,24.82422802850356,317.82185273159143,92.20665083135393
9,508,CRC,24.0,316.972602739726,257.45205479452056
9,509,CRC,25.259154929577463,88.03380281690141,105.94084507042254
9,510,WT,25.0,98.95569620253164,303.5949367088608
9,511,WT,25.0,147.93406593406593,322.7142857142857
9,512,CRC,25.0,180.2630410654828,44.27857935627081
9,513,WT,25.48768472906404,184.34975369458127,322.90147783251234
9,514,WT,25.0,225.64417177914112,314.03067484662574
9,515,CRC,25.0,245.6533333333333,45.04
9,516,WT,25.293650793650794,256.63227513227514,300.06349206349205
9,517,WT,25.858085808580856,270.2112211221122,289.0990099009901
9,518,WT,25.0,290.1446808510638,274.5872340425532
9,519,CRC,25.57407407407408,293.6666666666667,73.75
9,520,CRC,25.0,337.26011560693644,117.8670520231214
9,521,WT,26.0,65.075,179.175
9,522,WT,26.0,73.45454545454545,196.07792207792207
9,523,WT,26.0,79.5,261.80645161290323
9,524,WT,26.48235294117647,85.00588235294117,231.2058823529412
9,525,WT,26.0,85.34482758620689,269.8965517241379
9,526,CRC,26.0,90.08783783783784,115.94594594594597
9,527,WT,26.38571428571429,99.3,263.97857142857146
9,528,WT,26.31073446327684,114.9322033898305,298.91525423728814
9,529,WT,27.06032482598608,129.31322505800463,288.5011600928074
9,530,WT,26.47641509433962,132.8254716981132,300.1745283018868
9,531,WT,26.41588785046729,152.30841121495328,310.0747663551402
9,532,WT,26.0,163.44827586206895,320.57471264367814
9,533,WT,26.40217391304348,174.75,307.7445652173913
9,534,WT,27.521514629948364,197.83132530120483,307.5903614457831
9,535,CRC,27.42754367934224,209.48098663926,48.12332990750257
9,536,WT,27.27672955974843,220.38993710691824,297.5660377358491
9,537,WT,26.507109004739338,242.8009478672986,300.4218009478673
9,538,CRC,27.81702668360864,282.4675984752224,264.712833545108
9,539,WT,26.522842639593907,294.7106598984772,265.6802030456853
9,540,WT,26.0,302.96666666666664,267.3833333333333
9,541,CRC,26.0,306.9375,247.4583333333333
9,542,CRC,26.0,309.5223880597015,89.80597014925372
9,543,CRC,26.660098522167488,310.86206896551727,242.3743842364532
9,544,CRC,26.514469453376204,326.60450160771705,113.08360128617365
9,545,CRC,27.67972742759796,333.1839863713799,139.04940374787054
9,546,CRC,26.0,335.74242424242425,221.439393939394
9,547,CRC,26.630769230769232,338.5923076923077,205.1076923076923
9,548,CRC,26.0,340.3867924528302,128.58490566037736
9,549,CRC,26.87764705882353,343.8705882352941,181.07294117647052
9,550,CRC,26.0,349.26666666666665,144.76666666666668
9,551,WT,27.0,78.76219512195122,146.9390243902439
9,552,CRC,27.831460674157302,100.561797752809,123.35393258426966
9,553,WT,27.57843137254902,97.58823529411764,222.2892156862745
9,554,CRC,27.23505154639175,105.3979381443299,93.81855670103091
9,555,CRC,28.00761904761905,101.90285714285714,139.0209523809524
9,556,WT,27.0,100.1049723756906,243.6795580110497
9,557,CRC,27.864314789687924,101.57259158751695,161.56716417910448
9,558,WT,27.0,108.48958333333331,259.9166666666667
9,559,WT,27.0,111.74,244.86
9,560,CRC,27.547344110854503,124.56120092378752,72.9445727482679
9,561,WT,28.02994011976048,125.30938123752496,268.35928143712573
9,562,CRC,27.65785813630042,154.7357440890125,63.85257301808067
9,563,WT,27.0,151.43333333333334,290.93333333333334
9,564,WT,27.550898203592816,161.04191616766468,298.562874251497
9,565,WT,27.0,167.78823529411764,299.2823529411765
9,566,CRC,27.30555555555556,178.3510101010101,56.16161616161616
9,567,WT,28.27038626609442,180.3648068669528,298.83261802575106
9,568,WT,28.567272727272726,199.2672727272728,290.2090909090909
9,569,WT,27.0,211.9821428571429,312.7142857142857
9,570,WT,27.0,226.8823529411765,310.4313725490196
9,571,WT,27.57070707070707,245.489898989899,282.59090909090907
9,572,CRC,27.72303921568628,258.9362745098039,63.78676470588236
9,573,WT,27.55555555555556,264.9375,272.125
9,574,CRC,27.851089588377725,291.9624697336562,88.24334140435835
9,575,CRC,28.093333333333334,297.2613333333333,248.03466666666668
9,576,CRC,27.0,303.24418604651163,92.88372093023256
9,577,CRC,27.54732510288066,315.4938271604938,105.77777777777776
9,578,CRC,27.0,328.1372549019608,198.7058823529412
9,579,CRC,28.604407135362013,330.7093389296957,163.9569779643232
9,580,CRC,27.0,340.41509433962267,244.3207547169812
9,581,WT,28.0,117.66336633663366,244.3366336633664
9,582,CRC,28.718562874251496,124.50299401197604,91.11377245508982
9,583,CRC,28.59183673469388,132.96428571428572,74.95918367346938
9,584,CRC,29.035911602209943,147.08011049723757,79.17403314917127
9,585,WT,28.88967971530249,162.40925266903915,276.66903914590745
9,586,WT,29.904545454545456,164.63181818181818,264.5924242424242
9,587,WT,28.54310344827586,169.48706896551724,286.0215517241379
9,588,CRC,28.81298701298701,183.83896103896103,71.95844155844156
9,589,WT,29.274531422271224,189.78941565600883,274.851157662624
9,590,CRC,28.0,232.9583333333333,49.66666666666666
9,591,WT,28.67796610169492,237.59110169491527,280.9258474576271
9,592,CRC,29.61382113821138,258.1639566395664,260.18428184281845
9,593,CRC,29.088452088452087,263.8968058968059,80.88452088452088
9,594,CRC,29.279467680608366,323.49619771863115,196.72243346007605
9,595,CRC,29.0,100.33103448275862,151.2344827586207
9,596,CRC,29.360714285714284,111.25714285714284,158.39285714285714
9,597,WT,29.410569105691057,121.58536585365852,219.0853658536585
9,598,CRC,30.367875647668395,123.04145077720209,168.7720207253886
9,599,CRC,29.0,124.6987951807229,109.53012048192772
9,600,CRC,30.105849582172706,130.92200557103064,126.38718662952648
9,601,CRC,30.05743243243243,132.05067567567568,102.7804054054054
9,602,WT,29.0,137.912,261.584
9,603,WT,29.977667493796528,139.99503722084367,225.21588089330024
9,604,WT,29.40776699029126,148.5097087378641,275.9126213592233
9,605,CRC,29.94214876033058,149.48347107438016,91.8099173553719
9,606,CRC,29.0,153.51063829787233,66.52127659574468
9,607,WT,29.0,152.05263157894737,289.10526315789474
9,608,WT,29.673529411764704,157.9764705882353,246.4705882352941
9,609,CRC,29.0,168.02727272727273,101.36363636363636
9,610,CRC,29.94976076555024,173.73923444976077,84.26076555023923
9,611,CRC,29.0,175.8,59.85
9,612,CRC,29.76868327402136,194.932384341637,70.83985765124555
9,613,WT,30.49144811858609,199.6202964652224,255.2200684150513
9,614,CRC,30.171348314606742,212.2134831460674,73.5505617977528
9,615,WT,29.452459016393444,216.4950819672131,278.0655737704918
9,616,CRC,30.1421143847487,273.1421143847487,102.22357019064124
9,617,CRC,29.0,280.2454545454545,81.60909090909091
9,618,CRC,29.0,302.2250803858521,112.5112540192926
9,619,CRC,29.547826086956523,301.0913043478261,228.0478260869565
9,620,CRC,30.055690072639223,301.2154963680387,130.52058111380146
9,621,CRC,29.0,310.283870967742,235.6322580645161
9,622,CRC,29.24890829694323,317.09606986899564,135.87772925764193
9,623,WT,30.0,109.25510204081633,183.3061224489796
9,624,WT,30.0,112.4609375,205.3671875
9,625,WT,30.3828125,121.30859375,185.19140625
9,626,WT,30.68092105263158,127.10197368421052,201.17434210526315
9,627,WT,30.0,127.4245283018868,231.24528301886792
9,628,WT,30.0,126.63636363636364,269.1212121212121
9,629,CRC,30.8364312267658,134.31226765799258,141.92936802973978
9,630,WT,30.0,137.018018018018,245.67567567567568
9,631,WT,32.06659012629162,149.00918484500573,200.8978185993112
9,632,WT,31.57172131147541,159.702868852459,222.87704918032787
9,633,WT,30.477707006369428,182.39490445859872,271.0350318471338
9,634,CRC,30.0,202.5633802816901,79.14084507042253
9,635,WT,30.85059760956176,215.16733067729083,260.6812749003984
9,636,WT,31.60062893081761,231.35377358490567,103.18081761006287
9,637,CRC,30.80263157894737,251.52631578947367,90.4157894736842
9,638,CRC,30.618834080717487,277.05829596412553,251.66367713004485
9,639,CRC,30.4921875,285.6171875,241.0859375
9,640,CRC,30.47703180212014,306.53710247349824,152.41342756183747
9,641,WT,31.0,131.0935251798561,186.22302158273385
9,642,WT,31.0,128.16666666666666,230.3333333333333
9,643,CRC,31.51923076923077,138.52692307692308,155.29615384615386
9,644,WT,31.3963963963964,137.63063063063063,218.42342342342343
9,645,CRC,31.0,140.4659090909091,110.97727272727272
9,646,WT,32.24645390070922,146.395390070922,178.7659574468085
9,647,CRC,31.0,145.0082644628099,123.55371900826448
9,648,CRC,32.43879907621247,156.21939953810625,155.729792147806
9,649,CRC,31.0,156.7596153846154,113.95192307692308
9,650,CRC,31.47651006711409,172.48769574944072,106.97315436241612
9,651,WT,32.89154411764706,168.89889705882354,202.67830882352945
9,652,WT,31.791666666666668,179.2058823529412,240.5049019607843
9,653,WT,31.0,180.91666666666663,218.16666666666663
9,654,CRC,31.357366771159874,188.32915360501568,91.5485893416928
9,655,CRC,31.85542168674699,208.5043029259897,90.54044750430292
9,656,WT,31.37888198757764,219.1552795031056,252.55900621118013
9,657,CRC,31.569444444444443,224.16666666666663,89.22222222222223
9,658,CRC,32.217592592592595,232.5601851851852,241.9583333333333
9,659,CRC,31.0,257.88392857142856,243.41071428571428
9,660,CRC,31.54635761589404,274.9933774834437,125.2185430463576
9,661,CRC,31.0,275.79761904761904,234.32142857142856
9,662,CRC,31.731012658227847,281.2721518987342,140.40189873417722
9,663,CRC,31.0,284.7171717171717,223.91919191919192
9,664,CRC,31.493617021276595,289.4297872340426,157.59574468085106
9,665,CRC,31.0,294.87692307692305,221.6692307692308
9,666,CRC,31.0,294.65060240963857,202.74698795180723
9,667,CRC,31.0,306.82089552238807,178.70149253731344
9,668,CRC,31.0,309.13698630136986,206.57534246575344
9,669,CRC,32.0,152.2173913043478,139.4927536231884
9,670,WT,32.0,161.3394495412844,247.42201834862385
9,671,CRC,32.99777282850779,163.20489977728286,182.6391982182628
9,672,WT,32.52511415525114,164.15068493150685,142.11872146118722
9,673,WT,33.12149532710281,177.57943925233644,138.0
9,674,WT,33.02469135802469,180.05246913580248,218.00925925925927
9,675,WT,32.54054054054054,188.32432432432432,232.8054054054054
9,676,WT,32.96009975062344,190.5561097256858,123.23690773067332
9,677,WT,33.21787709497207,191.5949720670391,147.91899441340783
9,678,WT,33.11538461538461,196.76098901098905,221.8736263736264
9,679,CRC,33.04783599088838,201.8382687927107,102.6879271070615
9,680,CRC,32.0,215.1025641025641,238.6153846153846
9,681,WT,33.11538461538461,220.04102564102564,113.84358974358976
9,682,CRC,32.43272727272727,242.7927272727273,101.50909090909092
9,683,CRC,32.48661800486618,248.3114355231144,118.98053527980537
9,684,CRC,32.50295857988166,248.34319526627212,236.44378698224853
9,685,CRC,33.27429805615551,259.3304535637149,151.07991360691145
9,686,CRC,32.0,264.9848484848485,111.72727272727272
9,687,CRC,33.588235294117645,176.0966386554622,169.52941176470588
9,688,WT,33.51794871794872,173.97948717948717,157.7128205128205
9,689,WT,33.51149425287356,183.3333333333333,161.29310344827587
9,690,WT,33.52647058823529,188.9470588235294,182.38823529411764
9,691,WT,33.5578231292517,182.9795918367347,197.4387755102041
9,692,WT,33.47191011235955,196.89044943820224,207.623595505618
9,693,WT,33.59074733096085,201.5693950177936,175.7900355871886
9,694,WT,33.62301587301587,200.61111111111111,158.77380952380952
9,695,WT,33.4874213836478,201.4308176100629,123.56918238993713
9,696,WT,33.62761506276151,208.9163179916318,200.1548117154812
9,697,CRC,33.61442006269593,210.4984326018809,130.10971786833855
9,698,CRC,33.0,214.3884892086331,249.10071942446044
9,699,CRC,33.46641791044776,219.0858208955224,216.7276119402985
9,700,CRC,33.453416149068325,225.6583850931677,176.24223602484471
9,701,CRC,33.60076045627376,225.9467680608365,155.0380228136882
9,702,CRC,33.54261363636363,230.13636363636363,130.9715909090909
9,703,CRC,33.0,234.28846153846155,231.05769230769232
9,704,CRC,33.51851851851852,241.27314814814807,143.78240740740742
9,705,CRC,33.56198347107438,244.80578512396696,175.8181818181818
9,706,CRC,33.60476190476191,246.75714285714287,155.2952380952381
9,707,CRC,34.0,212.23125,143.30625
9,708,WT,34.0,215.67539267015707,168.07853403141362
9,709,CRC,34.0,219.12337662337663,190.3116883116883
9,710,CRC,34.0,232.5691056910569,194.260162601626
